x,y,size,ground,obstacle_height,points
1.448059085236292987e+01,-1.539768804401339821e+02,1.000000000000000000e+00,3.245813628188444877e+00,1.163025590474237259e+00,7.000000000000000000e+00
1.398059085236292987e+01,-1.159768804401339821e+02,5.000000000000000000e-01,7.938443881825492099e-01,2.313662645655182537e+00,1.700000000000000000e+01
1.448059085236292987e+01,-1.159768804401339821e+02,5.000000000000000000e-01,8.612036054407450347e-01,2.011290909508425706e+00,8.000000000000000000e+00
1.548059085236292987e+01,-1.539768804401339821e+02,1.000000000000000000e+00,3.234901703597651945e+00,1.124053200044754952e+00,1.200000000000000000e+01
1.648059085236292987e+01,-1.539768804401339821e+02,1.000000000000000000e+00,3.162295008130548979e+00,1.082159768350688722e+00,9.000000000000000000e+00
1.748059085236292987e+01,-1.539768804401339821e+02,1.000000000000000000e+00,3.220320307593954823e+00,1.358010440144907349e+00,1.300000000000000000e+01
1.898059085236292987e+01,-1.544768804401339821e+02,5.000000000000000000e-01,1.461579937474427604e+00,3.498033182675426289e+00,9.000000000000000000e+00
1.898059085236292987e+01,-1.539768804401339821e+02,5.000000000000000000e-01,9.345259126018926610e-01,3.528185798422396324e+00,1.400000000000000000e+01
1.748059085236292987e+01,-1.529768804401339821e+02,2.000000000000000000e+00,5.424176224513919564e+00,6.157268277684861957e-01,1.200000000000000000e+01
1.848059085236292987e+01,-1.509768804401339821e+02,1.000000000000000000e+00,5.324292856110579564e+00,5.199578347746225404e-01,6.000000000000000000e+00
1.848059085236292987e+01,-1.499768804401339821e+02,1.000000000000000000e+00,5.388276514215329271e+00,7.324368676636954234e-01,9.000000000000000000e+00
1.848059085236292987e+01,-1.489768804401339821e+02,1.000000000000000000e+00,5.341582848053202603e+00,7.698323747885433832e-01,1.300000000000000000e+01
1.848059085236292987e+01,-1.479768804401339821e+02,1.000000000000000000e+00,5.412234540361116508e+00,6.495810444090004410e-01,1.000000000000000000e+01
1.848059085236292987e+01,-1.469768804401339821e+02,1.000000000000000000e+00,5.328515146178253836e+00,7.741302929357223306e-01,1.800000000000000000e+01
1.848059085236292987e+01,-1.459768804401339821e+02,1.000000000000000000e+00,5.313367273442301197e+00,7.220427874562735937e-01,1.300000000000000000e+01
1.848059085236292987e+01,-1.449768804401339821e+02,1.000000000000000000e+00,5.439940609552774475e+00,6.337795445887657309e-01,1.700000000000000000e+01
1.898059085236292987e+01,-1.439768804401339821e+02,5.000000000000000000e-01,5.252224576869414463e+00,7.451653520181320545e-01,6.000000000000000000e+00
1.898059085236292987e+01,-1.434768804401339821e+02,5.000000000000000000e-01,2.935471703776658892e+00,3.132203995171431110e+00,8.000000000000000000e+00
1.898059085236292987e+01,-1.429768804401339821e+02,5.000000000000000000e-01,4.406158066961504360e+00,1.546369395011550019e+00,1.000000000000000000e+01
1.898059085236292987e+01,-1.424768804401339821e+02,5.000000000000000000e-01,5.304336335230314781e+00,5.738974341096101384e-01,5.000000000000000000e+00
1.848059085236292987e+01,-1.419768804401339821e+02,1.000000000000000000e+00,5.481926113277088675e+00,4.682510898415452871e-01,1.200000000000000000e+01
1.748059085236292987e+01,-1.409768804401339821e+02,2.000000000000000000e+00,5.508993852442626071e+00,4.704738826536809526e-01,1.500000000000000000e+01
1.848059085236292987e+01,-1.389768804401339821e+02,1.000000000000000000e+00,5.502878546211107391e+00,5.977867395208251722e-01,1.600000000000000000e+01
1.848059085236292987e+01,-1.379768804401339821e+02,1.000000000000000000e+00,5.552335626169187854e+00,5.744252238800857668e-01,1.400000000000000000e+01
1.848059085236292987e+01,-1.369768804401339821e+02,1.000000000000000000e+00,5.735056941722779911e+00,3.939676870845536527e-01,9.000000000000000000e+00
1.848059085236292987e+01,-1.359768804401339821e+02,1.000000000000000000e+00,5.462031012932936136e+00,6.045732558992114036e-01,1.600000000000000000e+01
1.848059085236292987e+01,-1.159768804401339821e+02,1.000000000000000000e+00,7.034990616678322706e-01,8.722294656907909616e-01,6.000000000000000000e+00
1.948059085236292987e+01,-1.544768804401339821e+02,5.000000000000000000e-01,2.071730607029812710e+00,1.146317469986990467e+00,5.000000000000000000e+00
1.998059085236292987e+01,-1.544768804401339821e+02,5.000000000000000000e-01,1.287520734276335732e+00,1.567964216076636275e+00,1.000000000000000000e+01
2.048059085236292987e+01,-1.544768804401339821e+02,5.000000000000000000e-01,1.475474283589672364e+00,1.801750966844392288e+00,1.300000000000000000e+01
2.048059085236292987e+01,-1.539768804401339821e+02,5.000000000000000000e-01,5.498155865517678764e-01,3.454923036770156664e+00,5.000000000000000000e+00
1.998059085236292987e+01,-1.444768804401339821e+02,5.000000000000000000e-01,8.113069522253213428e-01,4.745637034460163939e-01,6.000000000000000000e+00
1.998059085236292987e+01,-1.439768804401339821e+02,5.000000000000000000e-01,8.720295013039477405e-01,3.674453474746502968e-01,7.000000000000000000e+00
1.998059085236292987e+01,-1.434768804401339821e+02,5.000000000000000000e-01,5.526279053162128641e-01,4.363000325892469888e+00,6.000000000000000000e+00
1.948059085236292987e+01,-1.389768804401339821e+02,2.000000000000000000e+00,5.210506469241773075e+00,1.436672287304787687e-01,6.000000000000000000e+00
1.948059085236292987e+01,-1.359768804401339821e+02,1.000000000000000000e+00,5.223767743301221067e+00,9.270345387308323026e-01,5.000000000000000000e+00
1.948059085236292987e+01,-1.349768804401339821e+02,1.000000000000000000e+00,5.465595679954774688e+00,6.852067820852640878e-01,1.800000000000000000e+01
1.948059085236292987e+01,-1.339768804401339821e+02,1.000000000000000000e+00,5.388484180014923020e+00,7.623183900772145805e-01,1.700000000000000000e+01
1.948059085236292987e+01,-1.329768804401339821e+02,1.000000000000000000e+00,5.485983076669278979e+00,6.637105196847645772e-01,2.300000000000000000e+01
1.948059085236292987e+01,-1.319768804401339821e+02,1.000000000000000000e+00,5.387027762740135728e+00,7.473992721338547085e-01,1.500000000000000000e+01
1.948059085236292987e+01,-1.309768804401339821e+02,1.000000000000000000e+00,5.453057957529608757e+00,6.977443656337936062e-01,1.900000000000000000e+01
1.948059085236292987e+01,-1.299768804401339821e+02,1.000000000000000000e+00,5.422190503589291666e+00,7.286119005561877415e-01,1.500000000000000000e+01
1.948059085236292987e+01,-1.289768804401339821e+02,1.000000000000000000e+00,5.516193318666671175e+00,6.346090602044585083e-01,1.700000000000000000e+01
1.948059085236292987e+01,-1.279768804401339821e+02,1.000000000000000000e+00,5.350379956202163001e+00,7.974647364078295553e-01,1.900000000000000000e+01
1.948059085236292987e+01,-1.269768804401339821e+02,1.000000000000000000e+00,5.370033111649741286e+00,7.774148671813527756e-01,2.200000000000000000e+01
1.948059085236292987e+01,-1.259768804401339821e+02,1.000000000000000000e+00,5.405494883315520305e+00,7.453075011839418451e-01,1.600000000000000000e+01
1.948059085236292987e+01,-1.249768804401339821e+02,1.000000000000000000e+00,5.352245936371041957e+00,7.684803558000066204e-01,1.700000000000000000e+01
1.948059085236292987e+01,-1.239768804401339821e+02,1.000000000000000000e+00,5.328917765262938921e+00,8.022447992210466339e-01,1.700000000000000000e+01
1.948059085236292987e+01,-1.229768804401339821e+02,1.000000000000000000e+00,5.448488914238945213e+00,7.023138349024007354e-01,1.700000000000000000e+01
1.948059085236292987e+01,-1.219768804401339821e+02,1.000000000000000000e+00,5.361763286819273056e+00,7.890394594070784251e-01,1.300000000000000000e+01
1.948059085236292987e+01,-1.209768804401339821e+02,1.000000000000000000e+00,5.429465739083283893e+00,7.213367877317047316e-01,1.600000000000000000e+01
1.948059085236292987e+01,-1.159768804401339821e+02,1.000000000000000000e+00,7.657862100946427608e-01,8.260230546646886163e-01,5.000000000000000000e+00
2.148059085236292987e+01,-1.539768804401339821e+02,5.000000000000000000e-01,4.734681741405477595e-01,3.489225938169070673e+00,6.000000000000000000e+00
2.198059085236292987e+01,-1.539768804401339821e+02,5.000000000000000000e-01,7.953198637030716167e-01,3.054203161709759584e+00,1.000000000000000000e+01
2.248059085236292987e+01,-1.544768804401339821e+02,5.000000000000000000e-01,1.539627767159357008e+00,5.906545457147059253e+00,6.000000000000000000e+00
2.248059085236292987e+01,-1.539768804401339821e+02,5.000000000000000000e-01,1.169864279970434184e+00,2.767459742252235344e+00,1.000000000000000000e+01
2.298059085236292987e+01,-1.539768804401339821e+02,5.000000000000000000e-01,1.360939402644590013e+00,7.738073118232179581e+00,1.400000000000000000e+01
2.148059085236292987e+01,-1.499768804401339821e+02,1.000000000000000000e+00,6.655559952031888216e+00,8.320516361327889854e-01,1.000000000000000000e+01
2.248059085236292987e+01,-1.509768804401339821e+02,1.000000000000000000e+00,7.979460395518986893e+00,7.193757696044551508e-01,9.000000000000000000e+00
2.248059085236292987e+01,-1.499768804401339821e+02,5.000000000000000000e-01,6.459484910314325923e+00,2.517606148175150160e+00,1.000000000000000000e+01
2.248059085236292987e+01,-1.494768804401339821e+02,5.000000000000000000e-01,6.833925754071260350e+00,2.295959973831597445e+00,8.000000000000000000e+00
2.198059085236292987e+01,-1.489768804401339821e+02,5.000000000000000000e-01,6.506345252026402015e+00,2.426497084787180292e+00,5.000000000000000000e+00
2.198059085236292987e+01,-1.484768804401339821e+02,5.000000000000000000e-01,6.748328209392596477e+00,1.950153689761478404e+00,1.000000000000000000e+01
2.248059085236292987e+01,-1.489768804401339821e+02,5.000000000000000000e-01,7.012658669273873713e+00,2.037983679758285760e+00,8.000000000000000000e+00
2.248059085236292987e+01,-1.484768804401339821e+02,5.000000000000000000e-01,7.001641444976129058e+00,1.776754344931341656e+00,1.400000000000000000e+01
2.248059085236292987e+01,-1.479768804401339821e+02,5.000000000000000000e-01,6.578855863872195897e+00,2.482007087759772190e+00,2.100000000000000000e+01
2.248059085236292987e+01,-1.474768804401339821e+02,5.000000000000000000e-01,6.818052125377530359e+00,2.119010329065751819e+00,1.400000000000000000e+01
2.248059085236292987e+01,-1.469768804401339821e+02,5.000000000000000000e-01,6.387747356453106207e+00,2.437687608938926331e+00,1.700000000000000000e+01
2.248059085236292987e+01,-1.464768804401339821e+02,5.000000000000000000e-01,6.682680053959757061e+00,2.345817817458302201e+00,1.200000000000000000e+01
2.248059085236292987e+01,-1.459768804401339821e+02,5.000000000000000000e-01,6.694123176741991088e+00,2.079600174566142101e+00,2.900000000000000000e+01
2.248059085236292987e+01,-1.454768804401339821e+02,5.000000000000000000e-01,6.724625884654938268e+00,2.034077155270749948e+00,2.600000000000000000e+01
2.248059085236292987e+01,-1.449768804401339821e+02,5.000000000000000000e-01,6.585340213506770013e+00,2.594774421838641487e+00,1.500000000000000000e+01
2.248059085236292987e+01,-1.444768804401339821e+02,5.000000000000000000e-01,6.898985882574302231e+00,1.959218976565973769e+00,2.500000000000000000e+01
2.248059085236292987e+01,-1.439768804401339821e+02,5.000000000000000000e-01,6.671807630386505927e+00,2.472343950504529708e+00,1.700000000000000000e+01
2.248059085236292987e+01,-1.434768804401339821e+02,5.000000000000000000e-01,6.638410158599080013e+00,2.472023478487950676e+00,2.700000000000000000e+01
2.148059085236292987e+01,-1.419768804401339821e+02,1.000000000000000000e+00,6.676605632794247569e+00,8.635561999018799284e-01,1.900000000000000000e+01
2.248059085236292987e+01,-1.429768804401339821e+02,5.000000000000000000e-01,6.694562903483135763e+00,2.846936246147316218e+00,2.700000000000000000e+01
2.248059085236292987e+01,-1.424768804401339821e+02,5.000000000000000000e-01,6.554037333983329994e+00,2.965878828904304321e+00,1.900000000000000000e+01
2.248059085236292987e+01,-1.419768804401339821e+02,5.000000000000000000e-01,6.342661157935880922e+00,2.796614958373062620e+00,2.300000000000000000e+01
2.248059085236292987e+01,-1.414768804401339821e+02,5.000000000000000000e-01,7.205830818421496531e+00,1.817076890687182811e+00,9.000000000000000000e+00
2.148059085236292987e+01,-1.409768804401339821e+02,1.000000000000000000e+00,6.709429840538668977e+00,1.064834473418521554e+00,3.000000000000000000e+01
2.198059085236292987e+01,-1.399768804401339821e+02,5.000000000000000000e-01,6.685706277818495913e+00,1.897046610517146625e+00,1.200000000000000000e+01
2.198059085236292987e+01,-1.394768804401339821e+02,5.000000000000000000e-01,6.947873819364522419e+00,1.558043851990676743e+00,1.100000000000000000e+01
2.248059085236292987e+01,-1.409768804401339821e+02,5.000000000000000000e-01,6.384658935873707364e+00,2.663326102363306802e+00,1.100000000000000000e+01
2.248059085236292987e+01,-1.404768804401339821e+02,5.000000000000000000e-01,6.431416857798952336e+00,2.402362808733325750e+00,1.800000000000000000e+01
2.248059085236292987e+01,-1.399768804401339821e+02,5.000000000000000000e-01,6.315565699315409454e+00,2.682315687119852576e+00,1.200000000000000000e+01
2.248059085236292987e+01,-1.394768804401339821e+02,5.000000000000000000e-01,6.388439076454190513e+00,2.646166546469789438e+00,1.400000000000000000e+01
2.198059085236292987e+01,-1.389768804401339821e+02,5.000000000000000000e-01,6.976876544296108484e+00,1.635566214478257230e+00,1.000000000000000000e+01
2.198059085236292987e+01,-1.384768804401339821e+02,5.000000000000000000e-01,6.723876000958835419e+00,1.424758872790304665e+00,1.600000000000000000e+01
2.198059085236292987e+01,-1.379768804401339821e+02,5.000000000000000000e-01,6.934199688388898331e+00,8.325134104914742039e-01,9.000000000000000000e+00
2.198059085236292987e+01,-1.374768804401339821e+02,5.000000000000000000e-01,6.830940656704324709e+00,2.610185833690318091e+00,1.400000000000000000e+01
2.248059085236292987e+01,-1.389768804401339821e+02,5.000000000000000000e-01,7.284107961484608040e+00,1.719957640223782391e+00,9.000000000000000000e+00
2.248059085236292987e+01,-1.384768804401339821e+02,5.000000000000000000e-01,6.236005206588654204e+00,3.021775426614413007e+00,1.400000000000000000e+01
2.248059085236292987e+01,-1.379768804401339821e+02,5.000000000000000000e-01,6.381001260524080010e+00,2.836888905641520964e+00,1.100000000000000000e+01
2.248059085236292987e+01,-1.374768804401339821e+02,5.000000000000000000e-01,6.311301316945281847e+00,3.591106985135513519e+00,1.500000000000000000e+01
2.148059085236292987e+01,-1.369768804401339821e+02,1.000000000000000000e+00,6.636774167045064843e+00,1.107475933146998770e+00,2.700000000000000000e+01
2.148059085236292987e+01,-1.359768804401339821e+02,1.000000000000000000e+00,6.589579673339321708e+00,1.146558776168051352e+00,2.800000000000000000e+01
2.248059085236292987e+01,-1.369768804401339821e+02,5.000000000000000000e-01,6.414043823656461640e+00,2.819972901862955794e+00,1.100000000000000000e+01
2.248059085236292987e+01,-1.364768804401339821e+02,5.000000000000000000e-01,6.237965424785459234e+00,2.981971163556119464e+00,1.100000000000000000e+01
2.248059085236292987e+01,-1.359768804401339821e+02,5.000000000000000000e-01,6.276115606390287205e+00,2.604640278596796144e+00,1.300000000000000000e+01
2.248059085236292987e+01,-1.354768804401339821e+02,5.000000000000000000e-01,6.398055210100709544e+00,2.446574774624691528e+00,1.600000000000000000e+01
2.148059085236292987e+01,-1.349768804401339821e+02,1.000000000000000000e+00,6.631877146437248349e+00,1.125712312293316586e+00,2.800000000000000000e+01
2.148059085236292987e+01,-1.339768804401339821e+02,1.000000000000000000e+00,6.742301741050047426e+00,9.801055793252242410e-01,2.800000000000000000e+01
2.248059085236292987e+01,-1.349768804401339821e+02,5.000000000000000000e-01,6.303940971982118668e+00,2.712276921601739943e+00,1.100000000000000000e+01
2.248059085236292987e+01,-1.344768804401339821e+02,5.000000000000000000e-01,6.251493701148181259e+00,2.560357937186140020e+00,6.000000000000000000e+00
2.248059085236292987e+01,-1.339768804401339821e+02,5.000000000000000000e-01,6.268107347047378042e+00,2.577177508649334925e+00,1.800000000000000000e+01
2.248059085236292987e+01,-1.334768804401339821e+02,5.000000000000000000e-01,6.306070839088967261e+00,2.776353727671763139e+00,9.000000000000000000e+00
2.148059085236292987e+01,-1.329768804401339821e+02,1.000000000000000000e+00,6.666219284912999754e+00,1.103253762921982961e+00,2.800000000000000000e+01
2.198059085236292987e+01,-1.319768804401339821e+02,5.000000000000000000e-01,6.800334970534143153e+00,1.745128321754171097e+00,1.100000000000000000e+01
2.198059085236292987e+01,-1.314768804401339821e+02,5.000000000000000000e-01,6.669743610507794962e+00,1.790156402764686128e+00,1.300000000000000000e+01
2.248059085236292987e+01,-1.329768804401339821e+02,5.000000000000000000e-01,6.895508893965981656e+00,2.237360754653607842e+00,1.300000000000000000e+01
2.248059085236292987e+01,-1.324768804401339821e+02,5.000000000000000000e-01,6.359794120251526905e+00,3.267716261271480960e+00,1.700000000000000000e+01
2.248059085236292987e+01,-1.319768804401339821e+02,5.000000000000000000e-01,6.183689296535372470e+00,2.958180454132944170e+00,1.600000000000000000e+01
2.248059085236292987e+01,-1.314768804401339821e+02,5.000000000000000000e-01,6.491363776497316884e+00,2.462394303068498935e+00,1.600000000000000000e+01
2.198059085236292987e+01,-1.309768804401339821e+02,5.000000000000000000e-01,6.698209069924752512e+00,1.547135230546267337e+00,1.600000000000000000e+01
2.198059085236292987e+01,-1.304768804401339821e+02,5.000000000000000000e-01,6.691195280993523120e+00,1.539249004293838929e+00,1.500000000000000000e+01
2.148059085236292987e+01,-1.299768804401339821e+02,1.000000000000000000e+00,6.588501710909344666e+00,1.140704624941281331e+00,2.400000000000000000e+01
2.248059085236292987e+01,-1.309768804401339821e+02,5.000000000000000000e-01,6.224428721497043959e+00,3.006463604181845106e+00,1.500000000000000000e+01
2.248059085236292987e+01,-1.304768804401339821e+02,5.000000000000000000e-01,6.340738352486934737e+00,2.545810933681225130e+00,1.200000000000000000e+01
2.248059085236292987e+01,-1.299768804401339821e+02,5.000000000000000000e-01,6.439997270285521935e+00,2.615443942044429093e+00,1.600000000000000000e+01
2.248059085236292987e+01,-1.294768804401339821e+02,5.000000000000000000e-01,6.288615834108301605e+00,2.688714708505751894e+00,1.200000000000000000e+01
2.148059085236292987e+01,-1.289768804401339821e+02,1.000000000000000000e+00,6.822193150028123654e+00,9.272700782091618521e-01,2.300000000000000000e+01
2.248059085236292987e+01,-1.289768804401339821e+02,5.000000000000000000e-01,6.293600820776852345e+00,2.369768660293692264e+00,1.400000000000000000e+01
2.248059085236292987e+01,-1.284768804401339821e+02,5.000000000000000000e-01,7.002058637585573564e+00,2.136196958068849128e+00,1.800000000000000000e+01
2.248059085236292987e+01,-1.279768804401339821e+02,5.000000000000000000e-01,6.605874909981619858e+00,3.027638788829983163e+00,2.200000000000000000e+01
2.248059085236292987e+01,-1.274768804401339821e+02,5.000000000000000000e-01,6.452203195331636110e+00,3.039937469607600917e+00,3.400000000000000000e+01
2.198059085236292987e+01,-1.259768804401339821e+02,5.000000000000000000e-01,8.741441230747756919e+00,1.310027910511347926e+00,9.000000000000000000e+00
2.248059085236292987e+01,-1.269768804401339821e+02,5.000000000000000000e-01,6.681787922418015668e+00,2.558573787178191949e+00,2.200000000000000000e+01
2.248059085236292987e+01,-1.264768804401339821e+02,5.000000000000000000e-01,6.609661790174151896e+00,1.974322337408961126e+00,1.900000000000000000e+01
2.248059085236292987e+01,-1.259768804401339821e+02,5.000000000000000000e-01,6.472702392319334308e+00,2.391261781500293893e+00,2.600000000000000000e+01
2.248059085236292987e+01,-1.254768804401339821e+02,5.000000000000000000e-01,6.395267833263495127e+00,2.720279307332694962e+00,2.500000000000000000e+01
2.248059085236292987e+01,-1.249768804401339821e+02,5.000000000000000000e-01,6.741427223217213438e+00,2.044514660712538401e+00,1.500000000000000000e+01
2.248059085236292987e+01,-1.244768804401339821e+02,5.000000000000000000e-01,6.648132044448018085e+00,2.420692032153598738e+00,3.200000000000000000e+01
2.248059085236292987e+01,-1.239768804401339821e+02,5.000000000000000000e-01,6.537675094859225489e+00,2.356517408230678789e+00,2.200000000000000000e+01
2.248059085236292987e+01,-1.234768804401339821e+02,5.000000000000000000e-01,6.655109975729701866e+00,2.181248324212650580e+00,2.300000000000000000e+01
2.148059085236292987e+01,-1.219768804401339821e+02,1.000000000000000000e+00,6.617685941277562378e+00,5.758955489215873413e-01,8.000000000000000000e+00
2.248059085236292987e+01,-1.229768804401339821e+02,5.000000000000000000e-01,6.789477253049297722e+00,2.628788808843510516e+00,2.400000000000000000e+01
2.248059085236292987e+01,-1.224768804401339821e+02,5.000000000000000000e-01,7.190780138853591907e+00,2.373447620918703649e+00,2.000000000000000000e+01
2.248059085236292987e+01,-1.219768804401339821e+02,5.000000000000000000e-01,6.391211763883389629e+00,2.870530960690198974e+00,7.000000000000000000e+00
2.248059085236292987e+01,-1.179768804401339821e+02,1.000000000000000000e+00,8.794290828786859748e+00,7.845166283031268506e-01,6.000000000000000000e+00
2.248059085236292987e+01,-1.169768804401339821e+02,1.000000000000000000e+00,8.348595235236683010e+00,8.839647698657611130e-01,1.700000000000000000e+01
2.248059085236292987e+01,-1.159768804401339821e+02,1.000000000000000000e+00,8.233665048554295041e+00,1.265648173225166317e+00,7.000000000000000000e+00
2.348059085236292987e+01,-1.544768804401339821e+02,5.000000000000000000e-01,2.265862266719732787e+00,7.137304400621065525e+00,1.600000000000000000e+01
2.398059085236292987e+01,-1.544768804401339821e+02,5.000000000000000000e-01,2.263643481700766458e+00,7.324471156877844891e+00,1.700000000000000000e+01
2.348059085236292987e+01,-1.539768804401339821e+02,5.000000000000000000e-01,1.077098623839596536e+00,8.765584724788114457e+00,2.000000000000000000e+01
2.398059085236292987e+01,-1.539768804401339821e+02,5.000000000000000000e-01,1.413307151327598765e+00,7.607007972360596781e+00,2.200000000000000000e+01
2.448059085236292987e+01,-1.544768804401339821e+02,5.000000000000000000e-01,1.722151999808277711e+00,7.601651285290213167e+00,1.200000000000000000e+01
2.498059085236292987e+01,-1.544768804401339821e+02,5.000000000000000000e-01,1.556311163201530068e+00,7.708108792695416156e+00,1.900000000000000000e+01
2.498059085236292987e+01,-1.539768804401339821e+02,5.000000000000000000e-01,3.632259111674285279e-01,4.698759417123312687e-01,6.000000000000000000e+00
2.348059085236292987e+01,-1.509768804401339821e+02,2.000000000000000000e+00,6.741010044787103084e+00,3.995230002017482462e-01,8.000000000000000000e+00
2.348059085236292987e+01,-1.489768804401339821e+02,1.000000000000000000e+00,7.250197116380496354e+00,6.986019654014752334e-01,1.000000000000000000e+01
2.448059085236292987e+01,-1.484768804401339821e+02,5.000000000000000000e-01,7.029246043695412283e+00,7.251477299122655040e-01,6.000000000000000000e+00
2.498059085236292987e+01,-1.484768804401339821e+02,5.000000000000000000e-01,6.725572073844663379e+00,2.293962383954694317e+00,6.000000000000000000e+00
2.448059085236292987e+01,-1.229768804401339821e+02,1.000000000000000000e+00,6.994476699970257449e+00,5.736357630422457277e-01,5.000000000000000000e+00
2.448059085236292987e+01,-1.219768804401339821e+02,1.000000000000000000e+00,6.684720157033422261e+00,4.670382541157795941e-01,8.000000000000000000e+00
2.348059085236292987e+01,-1.159768804401339821e+02,5.000000000000000000e-01,7.628053387037502020e+00,1.453924207116429557e+00,5.000000000000000000e+00
2.398059085236292987e+01,-1.159768804401339821e+02,5.000000000000000000e-01,7.558019962700138095e+00,1.754350515433845459e+00,1.600000000000000000e+01
2.448059085236292987e+01,-1.159768804401339821e+02,1.000000000000000000e+00,6.671442047961233968e+00,1.291738692064084759e+00,1.200000000000000000e+01
2.548059085236292987e+01,-1.544768804401339821e+02,5.000000000000000000e-01,1.874628429378107697e+00,7.549734564307206242e+00,1.800000000000000000e+01
2.598059085236292987e+01,-1.544768804401339821e+02,5.000000000000000000e-01,2.176357727622968419e+00,7.651251822558827520e+00,1.000000000000000000e+01
2.548059085236292987e+01,-1.539768804401339821e+02,5.000000000000000000e-01,6.530740062509290400e-01,2.514698110811546261e-01,7.000000000000000000e+00
2.598059085236292987e+01,-1.539768804401339821e+02,5.000000000000000000e-01,5.785914233332667411e-01,7.087182826653340761e+00,8.000000000000000000e+00
2.648059085236292987e+01,-1.539768804401339821e+02,5.000000000000000000e-01,3.594020358331678211e-01,7.389795226257604988e+00,7.000000000000000000e+00
2.698059085236292987e+01,-1.539768804401339821e+02,5.000000000000000000e-01,8.712207998986490898e-01,7.486052511979166546e+00,1.200000000000000000e+01
2.548059085236292987e+01,-1.509768804401339821e+02,1.000000000000000000e+00,6.035542972428737940e+00,3.136973657605706123e-01,6.000000000000000000e+00
2.648059085236292987e+01,-1.509768804401339821e+02,1.000000000000000000e+00,5.475735393066106127e+00,8.270720724163682647e-01,1.000000000000000000e+01
2.548059085236292987e+01,-1.484768804401339821e+02,5.000000000000000000e-01,6.336460681642513748e+00,2.538073094525362450e+00,6.000000000000000000e+00
2.648059085236292987e+01,-1.484768804401339821e+02,5.000000000000000000e-01,5.718974421566062283e+00,2.592728352118508717e+00,6.000000000000000000e+00
2.698059085236292987e+01,-1.484768804401339821e+02,5.000000000000000000e-01,5.279363666270438848e+00,2.683435561210523623e+00,8.000000000000000000e+00
2.548059085236292987e+01,-1.229768804401339821e+02,1.000000000000000000e+00,6.015607934457602113e+00,5.308529595809652335e-01,7.000000000000000000e+00
2.648059085236292987e+01,-1.229768804401339821e+02,1.000000000000000000e+00,5.447812094665923865e+00,9.284294608251268954e-01,1.100000000000000000e+01
2.698059085236292987e+01,-1.219768804401339821e+02,5.000000000000000000e-01,5.267929246780647112e+00,2.763875005778859695e+00,9.000000000000000000e+00
2.698059085236292987e+01,-1.214768804401339821e+02,5.000000000000000000e-01,5.379718008928986883e+00,2.902915198632592286e+00,6.000000000000000000e+00
2.598059085236292987e+01,-1.204768804401339821e+02,5.000000000000000000e-01,5.774533235568592104e+00,2.288507444540448077e+00,5.000000000000000000e+00
2.698059085236292987e+01,-1.209768804401339821e+02,5.000000000000000000e-01,5.224014833503536792e+00,2.366884455475780413e+00,5.000000000000000000e+00
2.548059085236292987e+01,-1.154768804401339821e+02,5.000000000000000000e-01,5.802812062995345244e+00,2.557684328742668711e-01,5.000000000000000000e+00
2.648059085236292987e+01,-1.159768804401339821e+02,1.000000000000000000e+00,6.557452571424356336e+00,1.175169876353310272e+00,1.800000000000000000e+01
2.748059085236292987e+01,-1.679768804401339821e+02,1.000000000000000000e+00,1.216817887293471845e+00,1.046218055355763621e+00,1.600000000000000000e+01
2.798059085236292987e+01,-1.649768804401339821e+02,5.000000000000000000e-01,3.630162678257344289e-01,1.033369521029828153e+00,9.000000000000000000e+00
2.798059085236292987e+01,-1.644768804401339821e+02,5.000000000000000000e-01,1.087098306606599785e+00,2.190005193285447405e+00,1.100000000000000000e+01
2.798059085236292987e+01,-1.639768804401339821e+02,5.000000000000000000e-01,2.274544456691002026e+00,6.863749890118041819e+00,3.500000000000000000e+01
2.798059085236292987e+01,-1.634768804401339821e+02,5.000000000000000000e-01,2.642921726842748065e+00,6.395600839302931995e+00,1.800000000000000000e+01
2.748059085236292987e+01,-1.629768804401339821e+02,5.000000000000000000e-01,2.819632407205020730e+00,7.042290106476324141e+00,2.700000000000000000e+01
2.748059085236292987e+01,-1.624768804401339821e+02,5.000000000000000000e-01,3.299629246210635358e+00,6.196833832018853627e+00,1.800000000000000000e+01
2.798059085236292987e+01,-1.629768804401339821e+02,5.000000000000000000e-01,1.299732742952315778e+00,8.237359346483284384e+00,2.600000000000000000e+01
2.798059085236292987e+01,-1.624768804401339821e+02,5.000000000000000000e-01,3.258138261140874015e+00,5.447860948853231911e+00,1.500000000000000000e+01
2.748059085236292987e+01,-1.619768804401339821e+02,5.000000000000000000e-01,2.785626366030773404e+00,6.514510110528660469e+00,2.400000000000000000e+01
2.748059085236292987e+01,-1.614768804401339821e+02,5.000000000000000000e-01,5.124795483293007159e+00,3.603273051763870249e+00,7.000000000000000000e+00
2.798059085236292987e+01,-1.619768804401339821e+02,5.000000000000000000e-01,3.311839704166344767e+00,4.577489587950642758e+00,1.500000000000000000e+01
2.798059085236292987e+01,-1.614768804401339821e+02,5.000000000000000000e-01,3.449535811260990403e+00,4.258566010027767135e+00,1.200000000000000000e+01
2.748059085236292987e+01,-1.609768804401339821e+02,5.000000000000000000e-01,5.232647260429313718e+00,1.190667993314916018e+00,8.000000000000000000e+00
2.798059085236292987e+01,-1.609768804401339821e+02,5.000000000000000000e-01,3.313873051821617732e+00,4.640339477596445050e+00,1.100000000000000000e+01
2.798059085236292987e+01,-1.599768804401339821e+02,5.000000000000000000e-01,4.342431235072220730e+00,4.775620113884855300e+00,3.100000000000000000e+01
2.798059085236292987e+01,-1.594768804401339821e+02,5.000000000000000000e-01,4.018646476259795541e+00,5.200985539385652778e+00,5.600000000000000000e+01
2.798059085236292987e+01,-1.589768804401339821e+02,5.000000000000000000e-01,2.624135042343356705e+00,7.338730936402804161e+00,2.700000000000000000e+01
2.798059085236292987e+01,-1.584768804401339821e+02,5.000000000000000000e-01,4.408620988655057360e+00,5.868704226523606238e+00,3.100000000000000000e+01
2.748059085236292987e+01,-1.579768804401339821e+02,5.000000000000000000e-01,5.223924841103005257e+00,3.815386788102892446e+00,2.800000000000000000e+01
2.748059085236292987e+01,-1.574768804401339821e+02,5.000000000000000000e-01,2.245747199769116964e+00,7.458817412392850343e+00,3.400000000000000000e+01
2.798059085236292987e+01,-1.579768804401339821e+02,5.000000000000000000e-01,3.838590092785935326e+00,5.935580870047150626e+00,2.600000000000000000e+01
2.798059085236292987e+01,-1.574768804401339821e+02,5.000000000000000000e-01,5.382737172884305643e+00,3.467795571649166853e+00,1.400000000000000000e+01
2.748059085236292987e+01,-1.569768804401339821e+02,5.000000000000000000e-01,2.255906353028207523e+00,7.193021291419890773e+00,1.300000000000000000e+01
2.748059085236292987e+01,-1.564768804401339821e+02,5.000000000000000000e-01,2.821122803892594177e+00,6.821733064963314774e+00,2.200000000000000000e+01
2.798059085236292987e+01,-1.569768804401339821e+02,5.000000000000000000e-01,4.125159965495186043e+00,3.941928202060790198e+00,1.600000000000000000e+01
2.798059085236292987e+01,-1.564768804401339821e+02,5.000000000000000000e-01,4.275508632470991444e+00,3.473560475985540741e+00,1.300000000000000000e+01
2.748059085236292987e+01,-1.559768804401339821e+02,5.000000000000000000e-01,5.699666614399169440e+00,4.097097423445078768e+00,2.000000000000000000e+01
2.748059085236292987e+01,-1.554768804401339821e+02,5.000000000000000000e-01,5.574936145835435397e+00,4.317690388997556639e+00,8.000000000000000000e+00
2.798059085236292987e+01,-1.559768804401339821e+02,5.000000000000000000e-01,5.439152968190344772e+00,3.560991919901542069e+00,1.300000000000000000e+01
2.798059085236292987e+01,-1.554768804401339821e+02,5.000000000000000000e-01,7.163844099287985934e+00,2.072775545193784374e+00,1.100000000000000000e+01
2.748059085236292987e+01,-1.544768804401339821e+02,5.000000000000000000e-01,1.611216050030727986e+00,7.379500500403330499e+00,5.000000000000000000e+00
2.798059085236292987e+01,-1.549768804401339821e+02,5.000000000000000000e-01,4.817939759109646225e+00,5.079600219390107974e+00,3.000000000000000000e+01
2.798059085236292987e+01,-1.544768804401339821e+02,5.000000000000000000e-01,6.660028299005963603e+00,2.748857412845506332e+00,1.300000000000000000e+01
2.748059085236292987e+01,-1.539768804401339821e+02,5.000000000000000000e-01,3.749724507460782785e+00,4.663903693014209040e+00,8.000000000000000000e+00
2.798059085236292987e+01,-1.539768804401339821e+02,5.000000000000000000e-01,3.256122098855025015e+00,6.338031267197393959e+00,1.300000000000000000e+01
2.748059085236292987e+01,-1.509768804401339821e+02,1.000000000000000000e+00,4.563701793069077972e+00,1.130944341614505966e+00,6.000000000000000000e+00
2.748059085236292987e+01,-1.494768804401339821e+02,5.000000000000000000e-01,4.833714057856028035e+00,2.989701359747302334e+00,5.000000000000000000e+00
2.848059085236292987e+01,-1.499768804401339821e+02,1.000000000000000000e+00,6.871702441651315496e+00,4.036208177318538759e-01,6.000000000000000000e+00
2.798059085236292987e+01,-1.484768804401339821e+02,5.000000000000000000e-01,4.916203442161192427e+00,2.229323318879017357e+00,1.000000000000000000e+01
2.748059085236292987e+01,-1.479768804401339821e+02,1.000000000000000000e+00,6.962643900691063870e+00,8.218727904562506126e-02,5.000000000000000000e+00
2.848059085236292987e+01,-1.484768804401339821e+02,5.000000000000000000e-01,4.255953580170290351e+00,2.540416411852221223e+00,8.000000000000000000e+00
2.898059085236292987e+01,-1.484768804401339821e+02,5.000000000000000000e-01,4.071633120597948796e+00,2.243727895220442470e+00,1.000000000000000000e+01
2.748059085236292987e+01,-1.469768804401339821e+02,2.000000000000000000e+00,1.037944881471383612e-01,5.091354706741355596e-01,1.800000000000000000e+01
2.748059085236292987e+01,-1.369768804401339821e+02,2.000000000000000000e+00,1.998617651195466749e-04,2.596816606414921371e-07,8.000000000000000000e+00
2.748059085236292987e+01,-1.349768804401339821e+02,2.000000000000000000e+00,1.995931938872708199e-04,5.642043094944426684e-07,1.000000000000000000e+01
2.748059085236292987e+01,-1.309768804401339821e+02,2.000000000000000000e+00,1.999644197965721906e-04,2.180428054332603401e-07,8.000000000000000000e+00
2.748059085236292987e+01,-1.289768804401339821e+02,2.000000000000000000e+00,1.998880211391274031e-04,2.540043020360371884e-07,1.100000000000000000e+01
2.748059085236292987e+01,-1.259768804401339821e+02,1.000000000000000000e+00,4.408714827887353360e-01,7.172064195731023828e-01,1.300000000000000000e+01
2.848059085236292987e+01,-1.259768804401339821e+02,1.000000000000000000e+00,3.198812862173861515e-01,1.364686376862519479e+00,1.900000000000000000e+01
2.748059085236292987e+01,-1.249768804401339821e+02,2.000000000000000000e+00,1.523998328429887472e-01,3.377480790600628779e-07,1.100000000000000000e+01
2.798059085236292987e+01,-1.224768804401339821e+02,5.000000000000000000e-01,4.751396090300473496e+00,2.287599244363227591e+00,1.800000000000000000e+01
2.798059085236292987e+01,-1.219768804401339821e+02,5.000000000000000000e-01,4.396618257834586707e+00,2.920421674086463248e+00,7.000000000000000000e+00
2.848059085236292987e+01,-1.224768804401339821e+02,5.000000000000000000e-01,4.203309415085914935e+00,2.578439871712151721e+00,7.000000000000000000e+00
2.898059085236292987e+01,-1.224768804401339821e+02,5.000000000000000000e-01,4.148940344479250086e+00,2.192145802949230671e+00,1.400000000000000000e+01
2.848059085236292987e+01,-1.219768804401339821e+02,5.000000000000000000e-01,1.524000255676083992e-01,6.622177641643510526e+00,5.000000000000000000e+00
2.798059085236292987e+01,-1.209768804401339821e+02,5.000000000000000000e-01,7.437737620905230607e+00,2.054292663278101116e-01,5.000000000000000000e+00
2.798059085236292987e+01,-1.204768804401339821e+02,5.000000000000000000e-01,4.632063908786058448e+00,2.788434132710123414e+00,5.000000000000000000e+00
2.798059085236292987e+01,-1.199768804401339821e+02,5.000000000000000000e-01,4.412178937901422238e+00,2.330208308554158059e+00,7.000000000000000000e+00
2.748059085236292987e+01,-1.159768804401339821e+02,5.000000000000000000e-01,6.585792850575628243e+00,1.085004405574315101e+00,5.000000000000000000e+00
2.798059085236292987e+01,-1.159768804401339821e+02,5.000000000000000000e-01,5.707399197831661830e+00,2.092037529845134358e+00,1.300000000000000000e+01
2.848059085236292987e+01,-1.159768804401339821e+02,5.000000000000000000e-01,2.975334605742958161e+00,5.055034016484277970e+00,1.600000000000000000e+01
2.898059085236292987e+01,-1.159768804401339821e+02,5.000000000000000000e-01,3.007219394004079227e+00,5.741057046481244264e+00,9.400000000000000000e+01
2.898059085236292987e+01,-1.154768804401339821e+02,5.000000000000000000e-01,2.297095333053278399e+00,6.958726259187972829e+00,1.600000000000000000e+01
2.748059085236292987e+01,-6.497688044013398212e+01,2.000000000000000000e+00,8.588074473018247446e+00,1.741759071565418537e-02,5.000000000000000000e+00
2.848059085236292987e+01,-5.447688044013398212e+01,5.000000000000000000e-01,6.335117493037784264e+00,1.376749879427701551e+00,8.000000000000000000e+00
2.898059085236292987e+01,-5.447688044013398212e+01,5.000000000000000000e-01,1.797353163396531395e+00,2.013828035339232159e+00,9.000000000000000000e+00
2.848059085236292987e+01,-5.397688044013398212e+01,5.000000000000000000e-01,1.264978951591499090e+00,5.135810111645161768e+00,1.400000000000000000e+01
2.848059085236292987e+01,-5.347688044013398212e+01,5.000000000000000000e-01,1.264819659172828681e+00,4.825767847253771947e+00,2.700000000000000000e+01
2.848059085236292987e+01,-5.297688044013398212e+01,5.000000000000000000e-01,1.193733898903533319e+00,4.995663909810616587e+00,2.300000000000000000e+01
2.848059085236292987e+01,-5.247688044013398212e+01,5.000000000000000000e-01,2.191240481574394217e+00,3.151210232178697446e+00,1.200000000000000000e+01
2.848059085236292987e+01,-5.197688044013398212e+01,5.000000000000000000e-01,4.927990656449190987e-01,4.773320108318099386e+00,2.200000000000000000e+01
2.848059085236292987e+01,-5.147688044013398212e+01,5.000000000000000000e-01,3.245377944938177439e+00,2.138917067353728552e+00,1.200000000000000000e+01
2.848059085236292987e+01,-5.097688044013398212e+01,5.000000000000000000e-01,2.257863223552703857e+00,1.945619731338363856e+00,6.000000000000000000e+00
2.848059085236292987e+01,-5.047688044013398212e+01,5.000000000000000000e-01,2.232343454253694404e+00,3.023571365715193693e+00,1.100000000000000000e+01
2.848059085236292987e+01,-4.997688044013398212e+01,5.000000000000000000e-01,1.267207431793212935e+00,3.199092786407351063e+00,1.500000000000000000e+01
2.898059085236292987e+01,-4.947688044013398212e+01,5.000000000000000000e-01,2.218341887513016530e+00,2.096361066850011667e+00,8.000000000000000000e+00
2.748059085236292987e+01,-4.797688044013398212e+01,1.000000000000000000e+00,2.209001775795663480e+00,1.007125905040170633e+00,5.000000000000000000e+00
2.848059085236292987e+01,-4.897688044013398212e+01,5.000000000000000000e-01,1.671664302369099797e+00,3.582590859194444644e+00,7.000000000000000000e+00
2.848059085236292987e+01,-4.847688044013398212e+01,5.000000000000000000e-01,1.165088107409024243e+00,4.236241934855874192e+00,1.100000000000000000e+01
2.848059085236292987e+01,-4.797688044013398212e+01,1.000000000000000000e+00,4.262200117111206055e+00,1.024044752120971680e+00,6.000000000000000000e+00
2.848059085236292987e+01,-4.447688044013398212e+01,5.000000000000000000e-01,1.139152658122668749e+00,4.360363377732179302e+00,1.900000000000000000e+01
2.848059085236292987e+01,-4.397688044013398212e+01,5.000000000000000000e-01,1.180928230285644531e+00,4.278156752440726684e+00,6.000000000000000000e+00
2.948059085236292987e+01,-1.509768804401339821e+02,2.000000000000000000e+00,4.152494754674839861e+00,3.061145612828264362e-01,9.000000000000000000e+00
2.948059085236292987e+01,-1.484768804401339821e+02,5.000000000000000000e-01,3.939907458265803797e+00,2.299144890563975530e+00,8.000000000000000000e+00
2.998059085236292987e+01,-1.484768804401339821e+02,5.000000000000000000e-01,4.191514290389481978e+00,2.120453597205080420e+00,8.000000000000000000e+00
3.048059085236292987e+01,-1.484768804401339821e+02,5.000000000000000000e-01,4.131005712390829032e+00,2.334284702149004076e+00,6.000000000000000000e+00
3.098059085236292987e+01,-1.484768804401339821e+02,5.000000000000000000e-01,3.969243022700141843e+00,5.728347951360337476e-01,5.000000000000000000e+00
2.948059085236292987e+01,-1.469768804401339821e+02,2.000000000000000000e+00,3.162020322275305162e-02,1.207814142797583867e-01,1.000000000000000000e+01
2.948059085236292987e+01,-1.429768804401339821e+02,2.000000000000000000e+00,1.992546559475449788e-04,8.082854062507803614e-07,1.400000000000000000e+01
2.948059085236292987e+01,-1.409768804401339821e+02,2.000000000000000000e+00,1.992470367023990664e-04,9.467609165092591601e-07,9.000000000000000000e+00
2.948059085236292987e+01,-1.389768804401339821e+02,2.000000000000000000e+00,1.996459870163391878e-04,6.141514846902341920e-07,1.700000000000000000e+01
2.948059085236292987e+01,-1.369768804401339821e+02,2.000000000000000000e+00,1.985672004090943742e-04,1.574383983582433979e-06,1.900000000000000000e+01
2.948059085236292987e+01,-1.349768804401339821e+02,2.000000000000000000e+00,1.979689462236144894e-04,2.177825559002144473e-06,9.000000000000000000e+00
2.948059085236292987e+01,-1.329768804401339821e+02,2.000000000000000000e+00,1.995917161105253913e-04,7.389795147361318244e-07,1.700000000000000000e+01
2.948059085236292987e+01,-1.309768804401339821e+02,2.000000000000000000e+00,1.997709860588336994e-04,4.882103042946894789e-07,1.400000000000000000e+01
2.948059085236292987e+01,-1.289768804401339821e+02,2.000000000000000000e+00,1.994915981645028927e-04,8.317505011845745515e-07,1.700000000000000000e+01
2.948059085236292987e+01,-1.269768804401339821e+02,2.000000000000000000e+00,6.370844081717397245e-03,1.460292636558652712e-01,2.300000000000000000e+01
2.948059085236292987e+01,-1.249768804401339821e+02,2.000000000000000000e+00,1.523996906896090131e-01,5.174504202065666192e-07,7.000000000000000000e+00
2.948059085236292987e+01,-1.219768804401339821e+02,1.000000000000000000e+00,1.523999056358085191e-01,1.262331152940276979e-07,6.000000000000000000e+00
3.048059085236292987e+01,-1.224768804401339821e+02,5.000000000000000000e-01,2.326912911772889281e+00,2.319551308470686024e+00,9.000000000000000000e+00
2.948059085236292987e+01,-1.159768804401339821e+02,5.000000000000000000e-01,3.739456031402433656e+00,3.923233135983708930e+00,2.400000000000000000e+01
2.948059085236292987e+01,-1.154768804401339821e+02,5.000000000000000000e-01,4.944224002085269021e+00,3.264547856147052229e+00,1.100000000000000000e+01
2.998059085236292987e+01,-1.159768804401339821e+02,5.000000000000000000e-01,4.122760773474763774e+00,3.668744856827885314e+00,9.000000000000000000e+00
2.998059085236292987e+01,-1.154768804401339821e+02,5.000000000000000000e-01,2.194574219400608595e+00,3.731963497192471113e+00,2.000000000000000000e+01
3.048059085236292987e+01,-1.159768804401339821e+02,5.000000000000000000e-01,4.048903040206053738e+00,3.361731225558886038e+00,1.100000000000000000e+01
3.048059085236292987e+01,-1.154768804401339821e+02,5.000000000000000000e-01,2.135440383040521972e+00,4.172674976117984436e+00,2.900000000000000000e+01
3.098059085236292987e+01,-1.159768804401339821e+02,5.000000000000000000e-01,3.254798199183172702e+00,4.256195761486523566e+00,2.100000000000000000e+01
3.098059085236292987e+01,-1.154768804401339821e+02,5.000000000000000000e-01,2.341211495774498275e+00,3.950946743222264246e+00,1.700000000000000000e+01
3.098059085236292987e+01,-9.897688044013398212e+01,5.000000000000000000e-01,7.223350674013260253e+00,2.361278631294283947e+00,5.000000000000000000e+00
3.098059085236292987e+01,-9.847688044013398212e+01,5.000000000000000000e-01,5.455751834173544701e+00,4.339264775157894327e+00,2.800000000000000000e+01
2.948059085236292987e+01,-7.597688044013398212e+01,1.000000000000000000e+00,4.937496128643492632e+00,8.218927914315896643e-01,5.000000000000000000e+00
2.948059085236292987e+01,-7.497688044013398212e+01,2.000000000000000000e+00,4.834559917449951172e+00,1.663778132001603183e-01,7.000000000000000000e+00
2.948059085236292987e+01,-6.497688044013398212e+01,1.000000000000000000e+00,9.210513063422041569e+00,1.818362850272023934e-01,8.000000000000000000e+00
3.048059085236292987e+01,-6.397688044013398212e+01,5.000000000000000000e-01,7.586202770141954765e+00,1.444560440690255909e+00,8.000000000000000000e+00
3.048059085236292987e+01,-6.347688044013398212e+01,5.000000000000000000e-01,6.300794883146021874e+00,1.604563224247584685e+00,9.000000000000000000e+00
2.948059085236292987e+01,-6.197688044013398212e+01,1.000000000000000000e+00,6.905369643249995804e+00,7.254166234920349510e-01,8.000000000000000000e+00
3.048059085236292987e+01,-6.297688044013398212e+01,1.000000000000000000e+00,8.029435510359835604e+00,9.863640954865697807e-01,8.000000000000000000e+00
3.048059085236292987e+01,-6.197688044013398212e+01,1.000000000000000000e+00,6.547748075412737734e+00,1.091929350857836489e+00,1.000000000000000000e+01
3.048059085236292987e+01,-6.097688044013398212e+01,1.000000000000000000e+00,7.113578133528007719e+00,1.132429157775580286e+00,1.500000000000000000e+01
3.048059085236292987e+01,-5.997688044013398212e+01,1.000000000000000000e+00,7.677673443466232150e+00,5.021969635829846013e-01,6.000000000000000000e+00
3.048059085236292987e+01,-5.897688044013398212e+01,1.000000000000000000e+00,7.694052905633197881e+00,6.300376931773392641e-01,5.000000000000000000e+00
3.148059085236292987e+01,-1.509768804401339821e+02,1.000000000000000000e+00,3.580373058630315519e+00,7.004549501927606059e-01,9.000000000000000000e+00
3.198059085236292987e+01,-1.494768804401339821e+02,5.000000000000000000e-01,3.338225363073184404e+00,3.154922697321752345e+00,7.000000000000000000e+00
3.248059085236292987e+01,-1.499768804401339821e+02,5.000000000000000000e-01,2.934228553762755709e+00,3.105574247349152550e+00,7.000000000000000000e+00
3.248059085236292987e+01,-1.494768804401339821e+02,5.000000000000000000e-01,3.049089016092410898e+00,2.997072683513684499e+00,1.100000000000000000e+01
3.298059085236292987e+01,-1.494768804401339821e+02,5.000000000000000000e-01,5.506998664878783423e+00,3.074804633412764332e-01,7.000000000000000000e+00
3.148059085236292987e+01,-1.484768804401339821e+02,5.000000000000000000e-01,3.890208493752584928e+00,2.327773677746519887e+00,1.600000000000000000e+01
3.198059085236292987e+01,-1.489768804401339821e+02,5.000000000000000000e-01,3.394069423671328245e+00,3.056103587437255520e+00,7.000000000000000000e+00
3.198059085236292987e+01,-1.484768804401339821e+02,5.000000000000000000e-01,3.750592855465295639e+00,2.327608197791282141e+00,1.200000000000000000e+01
3.148059085236292987e+01,-1.479768804401339821e+02,1.000000000000000000e+00,5.755328666040531616e+00,3.672051950165551304e-01,5.000000000000000000e+00
3.248059085236292987e+01,-1.489768804401339821e+02,5.000000000000000000e-01,3.680438689300331134e+00,2.303572174204186140e+00,7.000000000000000000e+00
3.248059085236292987e+01,-1.484768804401339821e+02,5.000000000000000000e-01,3.069666885376848064e+00,2.585021445900082426e+00,9.000000000000000000e+00
3.298059085236292987e+01,-1.489768804401339821e+02,5.000000000000000000e-01,5.403631972942994466e+00,2.394664607727001737e-01,8.000000000000000000e+00
3.298059085236292987e+01,-1.484768804401339821e+02,5.000000000000000000e-01,2.997636502952668369e+00,2.344245481204058290e+00,9.000000000000000000e+00
3.148059085236292987e+01,-1.469768804401339821e+02,2.000000000000000000e+00,7.105340343861322148e-03,1.452946341627032456e-01,1.500000000000000000e+01
3.148059085236292987e+01,-1.449768804401339821e+02,2.000000000000000000e+00,1.994340723176613148e-04,1.888700249096594581e-04,1.200000000000000000e+01
3.148059085236292987e+01,-1.429768804401339821e+02,2.000000000000000000e+00,1.989333025536943521e-04,1.267805962346097012e-06,1.900000000000000000e+01
3.148059085236292987e+01,-1.409768804401339821e+02,2.000000000000000000e+00,1.983642980061262051e-04,1.850557573845890147e-06,2.100000000000000000e+01
3.148059085236292987e+01,-1.389768804401339821e+02,2.000000000000000000e+00,1.981882631987730184e-04,1.865158701508406493e-06,2.400000000000000000e+01
3.148059085236292987e+01,-1.369768804401339821e+02,2.000000000000000000e+00,1.996773295179110510e-04,5.567058787070476664e-07,2.800000000000000000e+01
3.148059085236292987e+01,-1.349768804401339821e+02,2.000000000000000000e+00,1.996679493728059532e-04,5.674102681707646374e-07,2.400000000000000000e+01
3.148059085236292987e+01,-1.329768804401339821e+02,2.000000000000000000e+00,1.997870975543491914e-04,4.941190160590242311e-07,1.900000000000000000e+01
3.148059085236292987e+01,-1.309768804401339821e+02,2.000000000000000000e+00,1.992786685328873321e-04,8.699572392023677443e-07,2.400000000000000000e+01
3.148059085236292987e+01,-1.289768804401339821e+02,2.000000000000000000e+00,1.985488530704238139e-04,1.652218342051975505e-06,2.700000000000000000e+01
3.148059085236292987e+01,-1.269768804401339821e+02,2.000000000000000000e+00,7.364516305281032862e-03,1.450355776280190245e-01,2.900000000000000000e+01
3.148059085236292987e+01,-1.249768804401339821e+02,2.000000000000000000e+00,1.523997285568175764e-01,8.218534595094695305e-07,2.400000000000000000e+01
3.148059085236292987e+01,-1.224768804401339821e+02,5.000000000000000000e-01,4.017394342708960231e+00,2.191268079775969824e+00,1.400000000000000000e+01
3.198059085236292987e+01,-1.224768804401339821e+02,5.000000000000000000e-01,3.715550788012511596e+00,2.361664003665048917e+00,9.000000000000000000e+00
3.148059085236292987e+01,-1.219768804401339821e+02,5.000000000000000000e-01,5.728187115872508173e+00,7.742174431818735769e-01,5.000000000000000000e+00
3.148059085236292987e+01,-1.214768804401339821e+02,5.000000000000000000e-01,5.888673013493402664e+00,8.506398985664951340e-01,1.000000000000000000e+01
3.198059085236292987e+01,-1.219768804401339821e+02,5.000000000000000000e-01,4.514684420641655649e+00,1.727306639534451627e+00,8.000000000000000000e+00
3.198059085236292987e+01,-1.214768804401339821e+02,5.000000000000000000e-01,3.536110161322270518e+00,2.962196297905645093e+00,1.400000000000000000e+01
3.248059085236292987e+01,-1.224768804401339821e+02,5.000000000000000000e-01,3.307979563922584632e+00,2.224936031310280171e+00,1.000000000000000000e+01
3.298059085236292987e+01,-1.224768804401339821e+02,5.000000000000000000e-01,2.913133357473045137e+00,2.366134006423614267e+00,1.700000000000000000e+01
3.248059085236292987e+01,-1.219768804401339821e+02,1.000000000000000000e+00,5.196008526320337495e+00,7.291046159473815180e-01,2.800000000000000000e+01
3.198059085236292987e+01,-1.204768804401339821e+02,5.000000000000000000e-01,3.258002894048966258e+00,2.989310091823127014e+00,5.000000000000000000e+00
3.198059085236292987e+01,-1.199768804401339821e+02,5.000000000000000000e-01,3.257200400263420281e+00,2.761387773498984455e+00,5.000000000000000000e+00
3.248059085236292987e+01,-1.209768804401339821e+02,5.000000000000000000e-01,2.904717911244992123e+00,3.312834498969364105e+00,1.100000000000000000e+01
3.248059085236292987e+01,-1.204768804401339821e+02,5.000000000000000000e-01,3.670415098235514151e+00,2.168915277503717931e+00,7.000000000000000000e+00
3.298059085236292987e+01,-1.204768804401339821e+02,5.000000000000000000e-01,5.321110176471766984e+00,2.777187248254060492e-01,6.000000000000000000e+00
3.248059085236292987e+01,-1.199768804401339821e+02,5.000000000000000000e-01,3.004094969648773983e+00,2.751764044048523594e+00,1.100000000000000000e+01
3.298059085236292987e+01,-1.199768804401339821e+02,5.000000000000000000e-01,3.000855608484411796e+00,2.493948227130781348e+00,9.000000000000000000e+00
3.148059085236292987e+01,-1.159768804401339821e+02,5.000000000000000000e-01,9.515481110700018119e-01,6.661653826126754829e+00,2.500000000000000000e+01
3.148059085236292987e+01,-1.154768804401339821e+02,5.000000000000000000e-01,2.375616275751058382e+00,3.825772382843713793e+00,1.100000000000000000e+01
3.198059085236292987e+01,-1.159768804401339821e+02,5.000000000000000000e-01,1.620656809184663816e+00,6.449482761726184954e+00,5.700000000000000000e+01
3.248059085236292987e+01,-1.159768804401339821e+02,5.000000000000000000e-01,1.489402629523659316e+00,6.796408512225991849e+00,4.100000000000000000e+01
3.298059085236292987e+01,-1.159768804401339821e+02,5.000000000000000000e-01,2.266301283321630944e+00,7.078113654208658900e+00,7.900000000000000000e+01
3.298059085236292987e+01,-1.154768804401339821e+02,5.000000000000000000e-01,1.703182729576225851e+00,7.629700736523491678e+00,1.180000000000000000e+02
3.248059085236292987e+01,-1.149768804401339821e+02,5.000000000000000000e-01,1.850139876421115215e+00,7.156869338322602303e+00,9.000000000000000000e+00
3.248059085236292987e+01,-1.144768804401339821e+02,5.000000000000000000e-01,2.270301500718578058e+00,7.231294409956877445e+00,5.600000000000000000e+01
3.298059085236292987e+01,-1.149768804401339821e+02,5.000000000000000000e-01,1.129261123249420740e+00,6.230290469624385707e+00,4.600000000000000000e+01
3.298059085236292987e+01,-1.144768804401339821e+02,5.000000000000000000e-01,8.495030250000715766e-01,8.226983082799053548e+00,5.000000000000000000e+01
3.248059085236292987e+01,-1.139768804401339821e+02,5.000000000000000000e-01,1.767047835584907300e+00,7.188027356180676009e+00,6.100000000000000000e+01
3.248059085236292987e+01,-1.134768804401339821e+02,5.000000000000000000e-01,2.308860603480723306e+00,7.018293100495433201e+00,5.000000000000000000e+01
3.298059085236292987e+01,-1.139768804401339821e+02,5.000000000000000000e-01,8.745397667679227771e-01,7.091421449311564373e+00,5.800000000000000000e+01
3.298059085236292987e+01,-1.134768804401339821e+02,5.000000000000000000e-01,1.357003122965791508e+00,6.409332111297002754e+00,3.200000000000000000e+01
3.248059085236292987e+01,-1.129768804401339821e+02,5.000000000000000000e-01,2.286207705188054273e+00,6.589342248487751519e+00,4.400000000000000000e+01
3.248059085236292987e+01,-1.124768804401339821e+02,5.000000000000000000e-01,2.287928655079552787e+00,7.107808110518147870e+00,5.300000000000000000e+01
3.298059085236292987e+01,-1.129768804401339821e+02,5.000000000000000000e-01,9.933652821134872912e-01,6.791021095711383460e+00,3.800000000000000000e+01
3.298059085236292987e+01,-1.124768804401339821e+02,5.000000000000000000e-01,2.656846273724352780e+00,5.154907910575136754e+00,5.500000000000000000e+01
3.248059085236292987e+01,-1.119768804401339821e+02,5.000000000000000000e-01,2.284182695088959214e+00,7.541416394173467985e+00,2.200000000000000000e+01
3.298059085236292987e+01,-1.119768804401339821e+02,5.000000000000000000e-01,2.321609802788039634e+00,6.770444060747234261e+00,1.030000000000000000e+02
3.298059085236292987e+01,-1.114768804401339821e+02,5.000000000000000000e-01,1.731227192138658832e+00,6.991178898333950897e+00,8.100000000000000000e+01
3.298059085236292987e+01,-1.109768804401339821e+02,5.000000000000000000e-01,1.824829421925276751e+00,6.873635309783963976e+00,9.100000000000000000e+01
3.298059085236292987e+01,-1.104768804401339821e+02,5.000000000000000000e-01,2.313562740097553583e+00,7.372810104364644346e+00,9.200000000000000000e+01
3.248059085236292987e+01,-1.094768804401339821e+02,5.000000000000000000e-01,2.261156041001240791e+00,6.300786531413089975e+00,2.600000000000000000e+01
3.298059085236292987e+01,-1.099768804401339821e+02,5.000000000000000000e-01,1.454944920861111601e+00,6.696119703683011792e+00,5.400000000000000000e+01
3.298059085236292987e+01,-1.094768804401339821e+02,5.000000000000000000e-01,2.567674849277650218e+00,5.269523098151926987e+00,5.000000000000000000e+01
3.248059085236292987e+01,-1.089768804401339821e+02,5.000000000000000000e-01,1.501912617854304521e+00,6.141951653217105900e+00,2.600000000000000000e+01
3.248059085236292987e+01,-1.084768804401339821e+02,5.000000000000000000e-01,1.651708812321682762e+00,7.494619036636668952e+00,4.800000000000000000e+01
3.298059085236292987e+01,-1.089768804401339821e+02,5.000000000000000000e-01,2.964583258169292357e+00,4.869255639274840952e+00,2.900000000000000000e+01
3.298059085236292987e+01,-1.084768804401339821e+02,5.000000000000000000e-01,3.002190645228209220e+00,6.667450067730767316e+00,5.300000000000000000e+01
3.248059085236292987e+01,-1.079768804401339821e+02,5.000000000000000000e-01,1.668044403018917210e+00,7.168144473049138377e+00,3.300000000000000000e+01
3.248059085236292987e+01,-1.074768804401339821e+02,5.000000000000000000e-01,1.720757904486079681e+00,7.345011858114384395e+00,4.100000000000000000e+01
3.298059085236292987e+01,-1.079768804401339821e+02,5.000000000000000000e-01,3.059944692542676314e+00,5.227705356692125882e+00,3.800000000000000000e+01
3.298059085236292987e+01,-1.074768804401339821e+02,5.000000000000000000e-01,2.995275457597795565e+00,5.315787024011422446e+00,3.700000000000000000e+01
3.248059085236292987e+01,-1.069768804401339821e+02,5.000000000000000000e-01,4.709753008631156312e+00,3.869872856747131884e+00,1.300000000000000000e+01
3.298059085236292987e+01,-1.069768804401339821e+02,5.000000000000000000e-01,1.566924551688732237e+00,7.919344616421389205e+00,8.700000000000000000e+01
3.298059085236292987e+01,-1.064768804401339821e+02,5.000000000000000000e-01,2.137289498489206796e+00,7.248723366666268930e+00,7.500000000000000000e+01
3.298059085236292987e+01,-1.059768804401339821e+02,5.000000000000000000e-01,2.320269541628381393e+00,6.603131891801881537e+00,4.900000000000000000e+01
3.298059085236292987e+01,-1.054768804401339821e+02,5.000000000000000000e-01,2.458501067612612889e+00,7.469378655691807367e+00,6.200000000000000000e+01
3.248059085236292987e+01,-1.044768804401339821e+02,5.000000000000000000e-01,2.287004818503055592e+00,7.506635826373303289e+00,2.700000000000000000e+01
3.298059085236292987e+01,-1.049768804401339821e+02,5.000000000000000000e-01,8.881331355792883020e-01,6.786128369447583353e+00,4.600000000000000000e+01
3.298059085236292987e+01,-1.044768804401339821e+02,5.000000000000000000e-01,3.137161605481721960e+00,4.199707882402677228e+00,2.500000000000000000e+01
3.248059085236292987e+01,-1.039768804401339821e+02,5.000000000000000000e-01,2.298687451872273080e+00,7.301359978143092455e+00,3.400000000000000000e+01
3.248059085236292987e+01,-1.034768804401339821e+02,5.000000000000000000e-01,2.284075603952435696e+00,7.064882462213507353e+00,1.800000000000000000e+01
3.298059085236292987e+01,-1.039768804401339821e+02,5.000000000000000000e-01,1.820987716956854685e+00,6.033186294893655877e+00,1.800000000000000000e+01
3.298059085236292987e+01,-1.034768804401339821e+02,5.000000000000000000e-01,7.759980821620924285e-01,7.196695508196016000e+00,2.100000000000000000e+01
3.248059085236292987e+01,-1.029768804401339821e+02,5.000000000000000000e-01,2.279164122257845815e+00,7.070250711752146699e+00,3.000000000000000000e+01
3.248059085236292987e+01,-1.024768804401339821e+02,5.000000000000000000e-01,2.302064078636254507e+00,7.656618070724912073e+00,2.800000000000000000e+01
3.298059085236292987e+01,-1.029768804401339821e+02,5.000000000000000000e-01,3.068517902012565912e+00,4.883994486682287750e+00,2.800000000000000000e+01
3.298059085236292987e+01,-1.024768804401339821e+02,5.000000000000000000e-01,3.167409377088767908e+00,4.647934280614220981e+00,2.900000000000000000e+01
3.248059085236292987e+01,-1.019768804401339821e+02,5.000000000000000000e-01,1.987329190695092285e+00,6.950627939100929353e+00,1.400000000000000000e+01
3.298059085236292987e+01,-1.019768804401339821e+02,5.000000000000000000e-01,2.298111938429495016e+00,7.557410873306233512e+00,5.800000000000000000e+01
3.298059085236292987e+01,-1.014768804401339821e+02,5.000000000000000000e-01,2.280428109491694499e+00,7.389837742322216130e+00,5.900000000000000000e+01
3.298059085236292987e+01,-1.009768804401339821e+02,5.000000000000000000e-01,7.650014611044134716e-01,7.078554705743380637e+00,2.500000000000000000e+01
3.248059085236292987e+01,-9.997688044013398212e+01,1.000000000000000000e+00,6.151316313945658365e-01,9.209674562309992929e-01,1.100000000000000000e+01
3.148059085236292987e+01,-9.847688044013398212e+01,5.000000000000000000e-01,6.077460943806845428e+00,3.377059657138588911e+00,1.900000000000000000e+01
3.198059085236292987e+01,-9.847688044013398212e+01,5.000000000000000000e-01,5.522979102261658113e+00,4.338849199226814335e+00,2.100000000000000000e+01
3.148059085236292987e+01,-9.797688044013398212e+01,5.000000000000000000e-01,2.286295615849393670e+00,4.582203769548940819e+00,1.000000000000000000e+01
3.198059085236292987e+01,-9.747688044013398212e+01,5.000000000000000000e-01,3.203264283384720912e+00,9.673146560283703010e-01,7.000000000000000000e+00
3.248059085236292987e+01,-9.847688044013398212e+01,5.000000000000000000e-01,5.507184379624984416e+00,4.244629687096201920e+00,3.100000000000000000e+01
3.298059085236292987e+01,-9.897688044013398212e+01,5.000000000000000000e-01,1.198960676134089853e+00,1.107126699042068951e+00,1.500000000000000000e+01
3.298059085236292987e+01,-9.847688044013398212e+01,5.000000000000000000e-01,2.289571595223104161e+00,6.809395009837186485e+00,3.900000000000000000e+01
3.248059085236292987e+01,-9.797688044013398212e+01,5.000000000000000000e-01,5.449271611187954001e+00,2.082385331537381035e+00,9.000000000000000000e+00
3.148059085236292987e+01,-6.397688044013398212e+01,1.000000000000000000e+00,8.815266625509845966e+00,9.605728623434846014e-01,1.000000000000000000e+01
3.148059085236292987e+01,-6.297688044013398212e+01,1.000000000000000000e+00,8.501045594251166904e+00,9.346983833662960706e-01,1.200000000000000000e+01
3.148059085236292987e+01,-6.197688044013398212e+01,1.000000000000000000e+00,8.115997409820556285e+00,7.897620201110839844e-01,1.700000000000000000e+01
3.248059085236292987e+01,-6.197688044013398212e+01,1.000000000000000000e+00,8.870315712507608197e+00,5.857455655040038067e-01,8.000000000000000000e+00
3.198059085236292987e+01,-6.097688044013398212e+01,5.000000000000000000e-01,6.473981943219625279e+00,2.423388657815642944e+00,5.000000000000000000e+00
3.198059085236292987e+01,-6.047688044013398212e+01,5.000000000000000000e-01,6.599702258141546096e+00,2.600103479643061988e+00,5.000000000000000000e+00
3.198059085236292987e+01,-5.997688044013398212e+01,5.000000000000000000e-01,6.549609282888489759e+00,2.146702936888715385e+00,5.000000000000000000e+00
3.248059085236292987e+01,-5.997688044013398212e+01,1.000000000000000000e+00,8.904667742591664492e+00,4.307696910701075410e-01,1.200000000000000000e+01
3.148059085236292987e+01,-5.897688044013398212e+01,1.000000000000000000e+00,6.441963946017035703e+00,2.117652473087918708e-01,5.000000000000000000e+00
3.348059085236292987e+01,-1.504768804401339821e+02,5.000000000000000000e-01,2.241359565427599509e+00,1.592702864153046072e+00,1.000000000000000000e+01
3.348059085236292987e+01,-1.499768804401339821e+02,5.000000000000000000e-01,2.283512277490804543e+00,7.676793686370686487e-02,5.000000000000000000e+00
3.448059085236292987e+01,-1.509768804401339821e+02,5.000000000000000000e-01,1.719063574400881755e+00,2.128778014664403084e+00,5.000000000000000000e+00
3.448059085236292987e+01,-1.504768804401339821e+02,5.000000000000000000e-01,1.634944920981281191e+00,2.779586474925702433e+00,9.000000000000000000e+00
3.498059085236292987e+01,-1.509768804401339821e+02,5.000000000000000000e-01,1.358440475437482808e+00,7.766855687472700165e-01,7.000000000000000000e+00
3.498059085236292987e+01,-1.504768804401339821e+02,5.000000000000000000e-01,1.106845179599351248e+00,2.971904100091602885e+00,7.000000000000000000e+00
3.448059085236292987e+01,-1.499768804401339821e+02,5.000000000000000000e-01,1.537719097211160957e+00,1.851326771126398540e+00,9.000000000000000000e+00
3.448059085236292987e+01,-1.494768804401339821e+02,5.000000000000000000e-01,1.701029961237052746e+00,3.066832401525214635e+00,8.000000000000000000e+00
3.498059085236292987e+01,-1.499768804401339821e+02,5.000000000000000000e-01,1.101270943697906457e+00,3.291814072412605707e+00,8.000000000000000000e+00
3.498059085236292987e+01,-1.494768804401339821e+02,5.000000000000000000e-01,1.351140464164965582e+00,3.020511833700419313e+00,1.100000000000000000e+01
3.348059085236292987e+01,-1.489768804401339821e+02,5.000000000000000000e-01,3.851675943961339499e+00,1.507332194815365511e+00,9.000000000000000000e+00
3.348059085236292987e+01,-1.484768804401339821e+02,5.000000000000000000e-01,2.355331182757280484e+00,2.769198399036305158e+00,1.400000000000000000e+01
3.398059085236292987e+01,-1.484768804401339821e+02,5.000000000000000000e-01,2.290938644650590827e+00,2.487189305570737918e+00,1.600000000000000000e+01
3.348059085236292987e+01,-1.479768804401339821e+02,1.000000000000000000e+00,4.375244718854719217e+00,5.863274453940938713e-01,5.000000000000000000e+00
3.448059085236292987e+01,-1.489768804401339821e+02,5.000000000000000000e-01,1.730952727219546405e+00,2.825480506345828147e+00,1.300000000000000000e+01
3.448059085236292987e+01,-1.484768804401339821e+02,5.000000000000000000e-01,1.879600080598366141e+00,2.505584272876685503e+00,1.600000000000000000e+01
3.498059085236292987e+01,-1.489768804401339821e+02,5.000000000000000000e-01,3.902084673305291851e+00,2.433831348921007276e-01,8.000000000000000000e+00
3.498059085236292987e+01,-1.484768804401339821e+02,5.000000000000000000e-01,2.248830199218058379e+00,1.812385598213546611e+00,1.700000000000000000e+01
3.448059085236292987e+01,-1.479768804401339821e+02,1.000000000000000000e+00,3.049166162319850493e+00,1.119731697102645640e+00,5.000000000000000000e+00
3.348059085236292987e+01,-1.469768804401339821e+02,2.000000000000000000e+00,3.270812867210359798e-02,1.196920016632305739e-01,2.100000000000000000e+01
3.348059085236292987e+01,-1.449768804401339821e+02,2.000000000000000000e+00,1.981949832857488102e-04,1.758458575310583531e-03,1.300000000000000000e+01
3.348059085236292987e+01,-1.429768804401339821e+02,2.000000000000000000e+00,1.994902664385733823e-04,6.776891865012239519e-07,2.800000000000000000e+01
3.348059085236292987e+01,-1.409768804401339821e+02,2.000000000000000000e+00,1.998294402872247025e-04,6.505356594743933255e-07,2.700000000000000000e+01
3.348059085236292987e+01,-1.389768804401339821e+02,2.000000000000000000e+00,1.998128276187394138e-04,3.512124986393416748e-07,2.900000000000000000e+01
3.348059085236292987e+01,-1.369768804401339821e+02,2.000000000000000000e+00,1.998118787474467586e-04,3.728355134624550260e-07,3.200000000000000000e+01
3.348059085236292987e+01,-1.349768804401339821e+02,2.000000000000000000e+00,1.988410259532003119e-04,1.324668089930358932e-06,3.000000000000000000e+01
3.348059085236292987e+01,-1.329768804401339821e+02,2.000000000000000000e+00,1.990686681213382824e-04,1.135118141082347692e-06,3.800000000000000000e+01
3.348059085236292987e+01,-1.309768804401339821e+02,2.000000000000000000e+00,1.998140027072992098e-04,5.666502813639340275e-07,3.100000000000000000e+01
3.348059085236292987e+01,-1.289768804401339821e+02,2.000000000000000000e+00,1.998550876729510151e-04,3.081040299335367858e-07,3.700000000000000000e+01
3.348059085236292987e+01,-1.269768804401339821e+02,2.000000000000000000e+00,1.980108081942155707e-03,1.504200027476778057e-01,2.600000000000000000e+01
3.348059085236292987e+01,-1.249768804401339821e+02,2.000000000000000000e+00,1.523991125610972830e-01,1.065754827278553307e-06,2.700000000000000000e+01
3.348059085236292987e+01,-1.224768804401339821e+02,5.000000000000000000e-01,2.403971444446845851e+00,2.582261879466527077e+00,1.800000000000000000e+01
3.398059085236292987e+01,-1.224768804401339821e+02,5.000000000000000000e-01,2.360188723271769096e+00,2.181090610137343067e+00,1.800000000000000000e+01
3.348059085236292987e+01,-1.219768804401339821e+02,5.000000000000000000e-01,2.317377039553833118e+00,2.860564363205079008e+00,2.000000000000000000e+01
3.348059085236292987e+01,-1.214768804401339821e+02,5.000000000000000000e-01,2.364718950467244341e+00,2.949933645289377182e+00,1.700000000000000000e+01
3.398059085236292987e+01,-1.219768804401339821e+02,5.000000000000000000e-01,3.500801759898970467e+00,1.302209163694973526e+00,9.000000000000000000e+00
3.398059085236292987e+01,-1.214768804401339821e+02,5.000000000000000000e-01,2.024130999351662297e+00,3.053120979669086132e+00,1.300000000000000000e+01
3.448059085236292987e+01,-1.224768804401339821e+02,5.000000000000000000e-01,2.005269807207996635e+00,2.294686766610013251e+00,1.900000000000000000e+01
3.498059085236292987e+01,-1.224768804401339821e+02,5.000000000000000000e-01,1.287725701701489589e+00,2.648437199921305663e+00,1.600000000000000000e+01
3.448059085236292987e+01,-1.219768804401339821e+02,5.000000000000000000e-01,1.705721406137449714e+00,2.746973638160950415e+00,1.100000000000000000e+01
3.448059085236292987e+01,-1.214768804401339821e+02,5.000000000000000000e-01,1.609928625843513483e+00,3.118305280523467449e+00,1.500000000000000000e+01
3.498059085236292987e+01,-1.219768804401339821e+02,5.000000000000000000e-01,1.332875080062490891e+00,2.898787219084381750e+00,1.200000000000000000e+01
3.498059085236292987e+01,-1.214768804401339821e+02,5.000000000000000000e-01,1.303024389867804889e+00,3.062083899881916427e+00,1.500000000000000000e+01
3.348059085236292987e+01,-1.209768804401339821e+02,5.000000000000000000e-01,2.305796760962333103e+00,3.065324866795287484e+00,9.000000000000000000e+00
3.348059085236292987e+01,-1.204768804401339821e+02,5.000000000000000000e-01,2.346261996451929122e+00,2.866919243773494941e+00,1.200000000000000000e+01
3.398059085236292987e+01,-1.209768804401339821e+02,5.000000000000000000e-01,2.009383674762824423e+00,3.001505486059981020e+00,8.000000000000000000e+00
3.398059085236292987e+01,-1.204768804401339821e+02,5.000000000000000000e-01,1.941478663413434669e+00,3.073842582618262931e+00,1.000000000000000000e+01
3.348059085236292987e+01,-1.199768804401339821e+02,5.000000000000000000e-01,2.329983025822565335e+00,2.806286795754718622e+00,1.400000000000000000e+01
3.398059085236292987e+01,-1.199768804401339821e+02,5.000000000000000000e-01,1.996682733721851788e+00,2.719108293652975128e+00,1.400000000000000000e+01
3.448059085236292987e+01,-1.209768804401339821e+02,5.000000000000000000e-01,1.686539122678565983e+00,3.086221129385428696e+00,1.400000000000000000e+01
3.448059085236292987e+01,-1.204768804401339821e+02,5.000000000000000000e-01,1.631557538817405506e+00,3.038201951799240241e+00,1.300000000000000000e+01
3.498059085236292987e+01,-1.209768804401339821e+02,5.000000000000000000e-01,1.229787657327956030e+00,3.227093462780491695e+00,1.900000000000000000e+01
3.498059085236292987e+01,-1.204768804401339821e+02,5.000000000000000000e-01,1.108115728774999864e+00,3.037042734836321145e+00,1.200000000000000000e+01
3.448059085236292987e+01,-1.199768804401339821e+02,5.000000000000000000e-01,1.768285374332124293e+00,2.573298395922813953e+00,1.800000000000000000e+01
3.498059085236292987e+01,-1.199768804401339821e+02,5.000000000000000000e-01,1.342634380434814645e+00,2.489405726931614993e+00,2.000000000000000000e+01
3.348059085236292987e+01,-1.169768804401339821e+02,2.000000000000000000e+00,1.523978555026381798e-01,2.132440434010618446e-06,1.100000000000000000e+01
3.348059085236292987e+01,-1.149768804401339821e+02,2.000000000000000000e+00,1.523991284524810474e-01,7.102523785773584564e-07,6.000000000000000000e+00
3.348059085236292987e+01,-1.109768804401339821e+02,2.000000000000000000e+00,1.523998875903362915e-01,3.272369998863489116e-07,1.300000000000000000e+01
3.348059085236292987e+01,-1.029768804401339821e+02,2.000000000000000000e+00,1.523997661469048137e-01,1.102083755921690056e-06,7.000000000000000000e+00
3.398059085236292987e+01,-9.947688044013398212e+01,5.000000000000000000e-01,6.058686080736141122e+00,2.029090017555795100e+00,6.000000000000000000e+00
3.448059085236292987e+01,-9.947688044013398212e+01,5.000000000000000000e-01,5.686256359088318391e+00,2.687366597724986761e+00,3.300000000000000000e+01
3.498059085236292987e+01,-9.947688044013398212e+01,5.000000000000000000e-01,5.680105606639209270e+00,2.397689708587149582e+00,1.500000000000000000e+01
3.348059085236292987e+01,-9.847688044013398212e+01,5.000000000000000000e-01,1.467307009060377476e+00,5.607989573329566824e+00,2.600000000000000000e+01
3.398059085236292987e+01,-9.847688044013398212e+01,5.000000000000000000e-01,1.445028856717369470e+00,3.291746478534674836e+00,1.600000000000000000e+01
3.398059085236292987e+01,-9.797688044013398212e+01,5.000000000000000000e-01,2.636684502787960849e+00,1.394165088920676698e+00,1.000000000000000000e+01
3.448059085236292987e+01,-9.847688044013398212e+01,5.000000000000000000e-01,1.489766670836180973e+00,8.116290014565608502e+00,1.600000000000000000e+01
3.498059085236292987e+01,-9.847688044013398212e+01,5.000000000000000000e-01,2.272209283712189887e+00,7.641277803290511983e+00,2.900000000000000000e+01
3.448059085236292987e+01,-9.797688044013398212e+01,5.000000000000000000e-01,1.652952325980316939e+00,8.236739916682177309e+00,1.800000000000000000e+01
3.498059085236292987e+01,-9.797688044013398212e+01,5.000000000000000000e-01,9.178172531955253177e+00,9.517243318665329355e-01,8.000000000000000000e+00
3.398059085236292987e+01,-8.347688044013398212e+01,5.000000000000000000e-01,3.918411540985107244e+00,1.658393837781881430e+00,9.000000000000000000e+00
3.448059085236292987e+01,-8.397688044013398212e+01,1.000000000000000000e+00,4.746131131601893927e+00,1.363246569136709496e+00,7.000000000000000000e+00
3.348059085236292987e+01,-8.297688044013398212e+01,1.000000000000000000e+00,4.749949813305495816e+00,8.400106535833726795e-01,9.000000000000000000e+00
3.348059085236292987e+01,-5.497688044013398212e+01,2.000000000000000000e+00,7.257565898535851545e+00,4.731948888480275173e-02,6.000000000000000000e+00
3.448059085236292987e+01,-4.997688044013398212e+01,1.000000000000000000e+00,4.008797133028507709e-01,1.016452637904882383e+00,1.100000000000000000e+01
3.548059085236292987e+01,-1.509768804401339821e+02,5.000000000000000000e-01,1.162504931825320886e+00,4.132511841425230426e-01,6.000000000000000000e+00
3.598059085236292987e+01,-1.509768804401339821e+02,5.000000000000000000e-01,8.437208476516597777e-01,2.137934853447729378e+00,1.500000000000000000e+01
3.598059085236292987e+01,-1.504768804401339821e+02,5.000000000000000000e-01,4.228486839948797926e-01,3.582070621036004821e-01,9.000000000000000000e+00
3.548059085236292987e+01,-1.494768804401339821e+02,5.000000000000000000e-01,2.108314087376916390e+00,2.034233570798419599e+00,1.300000000000000000e+01
3.598059085236292987e+01,-1.499768804401339821e+02,5.000000000000000000e-01,3.934399170561464487e-01,2.519112606803638243e+00,6.000000000000000000e+00
3.598059085236292987e+01,-1.494768804401339821e+02,5.000000000000000000e-01,5.372738125254935548e-01,3.223308865952217772e+00,1.200000000000000000e+01
3.648059085236292987e+01,-1.509768804401339821e+02,5.000000000000000000e-01,7.315571901163231416e-01,1.875797363957876662e+00,1.100000000000000000e+01
3.648059085236292987e+01,-1.504768804401339821e+02,5.000000000000000000e-01,3.158320292688365782e-01,2.616857045906106460e+00,1.200000000000000000e+01
3.698059085236292987e+01,-1.504768804401339821e+02,5.000000000000000000e-01,2.884869603747205247e+00,1.246039009736237269e-01,8.000000000000000000e+00
3.648059085236292987e+01,-1.499768804401339821e+02,5.000000000000000000e-01,2.105937150033844740e-01,2.867674981035053694e+00,9.000000000000000000e+00
3.648059085236292987e+01,-1.494768804401339821e+02,5.000000000000000000e-01,2.544663199003580623e-01,3.159826528768443499e+00,7.000000000000000000e+00
3.548059085236292987e+01,-1.484768804401339821e+02,5.000000000000000000e-01,1.013541519460144702e+00,2.669558219330596227e+00,1.300000000000000000e+01
3.598059085236292987e+01,-1.489768804401339821e+02,5.000000000000000000e-01,1.173426870650537079e+00,2.315674092932799688e+00,1.200000000000000000e+01
3.598059085236292987e+01,-1.484768804401339821e+02,5.000000000000000000e-01,1.593212802731991173e+00,1.756599061985390398e+00,8.000000000000000000e+00
3.648059085236292987e+01,-1.489768804401339821e+02,5.000000000000000000e-01,2.611754708943960779e-01,2.939250568656835760e+00,1.100000000000000000e+01
3.648059085236292987e+01,-1.484768804401339821e+02,5.000000000000000000e-01,7.519395726867982299e-01,2.196826558249604489e+00,2.300000000000000000e+01
3.698059085236292987e+01,-1.484768804401339821e+02,5.000000000000000000e-01,9.245960473241641164e-01,2.042736467766491870e+00,7.000000000000000000e+00
3.648059085236292987e+01,-1.474768804401339821e+02,5.000000000000000000e-01,2.727809975073383075e-01,9.650370564906662896e-01,1.500000000000000000e+01
3.698059085236292987e+01,-1.479768804401339821e+02,5.000000000000000000e-01,1.785742294074515735e-01,8.261463897277044888e-01,5.000000000000000000e+00
3.698059085236292987e+01,-1.474768804401339821e+02,5.000000000000000000e-01,4.443864659707202902e-01,6.302495839517557874e-01,7.000000000000000000e+00
3.548059085236292987e+01,-1.469768804401339821e+02,2.000000000000000000e+00,2.646993332313263975e-02,1.259300464133235042e-01,2.000000000000000000e+01
3.548059085236292987e+01,-1.449768804401339821e+02,2.000000000000000000e+00,1.999938812757839912e-04,1.293691748838199373e-06,2.100000000000000000e+01
3.548059085236292987e+01,-1.429768804401339821e+02,2.000000000000000000e+00,1.999039559206217120e-04,3.814352407260912514e-07,2.600000000000000000e+01
3.548059085236292987e+01,-1.409768804401339821e+02,2.000000000000000000e+00,1.994710799142929039e-04,1.064369277115073415e-06,3.000000000000000000e+01
3.548059085236292987e+01,-1.389768804401339821e+02,2.000000000000000000e+00,1.991874941674964762e-04,1.045189554060870938e-06,3.500000000000000000e+01
3.548059085236292987e+01,-1.369768804401339821e+02,2.000000000000000000e+00,1.998585343142345093e-04,2.994827859481466285e-07,3.700000000000000000e+01
3.548059085236292987e+01,-1.349768804401339821e+02,2.000000000000000000e+00,1.998365958802317158e-04,3.564894973218210757e-07,4.800000000000000000e+01
3.548059085236292987e+01,-1.329768804401339821e+02,2.000000000000000000e+00,1.997403867517455467e-04,4.305054235764663000e-07,4.700000000000000000e+01
3.548059085236292987e+01,-1.309768804401339821e+02,2.000000000000000000e+00,1.998389596363559005e-04,3.643441312206564722e-07,5.300000000000000000e+01
3.548059085236292987e+01,-1.289768804401339821e+02,2.000000000000000000e+00,1.998374547387271605e-04,3.789534266385174988e-07,5.100000000000000000e+01
3.548059085236292987e+01,-1.269768804401339821e+02,2.000000000000000000e+00,4.593307374047839176e-03,1.478068351497681676e-01,4.700000000000000000e+01
3.548059085236292987e+01,-1.249768804401339821e+02,2.000000000000000000e+00,1.523999476650886586e-01,1.526999059142664095e-07,4.300000000000000000e+01
3.548059085236292987e+01,-1.224768804401339821e+02,5.000000000000000000e-01,1.261864844775302030e+00,2.277161940418161556e+00,2.200000000000000000e+01
3.598059085236292987e+01,-1.224768804401339821e+02,5.000000000000000000e-01,1.237488700164395494e+00,1.979541507947151890e+00,2.000000000000000000e+01
3.548059085236292987e+01,-1.219768804401339821e+02,5.000000000000000000e-01,3.454167880683474579e+00,2.496395423093740185e-01,1.000000000000000000e+01
3.548059085236292987e+01,-1.214768804401339821e+02,5.000000000000000000e-01,2.061366549569738638e+00,1.959165155709024830e+00,1.300000000000000000e+01
3.598059085236292987e+01,-1.219768804401339821e+02,5.000000000000000000e-01,4.898167241710370545e-01,2.853012616191118234e+00,1.300000000000000000e+01
3.598059085236292987e+01,-1.214768804401339821e+02,5.000000000000000000e-01,5.716625499163763280e-01,3.142088615789984107e+00,2.800000000000000000e+01
3.648059085236292987e+01,-1.224768804401339821e+02,5.000000000000000000e-01,1.086026138066151558e+00,1.833637181756797352e+00,2.200000000000000000e+01
3.698059085236292987e+01,-1.229768804401339821e+02,5.000000000000000000e-01,4.306376696801690329e-01,7.437099259001322960e-01,9.000000000000000000e+00
3.698059085236292987e+01,-1.224768804401339821e+02,5.000000000000000000e-01,2.367993699063087598e-01,2.560153179047377936e+00,1.200000000000000000e+01
3.648059085236292987e+01,-1.219768804401339821e+02,5.000000000000000000e-01,2.203196167990052468e-01,2.930150241456110471e+00,1.300000000000000000e+01
3.648059085236292987e+01,-1.214768804401339821e+02,5.000000000000000000e-01,2.811044038438382242e-01,2.953246593168598721e+00,9.000000000000000000e+00
3.698059085236292987e+01,-1.219768804401339821e+02,5.000000000000000000e-01,1.897692037950973187e-01,2.879240181407196175e+00,6.000000000000000000e+00
3.698059085236292987e+01,-1.214768804401339821e+02,5.000000000000000000e-01,1.897673456862869479e-01,3.077496207909023784e+00,6.000000000000000000e+00
3.548059085236292987e+01,-1.209768804401339821e+02,5.000000000000000000e-01,9.680545349510272235e-01,3.150073916647848193e+00,1.100000000000000000e+01
3.548059085236292987e+01,-1.204768804401339821e+02,5.000000000000000000e-01,9.042208200571000276e-01,2.753182395039774022e+00,1.100000000000000000e+01
3.598059085236292987e+01,-1.209768804401339821e+02,5.000000000000000000e-01,4.696147347613189860e-01,3.195838681892130939e+00,2.000000000000000000e+01
3.598059085236292987e+01,-1.204768804401339821e+02,5.000000000000000000e-01,5.716626482132125542e-01,2.751670018848866306e+00,1.100000000000000000e+01
3.548059085236292987e+01,-1.199768804401339821e+02,5.000000000000000000e-01,1.199110419734422672e+00,2.509621128436202220e+00,9.000000000000000000e+00
3.598059085236292987e+01,-1.199768804401339821e+02,5.000000000000000000e-01,5.184961263461642655e-01,2.747813826924247138e+00,2.100000000000000000e+01
3.648059085236292987e+01,-1.209768804401339821e+02,5.000000000000000000e-01,2.393591605840531267e-01,2.527898026377386476e+00,1.200000000000000000e+01
3.648059085236292987e+01,-1.204768804401339821e+02,5.000000000000000000e-01,1.971962693136956879e-01,2.834705068455435129e+00,1.200000000000000000e+01
3.698059085236292987e+01,-1.209768804401339821e+02,5.000000000000000000e-01,1.897689669283511016e-01,3.118601771116598975e+00,6.000000000000000000e+00
3.698059085236292987e+01,-1.204768804401339821e+02,5.000000000000000000e-01,2.455198039750087879e+00,6.713974317245083867e-01,5.000000000000000000e+00
3.648059085236292987e+01,-1.199768804401339821e+02,5.000000000000000000e-01,6.625293924275589275e-01,2.163007915374812296e+00,3.300000000000000000e+01
3.698059085236292987e+01,-1.199768804401339821e+02,5.000000000000000000e-01,3.672044290565987801e-01,2.482610174869058106e+00,9.000000000000000000e+00
3.548059085236292987e+01,-1.189768804401339821e+02,2.000000000000000000e+00,1.523995698418691980e-01,5.497732336046112778e-07,2.100000000000000000e+01
3.548059085236292987e+01,-1.169768804401339821e+02,2.000000000000000000e+00,1.523999110634624010e-01,2.276826442382251514e-07,1.200000000000000000e+01
3.548059085236292987e+01,-1.149768804401339821e+02,2.000000000000000000e+00,1.523998223589450585e-01,3.549451224049704479e-07,1.000000000000000000e+01
3.548059085236292987e+01,-9.947688044013398212e+01,5.000000000000000000e-01,5.657015350831016143e+00,2.837079269497391643e+00,4.000000000000000000e+01
3.598059085236292987e+01,-9.947688044013398212e+01,5.000000000000000000e-01,5.800617093322859574e+00,2.359823892552155300e+00,5.000000000000000000e+00
3.648059085236292987e+01,-1.009768804401339821e+02,1.000000000000000000e+00,2.773660448587408900e-01,6.604345821658519355e-01,1.800000000000000000e+01
3.648059085236292987e+01,-9.997688044013398212e+01,1.000000000000000000e+00,8.697092410146791686e-01,6.751425669409221175e-01,1.600000000000000000e+01
3.548059085236292987e+01,-9.897688044013398212e+01,5.000000000000000000e-01,6.535919110962985279e+00,1.292865627539431017e+00,2.100000000000000000e+01
3.548059085236292987e+01,-9.847688044013398212e+01,5.000000000000000000e-01,3.080353297623969588e+00,5.517983608858647138e+00,2.200000000000000000e+01
3.598059085236292987e+01,-9.897688044013398212e+01,5.000000000000000000e-01,5.600440034597499839e+00,2.948349947170968655e+00,1.700000000000000000e+01
3.598059085236292987e+01,-9.847688044013398212e+01,5.000000000000000000e-01,3.954171412187633905e+00,4.803751097964806149e+00,4.500000000000000000e+01
3.548059085236292987e+01,-9.797688044013398212e+01,1.000000000000000000e+00,9.134054697681671442e+00,8.430987844933746089e-01,1.000000000000000000e+01
3.648059085236292987e+01,-9.897688044013398212e+01,5.000000000000000000e-01,1.479543637990565763e+00,8.241518004901422501e-01,1.000000000000000000e+01
3.648059085236292987e+01,-9.847688044013398212e+01,5.000000000000000000e-01,3.336096244592402282e+00,5.214883802109532951e+00,4.400000000000000000e+01
3.698059085236292987e+01,-9.897688044013398212e+01,5.000000000000000000e-01,1.478469834211428413e+00,8.566500639417617968e-02,6.000000000000000000e+00
3.698059085236292987e+01,-9.847688044013398212e+01,5.000000000000000000e-01,5.468914414193061013e+00,4.944800573256162401e+00,3.800000000000000000e+01
3.648059085236292987e+01,-9.797688044013398212e+01,5.000000000000000000e-01,2.296036597541297741e+00,7.224751026866996995e+00,2.900000000000000000e+01
3.698059085236292987e+01,-9.797688044013398212e+01,5.000000000000000000e-01,3.170172461854427581e+00,6.753482880975504088e+00,2.100000000000000000e+01
3.548059085236292987e+01,-8.397688044013398212e+01,1.000000000000000000e+00,4.765909864342708246e+00,1.438598156732022737e+00,8.000000000000000000e+00
3.548059085236292987e+01,-7.697688044013398212e+01,1.000000000000000000e+00,1.302028499006176121e+00,9.856787821121353321e-01,1.300000000000000000e+01
3.548059085236292987e+01,-7.597688044013398212e+01,1.000000000000000000e+00,1.526127865608982948e+00,7.810972869930692397e-01,5.000000000000000000e+00
3.548059085236292987e+01,-5.497688044013398212e+01,1.000000000000000000e+00,8.484594042725463581e+00,2.205178423453375558e-01,7.000000000000000000e+00
3.648059085236292987e+01,-5.397688044013398212e+01,1.000000000000000000e+00,5.618648153762696218e+00,1.347714931548865458e+00,7.000000000000000000e+00
3.548059085236292987e+01,-5.297688044013398212e+01,2.000000000000000000e+00,5.216836728186633465e+00,3.319667034685309659e-01,8.000000000000000000e+00
3.748059085236292987e+01,-1.549768804401339821e+02,2.000000000000000000e+00,1.432025557193740417e-01,3.176071979575478821e-03,5.000000000000000000e+00
3.748059085236292987e+01,-1.509768804401339821e+02,1.000000000000000000e+00,2.877008651610943435e+00,9.482947990594681187e-02,7.000000000000000000e+00
3.748059085236292987e+01,-1.499768804401339821e+02,1.000000000000000000e+00,1.925578098240699809e+00,1.342953826019892993e+00,9.000000000000000000e+00
3.848059085236292987e+01,-1.499768804401339821e+02,1.000000000000000000e+00,1.523983065476231802e-01,2.600816263520489002e-06,5.000000000000000000e+00
3.748059085236292987e+01,-1.479768804401339821e+02,1.000000000000000000e+00,1.523997394497471625e-01,3.587930489742849338e-02,8.000000000000000000e+00
3.848059085236292987e+01,-1.479768804401339821e+02,1.000000000000000000e+00,1.523986717018770420e-01,1.454496333042065714e-06,6.000000000000000000e+00
3.748059085236292987e+01,-1.469768804401339821e+02,2.000000000000000000e+00,5.370446701252858113e-02,9.869560380974055913e-02,1.800000000000000000e+01
3.748059085236292987e+01,-1.449768804401339821e+02,2.000000000000000000e+00,1.991645549328069473e-04,1.074726143723814774e-06,2.800000000000000000e+01
3.748059085236292987e+01,-1.429768804401339821e+02,2.000000000000000000e+00,1.995015053257276458e-04,7.553910740476456245e-07,3.300000000000000000e+01
3.748059085236292987e+01,-1.409768804401339821e+02,2.000000000000000000e+00,1.998557574555803848e-04,3.750684968606313001e-07,4.400000000000000000e+01
3.748059085236292987e+01,-1.389768804401339821e+02,2.000000000000000000e+00,1.997238946279011776e-04,4.274795103676115940e-07,4.900000000000000000e+01
3.748059085236292987e+01,-1.369768804401339821e+02,2.000000000000000000e+00,1.997814468969553450e-04,3.543651491207556060e-07,6.000000000000000000e+01
3.748059085236292987e+01,-1.349768804401339821e+02,2.000000000000000000e+00,1.998255864754661104e-04,3.670056232252250084e-07,6.100000000000000000e+01
3.748059085236292987e+01,-1.329768804401339821e+02,2.000000000000000000e+00,1.997801446078639742e-04,4.282874318750574862e-07,8.000000000000000000e+01
3.748059085236292987e+01,-1.309768804401339821e+02,2.000000000000000000e+00,1.998783330113162895e-04,3.659598850624945499e-07,7.900000000000000000e+01
3.748059085236292987e+01,-1.289768804401339821e+02,2.000000000000000000e+00,1.998733933639584739e-04,3.656670123142245852e-07,6.900000000000000000e+01
3.748059085236292987e+01,-1.269768804401339821e+02,2.000000000000000000e+00,3.554477179950410806e-03,1.488456547096524696e-01,7.500000000000000000e+01
3.748059085236292987e+01,-1.249768804401339821e+02,2.000000000000000000e+00,1.523998511477548112e-01,2.964732196456378865e-01,5.900000000000000000e+01
3.748059085236292987e+01,-1.229768804401339821e+02,5.000000000000000000e-01,3.092799831648189168e-01,1.001721086805578587e+00,2.300000000000000000e+01
3.748059085236292987e+01,-1.224768804401339821e+02,5.000000000000000000e-01,1.780564564457933763e-01,2.658792633878451994e+00,9.000000000000000000e+00
3.798059085236292987e+01,-1.224768804401339821e+02,5.000000000000000000e-01,1.523996601378301285e-01,2.748699436709312049e-02,6.000000000000000000e+00
3.798059085236292987e+01,-1.219768804401339821e+02,5.000000000000000000e-01,1.595910095707409049e-01,2.818264100488513169e+00,8.000000000000000000e+00
3.798059085236292987e+01,-1.214768804401339821e+02,5.000000000000000000e-01,1.566045050658387561e-01,2.928744286823986354e+00,8.000000000000000000e+00
3.848059085236292987e+01,-1.229768804401339821e+02,1.000000000000000000e+00,1.524000369933403154e-01,2.187617271220965165e-07,1.200000000000000000e+01
3.848059085236292987e+01,-1.219768804401339821e+02,1.000000000000000000e+00,1.523987611296934719e-01,1.239634928512645118e-06,1.000000000000000000e+01
3.748059085236292987e+01,-1.209768804401339821e+02,5.000000000000000000e-01,3.205459039542247979e+00,1.010776401363187027e-01,7.000000000000000000e+00
3.748059085236292987e+01,-1.204768804401339821e+02,5.000000000000000000e-01,7.497885530714010205e-01,2.376383994389930088e+00,7.000000000000000000e+00
3.798059085236292987e+01,-1.204768804401339821e+02,5.000000000000000000e-01,1.897687803991683353e-01,2.863429263589336582e+00,6.000000000000000000e+00
3.748059085236292987e+01,-1.199768804401339821e+02,5.000000000000000000e-01,2.736154412053073859e+00,2.160493676514554373e-01,1.100000000000000000e+01
3.798059085236292987e+01,-1.194768804401339821e+02,5.000000000000000000e-01,1.523995261915334076e-01,2.605998452956768574e+00,5.000000000000000000e+00
3.848059085236292987e+01,-1.209768804401339821e+02,1.000000000000000000e+00,1.523997681900612078e-01,3.480227922791900852e-07,1.200000000000000000e+01
3.848059085236292987e+01,-1.199768804401339821e+02,1.000000000000000000e+00,1.523997320060896388e-01,3.338078889136841809e-07,1.200000000000000000e+01
3.748059085236292987e+01,-1.189768804401339821e+02,2.000000000000000000e+00,1.523997343111964109e-01,3.440686326960928909e-07,2.500000000000000000e+01
3.748059085236292987e+01,-1.169768804401339821e+02,2.000000000000000000e+00,1.523996901883224453e-01,4.737828214196326826e-07,2.100000000000000000e+01
3.748059085236292987e+01,-1.149768804401339821e+02,2.000000000000000000e+00,1.523996418206370329e-01,4.173919854189023226e-07,1.100000000000000000e+01
3.748059085236292987e+01,-1.129768804401339821e+02,2.000000000000000000e+00,1.523990686282735985e-01,1.645321483195738566e-06,8.000000000000000000e+00
3.748059085236292987e+01,-1.029768804401339821e+02,2.000000000000000000e+00,1.523997549242198934e-01,2.761521539496047950e-07,5.000000000000000000e+00
3.748059085236292987e+01,-1.009768804401339821e+02,1.000000000000000000e+00,1.988391307758320958e-01,9.899120985934646288e-01,1.400000000000000000e+01
3.748059085236292987e+01,-9.997688044013398212e+01,1.000000000000000000e+00,5.387773507347166646e-01,1.027844063152790755e+00,1.900000000000000000e+01
3.848059085236292987e+01,-1.009768804401339821e+02,1.000000000000000000e+00,1.965893788108048490e-01,7.354870686576056027e-01,1.600000000000000000e+01
3.748059085236292987e+01,-9.847688044013398212e+01,5.000000000000000000e-01,5.013099985430206296e+00,4.112680060436786356e+00,3.700000000000000000e+01
3.798059085236292987e+01,-9.897688044013398212e+01,5.000000000000000000e-01,1.366080002262588078e+00,9.318242902980853337e-01,1.200000000000000000e+01
3.798059085236292987e+01,-9.847688044013398212e+01,5.000000000000000000e-01,2.275895431911683531e+00,6.163179655561480175e+00,5.100000000000000000e+01
3.748059085236292987e+01,-9.797688044013398212e+01,5.000000000000000000e-01,7.164938585681766448e+00,2.746317069953160050e+00,7.000000000000000000e+00
3.848059085236292987e+01,-9.847688044013398212e+01,5.000000000000000000e-01,2.298061587440921372e+00,6.203596060440775162e+00,5.600000000000000000e+01
3.898059085236292987e+01,-9.847688044013398212e+01,5.000000000000000000e-01,1.564795161389625378e+00,6.802095051000314641e+00,6.200000000000000000e+01
3.898059085236292987e+01,-9.797688044013398212e+01,5.000000000000000000e-01,6.439880135590847487e+00,3.039858864849259490e+00,2.000000000000000000e+01
3.748059085236292987e+01,-5.497688044013398212e+01,2.000000000000000000e+00,6.159880113601684748e+00,5.403599057044514709e-01,8.000000000000000000e+00
3.748059085236292987e+01,-5.297688044013398212e+01,1.000000000000000000e+00,5.650089595095005635e+00,1.370866732491802686e+00,1.600000000000000000e+01
3.748059085236292987e+01,-5.197688044013398212e+01,1.000000000000000000e+00,5.443245162851038543e+00,9.260315602044153493e-01,6.000000000000000000e+00
3.748059085236292987e+01,-5.097688044013398212e+01,2.000000000000000000e+00,6.199301980937987011e+00,2.966620855513379951e-01,1.100000000000000000e+01
3.948059085236292987e+01,-1.549768804401339821e+02,2.000000000000000000e+00,1.419605146086668768e-01,4.016278950031260120e-03,1.300000000000000000e+01
3.948059085236292987e+01,-1.529768804401339821e+02,2.000000000000000000e+00,1.474337472035904817e-01,3.528519897375126391e-03,1.100000000000000000e+01
3.948059085236292987e+01,-1.509768804401339821e+02,2.000000000000000000e+00,1.523993416710623383e-01,7.831965365134863077e-07,1.400000000000000000e+01
3.948059085236292987e+01,-1.489768804401339821e+02,2.000000000000000000e+00,1.523995423265351867e-01,8.090109830938274627e-07,1.300000000000000000e+01
3.948059085236292987e+01,-1.469768804401339821e+02,2.000000000000000000e+00,4.733481618073098751e-02,1.050652583307467580e-01,3.600000000000000000e+01
3.948059085236292987e+01,-1.449768804401339821e+02,2.000000000000000000e+00,1.991080363303865397e-04,3.175428059751794763e-04,4.100000000000000000e+01
3.948059085236292987e+01,-1.429768804401339821e+02,2.000000000000000000e+00,1.998486772722518731e-04,3.508941931462672414e-07,4.800000000000000000e+01
3.948059085236292987e+01,-1.409768804401339821e+02,2.000000000000000000e+00,1.995683411506021907e-04,6.150323336839684258e-07,5.500000000000000000e+01
3.948059085236292987e+01,-1.389768804401339821e+02,2.000000000000000000e+00,1.997424874349285062e-04,4.525860049842177300e-07,6.400000000000000000e+01
3.948059085236292987e+01,-1.369768804401339821e+02,2.000000000000000000e+00,1.997866300866846245e-04,3.982290751602945988e-07,8.600000000000000000e+01
3.948059085236292987e+01,-1.349768804401339821e+02,2.000000000000000000e+00,1.998434868571763499e-04,3.417739653066413381e-07,1.040000000000000000e+02
3.948059085236292987e+01,-1.329768804401339821e+02,2.000000000000000000e+00,1.998460741138075091e-04,3.374276072776237565e-07,1.250000000000000000e+02
3.948059085236292987e+01,-1.309768804401339821e+02,2.000000000000000000e+00,1.999071794626772311e-04,2.891499654822219951e-07,1.330000000000000000e+02
3.948059085236292987e+01,-1.289768804401339821e+02,2.000000000000000000e+00,1.998934557938980452e-04,2.616957834211837679e-07,1.100000000000000000e+02
3.948059085236292987e+01,-1.269768804401339821e+02,2.000000000000000000e+00,5.530598294079959454e-03,1.468694909820694172e-01,1.040000000000000000e+02
3.948059085236292987e+01,-1.249768804401339821e+02,2.000000000000000000e+00,1.523997981882117547e-01,3.593196441498136551e-07,7.800000000000000000e+01
3.948059085236292987e+01,-1.229768804401339821e+02,2.000000000000000000e+00,1.523998350255226231e-01,2.439658964847879474e-07,5.700000000000000000e+01
3.948059085236292987e+01,-1.209768804401339821e+02,2.000000000000000000e+00,1.523997836915078619e-01,3.766941032434800718e-07,4.100000000000000000e+01
3.948059085236292987e+01,-1.189768804401339821e+02,2.000000000000000000e+00,1.523994357272472899e-01,6.530198466969672211e-07,2.800000000000000000e+01
3.948059085236292987e+01,-1.169768804401339821e+02,2.000000000000000000e+00,1.523998452109856794e-01,2.619647480051057187e-07,2.300000000000000000e+01
3.948059085236292987e+01,-1.149768804401339821e+02,2.000000000000000000e+00,1.523997753165057811e-01,3.159812900777048128e-07,1.500000000000000000e+01
3.948059085236292987e+01,-1.129768804401339821e+02,2.000000000000000000e+00,1.523994706528934984e-01,7.613907981041112549e-07,1.400000000000000000e+01
3.948059085236292987e+01,-1.089768804401339821e+02,2.000000000000000000e+00,1.523998678701864173e-01,5.399470413836038318e-07,1.000000000000000000e+01
3.948059085236292987e+01,-1.009768804401339821e+02,2.000000000000000000e+00,1.691341582327460513e-01,6.987807085705840526e-01,2.000000000000000000e+01
3.948059085236292987e+01,-9.847688044013398212e+01,5.000000000000000000e-01,2.273715126640715400e+00,6.357205123184440865e+00,4.200000000000000000e+01
3.998059085236292987e+01,-9.847688044013398212e+01,5.000000000000000000e-01,2.303841855248542458e+00,6.275596269615807188e+00,7.600000000000000000e+01
3.948059085236292987e+01,-9.797688044013398212e+01,5.000000000000000000e-01,3.111905069088860998e+00,6.254071078248477633e+00,1.400000000000000000e+01
3.998059085236292987e+01,-9.797688044013398212e+01,5.000000000000000000e-01,3.186234778838193726e+00,6.444287632309575464e+00,8.000000000000000000e+00
4.048059085236292987e+01,-9.847688044013398212e+01,5.000000000000000000e-01,2.312932096697366990e+00,6.359574417689813686e+00,7.100000000000000000e+01
4.098059085236292987e+01,-9.847688044013398212e+01,5.000000000000000000e-01,3.514049532396255504e+00,5.093410051522965887e+00,5.800000000000000000e+01
4.098059085236292987e+01,-9.797688044013398212e+01,5.000000000000000000e-01,1.413123060811519727e+00,8.282616042076304197e+00,2.200000000000000000e+01
3.998059085236292987e+01,-8.347688044013398212e+01,5.000000000000000000e-01,1.454507871324802970e+00,2.718504768485740186e+00,1.700000000000000000e+01
4.048059085236292987e+01,-8.347688044013398212e+01,5.000000000000000000e-01,1.592913546312860973e+00,2.619591889467169921e+00,1.000000000000000000e+01
4.098059085236292987e+01,-8.347688044013398212e+01,5.000000000000000000e-01,2.029471368091683381e+00,2.135699925460457393e+00,9.000000000000000000e+00
3.998059085236292987e+01,-8.297688044013398212e+01,5.000000000000000000e-01,7.920357974578969840e-01,1.504407311000008907e+00,1.500000000000000000e+01
3.998059085236292987e+01,-8.247688044013398212e+01,5.000000000000000000e-01,7.172273740547123744e-01,7.998974794863000781e-01,6.000000000000000000e+00
3.948059085236292987e+01,-8.197688044013398212e+01,1.000000000000000000e+00,5.762619240504919249e-01,9.210118598305562232e-01,1.200000000000000000e+01
3.948059085236292987e+01,-8.097688044013398212e+01,2.000000000000000000e+00,8.871038761865400746e-01,1.141174885500170211e-01,8.000000000000000000e+00
4.148059085236292987e+01,-1.549768804401339821e+02,2.000000000000000000e+00,1.412881881200925283e-01,4.700208850930365223e-03,1.200000000000000000e+01
4.148059085236292987e+01,-1.529768804401339821e+02,2.000000000000000000e+00,1.488869084165566348e-01,3.048895150863373260e-03,7.000000000000000000e+00
4.148059085236292987e+01,-1.509768804401339821e+02,2.000000000000000000e+00,1.523994631295984559e-01,6.941386586911679757e-07,1.800000000000000000e+01
4.148059085236292987e+01,-1.489768804401339821e+02,2.000000000000000000e+00,1.523997170302672788e-01,5.598101002757260858e-07,2.000000000000000000e+01
4.148059085236292987e+01,-1.469768804401339821e+02,2.000000000000000000e+00,3.131879747366017597e-02,1.210813436979345514e-01,5.100000000000000000e+01
4.148059085236292987e+01,-1.449768804401339821e+02,2.000000000000000000e+00,1.996978227804646730e-04,2.823632877255715518e-04,3.400000000000000000e+01
4.148059085236292987e+01,-1.429768804401339821e+02,2.000000000000000000e+00,1.995391379496780360e-04,6.231461662453642494e-07,5.200000000000000000e+01
4.148059085236292987e+01,-1.409768804401339821e+02,2.000000000000000000e+00,1.995809578423379804e-04,6.379670542955295787e-07,6.600000000000000000e+01
4.148059085236292987e+01,-1.389768804401339821e+02,2.000000000000000000e+00,1.998269207559744023e-04,3.800128064002203550e-07,1.140000000000000000e+02
4.148059085236292987e+01,-1.369768804401339821e+02,2.000000000000000000e+00,1.998417103539651299e-04,3.510079887858452707e-07,1.280000000000000000e+02
4.148059085236292987e+01,-1.349768804401339821e+02,2.000000000000000000e+00,1.998613768336987562e-04,2.691043455627149892e-07,1.700000000000000000e+02
4.148059085236292987e+01,-1.329768804401339821e+02,2.000000000000000000e+00,1.998734449156103102e-04,3.273285022587055400e-07,2.050000000000000000e+02
4.148059085236292987e+01,-1.309768804401339821e+02,2.000000000000000000e+00,1.999205396058911625e-04,3.350713848604685175e-07,1.890000000000000000e+02
4.148059085236292987e+01,-1.289768804401339821e+02,2.000000000000000000e+00,1.998918701500151940e-04,2.805718076537343317e-07,1.770000000000000000e+02
4.148059085236292987e+01,-1.269768804401339821e+02,2.000000000000000000e+00,5.491375134593125436e-03,1.469087579220193507e-01,1.770000000000000000e+02
4.148059085236292987e+01,-1.249768804401339821e+02,2.000000000000000000e+00,1.523998043806473746e-01,3.386111241954203877e-07,1.030000000000000000e+02
4.148059085236292987e+01,-1.229768804401339821e+02,2.000000000000000000e+00,1.523997659733478116e-01,3.395163505892639932e-07,7.100000000000000000e+01
4.148059085236292987e+01,-1.209768804401339821e+02,2.000000000000000000e+00,1.523998027707869629e-01,4.718068827846977342e-07,5.200000000000000000e+01
4.148059085236292987e+01,-1.189768804401339821e+02,2.000000000000000000e+00,1.523998372735855256e-01,3.429020756229306244e-07,4.100000000000000000e+01
4.148059085236292987e+01,-1.169768804401339821e+02,2.000000000000000000e+00,1.523997588072546761e-01,1.037649965146547615e-06,3.300000000000000000e+01
4.148059085236292987e+01,-1.149768804401339821e+02,2.000000000000000000e+00,1.523988499675828778e-01,1.309904841345632676e-06,2.200000000000000000e+01
4.148059085236292987e+01,-1.129768804401339821e+02,2.000000000000000000e+00,1.523990720747717964e-01,1.172388489317777172e-06,2.700000000000000000e+01
4.148059085236292987e+01,-1.089768804401339821e+02,2.000000000000000000e+00,1.523989964070394387e-01,1.296888536866935837e-06,1.800000000000000000e+01
4.148059085236292987e+01,-1.069768804401339821e+02,2.000000000000000000e+00,1.523998877573564670e-01,2.766691042932478695e-07,1.100000000000000000e+01
4.148059085236292987e+01,-1.029768804401339821e+02,2.000000000000000000e+00,1.523991198264873503e-01,8.694322962132794430e-07,5.000000000000000000e+00
4.148059085236292987e+01,-1.009768804401339821e+02,1.000000000000000000e+00,1.866574455284402134e-01,6.748187083841656886e-01,1.500000000000000000e+01
4.248059085236292987e+01,-1.009768804401339821e+02,1.000000000000000000e+00,2.504379441362861725e-01,6.816547351959658663e-01,1.700000000000000000e+01
4.248059085236292987e+01,-9.997688044013398212e+01,1.000000000000000000e+00,2.150387402154076422e-01,6.703355850097318935e-01,8.000000000000000000e+00
4.148059085236292987e+01,-9.847688044013398212e+01,5.000000000000000000e-01,4.488970872301727866e+00,4.409459474478619967e+00,4.700000000000000000e+01
4.198059085236292987e+01,-9.847688044013398212e+01,5.000000000000000000e-01,3.078546781009769084e+00,5.921806062546838056e+00,2.900000000000000000e+01
4.148059085236292987e+01,-9.797688044013398212e+01,5.000000000000000000e-01,1.425876137003762478e+00,7.816926014319611760e+00,4.000000000000000000e+01
4.198059085236292987e+01,-9.797688044013398212e+01,5.000000000000000000e-01,1.235354932926662208e+00,7.509285753275725561e+00,2.900000000000000000e+01
4.248059085236292987e+01,-9.847688044013398212e+01,5.000000000000000000e-01,3.301073122549496919e+00,5.344039593005629030e+00,6.000000000000000000e+01
4.298059085236292987e+01,-9.897688044013398212e+01,5.000000000000000000e-01,3.197298527534003232e-01,8.335348105837173449e+00,7.000000000000000000e+00
4.298059085236292987e+01,-9.847688044013398212e+01,5.000000000000000000e-01,2.301869065568312056e+00,6.215638287831145803e+00,7.400000000000000000e+01
4.248059085236292987e+01,-9.797688044013398212e+01,5.000000000000000000e-01,8.508395528063662505e-01,8.647555848223889896e+00,8.000000000000000000e+00
4.148059085236292987e+01,-8.347688044013398212e+01,5.000000000000000000e-01,2.281994876446854281e+00,2.121789832199879822e+00,2.000000000000000000e+01
4.198059085236292987e+01,-8.347688044013398212e+01,5.000000000000000000e-01,1.608906547376025564e+00,2.721023618321607884e+00,1.100000000000000000e+01
4.248059085236292987e+01,-8.347688044013398212e+01,5.000000000000000000e-01,1.627883237370972846e+00,3.271586648014359167e+00,2.000000000000000000e+01
4.298059085236292987e+01,-8.347688044013398212e+01,5.000000000000000000e-01,2.964046374473698897e+00,3.783485260177084974e+00,2.200000000000000000e+01
4.148059085236292987e+01,-8.297688044013398212e+01,1.000000000000000000e+00,4.914635932417131592e+00,9.942367926462942762e-01,7.000000000000000000e+00
4.148059085236292987e+01,-8.197688044013398212e+01,1.000000000000000000e+00,5.258937668303882873e+00,4.610962180671442923e-01,6.000000000000000000e+00
4.248059085236292987e+01,-8.297688044013398212e+01,1.000000000000000000e+00,5.069100040505570171e+00,1.387475495345658949e+00,2.500000000000000000e+01
4.148059085236292987e+01,-7.897688044013398212e+01,2.000000000000000000e+00,5.209756375609106982e+00,4.293360022070347171e-01,1.500000000000000000e+01
4.148059085236292987e+01,-7.697688044013398212e+01,2.000000000000000000e+00,5.384194697536736740e+00,5.121773456201967889e-01,1.400000000000000000e+01
4.248059085236292987e+01,-7.497688044013398212e+01,5.000000000000000000e-01,3.508380123596568367e-01,4.267550099964967814e+00,6.000000000000000000e+00
4.298059085236292987e+01,-7.497688044013398212e+01,5.000000000000000000e-01,1.154869790672586438e+00,4.264982413738854561e+00,6.000000000000000000e+00
4.298059085236292987e+01,-7.447688044013398212e+01,5.000000000000000000e-01,5.249522329602950066e+00,5.698915135360742568e-01,9.000000000000000000e+00
4.248059085236292987e+01,-7.397688044013398212e+01,1.000000000000000000e+00,5.250469895300211576e+00,9.311482073485457533e-01,1.500000000000000000e+01
4.148059085236292987e+01,-7.297688044013398212e+01,1.000000000000000000e+00,5.575669454629457178e+00,3.423080564488820698e-01,5.000000000000000000e+00
4.248059085236292987e+01,-7.297688044013398212e+01,1.000000000000000000e+00,5.763803482055664062e+00,7.172139583761145687e-01,1.600000000000000000e+01
4.248059085236292987e+01,-7.197688044013398212e+01,1.000000000000000000e+00,6.230671867332805647e+00,5.871434614153789866e-01,9.000000000000000000e+00
4.148059085236292987e+01,-6.897688044013398212e+01,2.000000000000000000e+00,2.000117300024584319e-04,2.145786375250561748e-08,8.000000000000000000e+00
4.148059085236292987e+01,-6.697688044013398212e+01,2.000000000000000000e+00,2.000331878662109375e-04,0.000000000000000000e+00,5.000000000000000000e+00
4.148059085236292987e+01,-6.297688044013398212e+01,2.000000000000000000e+00,1.999820269375618517e-04,8.076279240930056731e-08,1.200000000000000000e+01
4.348059085236292987e+01,-1.549768804401339821e+02,2.000000000000000000e+00,1.399368062561661685e-01,5.787951223914677978e-03,1.700000000000000000e+01
4.348059085236292987e+01,-1.509768804401339821e+02,2.000000000000000000e+00,1.523997853697420801e-01,3.700737073175641711e-07,2.500000000000000000e+01
4.348059085236292987e+01,-1.489768804401339821e+02,2.000000000000000000e+00,1.523994771033045370e-01,6.884957956809767410e-07,2.700000000000000000e+01
4.348059085236292987e+01,-1.469768804401339821e+02,2.000000000000000000e+00,4.365429376695222768e-02,1.087458288848774934e-01,5.400000000000000000e+01
4.348059085236292987e+01,-1.449768804401339821e+02,2.000000000000000000e+00,1.995835517693667180e-04,8.807580645475547327e-07,4.800000000000000000e+01
4.348059085236292987e+01,-1.429768804401339821e+02,2.000000000000000000e+00,1.994340259412474836e-04,7.329709919012827868e-07,6.600000000000000000e+01
4.348059085236292987e+01,-1.409768804401339821e+02,2.000000000000000000e+00,1.996462359088013836e-04,5.607323219747166205e-07,8.400000000000000000e+01
4.348059085236292987e+01,-1.389768804401339821e+02,2.000000000000000000e+00,1.998000755885520510e-04,3.124761166262200827e-07,1.130000000000000000e+02
4.348059085236292987e+01,-1.369768804401339821e+02,2.000000000000000000e+00,1.998282640307991079e-04,3.273428218708790763e-07,1.720000000000000000e+02
4.348059085236292987e+01,-1.349768804401339821e+02,2.000000000000000000e+00,1.998159554092993062e-04,3.671580657726883183e-07,2.230000000000000000e+02
4.348059085236292987e+01,-1.329768804401339821e+02,2.000000000000000000e+00,1.997306997031600363e-04,4.253536712628457148e-07,1.920000000000000000e+02
4.348059085236292987e+01,-1.309768804401339821e+02,2.000000000000000000e+00,1.998901246840656290e-04,3.048538308903110932e-07,1.800000000000000000e+02
4.348059085236292987e+01,-1.289768804401339821e+02,2.000000000000000000e+00,1.998754767135402179e-04,2.805353909174357341e-07,2.030000000000000000e+02
4.348059085236292987e+01,-1.269768804401339821e+02,2.000000000000000000e+00,4.676886904050725664e-03,1.477232165824698129e-01,2.240000000000000000e+02
4.348059085236292987e+01,-1.249768804401339821e+02,2.000000000000000000e+00,1.523998675240015588e-01,2.679298333474466887e-07,1.370000000000000000e+02
4.348059085236292987e+01,-1.229768804401339821e+02,2.000000000000000000e+00,1.523998597305183667e-01,2.627130895882512363e-07,9.700000000000000000e+01
4.348059085236292987e+01,-1.209768804401339821e+02,2.000000000000000000e+00,1.523998484644064066e-01,3.560795324430987563e-07,5.700000000000000000e+01
4.348059085236292987e+01,-1.189768804401339821e+02,2.000000000000000000e+00,1.523997475032627946e-01,5.284542377026468785e-07,4.100000000000000000e+01
4.348059085236292987e+01,-1.169768804401339821e+02,2.000000000000000000e+00,1.523990774636296008e-01,1.098030586038634127e-06,4.000000000000000000e+01
4.348059085236292987e+01,-1.149768804401339821e+02,2.000000000000000000e+00,1.523991186092543693e-01,1.433070322187646184e-06,3.100000000000000000e+01
4.348059085236292987e+01,-1.129768804401339821e+02,2.000000000000000000e+00,1.523998548268492570e-01,8.372385635335710674e-07,2.800000000000000000e+01
4.348059085236292987e+01,-1.109768804401339821e+02,2.000000000000000000e+00,1.523990343603623399e-01,1.156373510141639471e-06,2.200000000000000000e+01
4.348059085236292987e+01,-1.089768804401339821e+02,2.000000000000000000e+00,1.523992133872439092e-01,8.435910720527850515e-07,1.800000000000000000e+01
4.348059085236292987e+01,-1.069768804401339821e+02,2.000000000000000000e+00,1.523993552022231412e-01,8.206177159464367321e-07,1.200000000000000000e+01
4.348059085236292987e+01,-1.009768804401339821e+02,1.000000000000000000e+00,1.565882354818401434e-01,4.819014849561401026e-01,9.000000000000000000e+00
4.398059085236292987e+01,-9.947688044013398212e+01,5.000000000000000000e-01,5.877651509588124767e+00,2.420365029596746709e+00,3.400000000000000000e+01
4.448059085236292987e+01,-1.009768804401339821e+02,1.000000000000000000e+00,1.598705031927352138e-01,5.143028306378140124e-01,6.000000000000000000e+00
4.448059085236292987e+01,-9.947688044013398212e+01,5.000000000000000000e-01,5.982095393872795874e+00,2.647389532049582606e+00,4.000000000000000000e+01
4.498059085236292987e+01,-9.947688044013398212e+01,5.000000000000000000e-01,5.878873189832918733e+00,2.576155608792812579e+00,5.200000000000000000e+01
4.348059085236292987e+01,-9.847688044013398212e+01,5.000000000000000000e-01,2.314671078507808399e+00,6.756141620894039690e+00,3.900000000000000000e+01
4.398059085236292987e+01,-9.847688044013398212e+01,5.000000000000000000e-01,1.585655415954825509e+00,8.752289784811120299e+00,3.600000000000000000e+01
4.398059085236292987e+01,-9.797688044013398212e+01,5.000000000000000000e-01,1.278093537166282712e+00,2.880323025007031301e+00,1.200000000000000000e+01
4.448059085236292987e+01,-9.847688044013398212e+01,5.000000000000000000e-01,1.536598070256150583e+00,9.173893170242411799e+00,2.100000000000000000e+01
4.498059085236292987e+01,-9.847688044013398212e+01,5.000000000000000000e-01,2.306401904459848051e+00,6.676579106283147880e+00,4.100000000000000000e+01
4.448059085236292987e+01,-9.797688044013398212e+01,5.000000000000000000e-01,3.083004031527561750e+00,6.917109598818697691e+00,2.300000000000000000e+01
4.498059085236292987e+01,-9.797688044013398212e+01,5.000000000000000000e-01,9.251643599175288557e+00,4.787579603663374428e-01,6.000000000000000000e+00
4.348059085236292987e+01,-8.347688044013398212e+01,5.000000000000000000e-01,1.502433186342361671e+00,4.870553100489854792e+00,2.600000000000000000e+01
4.398059085236292987e+01,-8.347688044013398212e+01,5.000000000000000000e-01,2.952821296845427046e+00,4.368259665974731476e+00,3.800000000000000000e+01
4.448059085236292987e+01,-8.347688044013398212e+01,5.000000000000000000e-01,2.330951212025147878e+00,3.241033271915938929e+00,2.700000000000000000e+01
4.498059085236292987e+01,-8.347688044013398212e+01,5.000000000000000000e-01,2.822205621004104881e+00,3.777405360087550346e+00,1.300000000000000000e+01
4.448059085236292987e+01,-7.897688044013398212e+01,1.000000000000000000e+00,5.539871701064626563e+00,6.535130416721894875e-01,5.000000000000000000e+00
4.448059085236292987e+01,-7.797688044013398212e+01,1.000000000000000000e+00,5.641247333260915653e+00,5.624950785337077264e-01,8.000000000000000000e+00
4.348059085236292987e+01,-7.647688044013398212e+01,5.000000000000000000e-01,3.905303330012528829e+00,1.721662916721153014e+00,6.000000000000000000e+00
4.398059085236292987e+01,-7.697688044013398212e+01,5.000000000000000000e-01,2.254208240947082942e+00,2.979920026761277541e+00,4.200000000000000000e+01
4.398059085236292987e+01,-7.647688044013398212e+01,5.000000000000000000e-01,1.336351007756809928e+00,4.161823399111012733e+00,2.200000000000000000e+01
4.348059085236292987e+01,-7.597688044013398212e+01,1.000000000000000000e+00,5.678794193267822088e+00,4.750338646094620643e-01,1.000000000000000000e+01
4.348059085236292987e+01,-7.497688044013398212e+01,5.000000000000000000e-01,8.683326956828314458e-01,5.252025679347482878e+00,8.000000000000000000e+00
4.398059085236292987e+01,-7.447688044013398212e+01,5.000000000000000000e-01,5.649089779610962481e+00,4.844812210214026749e-01,5.000000000000000000e+00
4.348059085236292987e+01,-7.397688044013398212e+01,1.000000000000000000e+00,5.680151723147131904e+00,6.117787920067536689e-01,2.200000000000000000e+01
4.448059085236292987e+01,-7.497688044013398212e+01,5.000000000000000000e-01,9.355102472144265491e-01,5.340791822476961492e+00,9.000000000000000000e+00
4.498059085236292987e+01,-7.447688044013398212e+01,5.000000000000000000e-01,6.506444454193115234e+00,7.326426029067434342e-02,6.000000000000000000e+00
4.448059085236292987e+01,-7.397688044013398212e+01,1.000000000000000000e+00,6.430436848864126809e+00,7.128956870265197310e-01,2.500000000000000000e+01
4.348059085236292987e+01,-7.297688044013398212e+01,1.000000000000000000e+00,6.177202463150024414e+00,6.760036714445192274e-01,1.100000000000000000e+01
4.348059085236292987e+01,-7.197688044013398212e+01,1.000000000000000000e+00,6.714826260624487730e+00,3.502098050717270539e-01,7.000000000000000000e+00
4.448059085236292987e+01,-7.297688044013398212e+01,1.000000000000000000e+00,6.450728210242986371e+00,1.114096839809617379e+00,1.700000000000000000e+01
4.448059085236292987e+01,-7.197688044013398212e+01,1.000000000000000000e+00,6.942489444925729281e+00,6.713522856290357055e-01,1.100000000000000000e+01
4.348059085236292987e+01,-6.297688044013398212e+01,2.000000000000000000e+00,1.996133317279102926e-04,3.045458023542835235e-07,5.000000000000000000e+00
4.348059085236292987e+01,-6.097688044013398212e+01,2.000000000000000000e+00,1.998728470809396532e-04,2.366836121048276637e-06,1.400000000000000000e+01
4.348059085236292987e+01,-5.897688044013398212e+01,2.000000000000000000e+00,1.998903395431739173e-04,1.428483230370202004e-07,7.000000000000000000e+00
4.548059085236292987e+01,-1.569768804401339821e+02,2.000000000000000000e+00,1.383863207183881339e-01,6.156667767389656376e-04,9.000000000000000000e+00
4.548059085236292987e+01,-1.549768804401339821e+02,2.000000000000000000e+00,1.398649818832540248e-01,5.949212085242905346e-03,1.100000000000000000e+01
4.698059085236292987e+01,-1.524768804401339821e+02,5.000000000000000000e-01,4.868246463103119481e+00,2.700840146118097529e+00,1.900000000000000000e+01
4.548059085236292987e+01,-1.509768804401339821e+02,2.000000000000000000e+00,1.523997719875562207e-01,3.597536539778900533e-07,2.900000000000000000e+01
4.548059085236292987e+01,-1.489768804401339821e+02,2.000000000000000000e+00,1.523998718885604120e-01,2.726672576613964338e-07,2.100000000000000000e+01
4.548059085236292987e+01,-1.469768804401339821e+02,2.000000000000000000e+00,3.673381424959245439e-02,1.156662742594627702e-01,5.800000000000000000e+01
4.548059085236292987e+01,-1.449768804401339821e+02,2.000000000000000000e+00,1.998524001061596669e-04,3.597873798000467485e-07,5.500000000000000000e+01
4.548059085236292987e+01,-1.429768804401339821e+02,2.000000000000000000e+00,1.997790518664999181e-04,3.954619842261146174e-07,7.500000000000000000e+01
4.548059085236292987e+01,-1.409768804401339821e+02,2.000000000000000000e+00,1.997064947934390380e-04,4.689620400455504941e-07,9.200000000000000000e+01
4.548059085236292987e+01,-1.389768804401339821e+02,2.000000000000000000e+00,1.997464919146096809e-04,3.860063334526486756e-07,1.520000000000000000e+02
4.548059085236292987e+01,-1.369768804401339821e+02,2.000000000000000000e+00,1.998359210392930516e-04,3.023732743745292679e-07,2.330000000000000000e+02
4.548059085236292987e+01,-1.349768804401339821e+02,2.000000000000000000e+00,1.997838969003851324e-04,3.650069825500369593e-07,2.240000000000000000e+02
4.548059085236292987e+01,-1.329768804401339821e+02,2.000000000000000000e+00,1.997422147001159888e-04,4.218557223767350952e-07,2.020000000000000000e+02
4.548059085236292987e+01,-1.309768804401339821e+02,2.000000000000000000e+00,1.997724155109459332e-04,4.093768962265651075e-07,2.140000000000000000e+02
4.548059085236292987e+01,-1.289768804401339821e+02,2.000000000000000000e+00,1.998195576282668640e-04,3.010889821908335762e-07,2.110000000000000000e+02
4.548059085236292987e+01,-1.269768804401339821e+02,2.000000000000000000e+00,6.591905479355775026e-03,1.458082176883409298e-01,2.630000000000000000e+02
4.548059085236292987e+01,-1.249768804401339821e+02,2.000000000000000000e+00,1.523998659130111621e-01,2.972068880446876449e-07,1.740000000000000000e+02
4.548059085236292987e+01,-1.229768804401339821e+02,2.000000000000000000e+00,1.523998417216883006e-01,4.241700461149466861e-07,1.050000000000000000e+02
4.548059085236292987e+01,-1.209768804401339821e+02,2.000000000000000000e+00,1.523997705219359844e-01,4.034584170919952584e-07,6.200000000000000000e+01
4.548059085236292987e+01,-1.189768804401339821e+02,2.000000000000000000e+00,1.523996725761520565e-01,4.824000676695305856e-07,5.100000000000000000e+01
4.548059085236292987e+01,-1.169768804401339821e+02,2.000000000000000000e+00,1.523998522273828371e-01,3.525990494579467338e-07,3.400000000000000000e+01
4.548059085236292987e+01,-1.149768804401339821e+02,2.000000000000000000e+00,1.523997892002073584e-01,7.455077997153836122e-07,3.100000000000000000e+01
4.548059085236292987e+01,-1.129768804401339821e+02,2.000000000000000000e+00,1.523996682554550897e-01,9.033564387639358984e-07,2.500000000000000000e+01
4.548059085236292987e+01,-1.109768804401339821e+02,2.000000000000000000e+00,1.523997585846647573e-01,1.435544403405319969e-06,1.700000000000000000e+01
4.548059085236292987e+01,-1.089768804401339821e+02,2.000000000000000000e+00,1.523994177331189914e-01,6.641956764585899009e-07,2.300000000000000000e+01
4.548059085236292987e+01,-1.069768804401339821e+02,2.000000000000000000e+00,1.523995745514502009e-01,7.060351363830097426e-07,3.000000000000000000e+01
4.548059085236292987e+01,-1.009768804401339821e+02,1.000000000000000000e+00,1.829618625356728145e-01,6.710537060726287084e-01,6.000000000000000000e+00
4.548059085236292987e+01,-9.947688044013398212e+01,5.000000000000000000e-01,5.533437539619789902e+00,2.848892045162124020e+00,6.000000000000000000e+01
4.648059085236292987e+01,-1.009768804401339821e+02,1.000000000000000000e+00,3.072137107891975694e-01,9.686895767543607372e-01,3.200000000000000000e+01
4.648059085236292987e+01,-9.997688044013398212e+01,1.000000000000000000e+00,1.122614713328604630e+00,5.043340738031540926e-01,1.900000000000000000e+01
4.548059085236292987e+01,-9.897688044013398212e+01,5.000000000000000000e-01,6.352220719580040864e+00,1.456482503217698010e+00,2.100000000000000000e+01
4.548059085236292987e+01,-9.847688044013398212e+01,5.000000000000000000e-01,2.314362088235116577e+00,7.774444373863692803e+00,2.500000000000000000e+01
4.598059085236292987e+01,-9.897688044013398212e+01,5.000000000000000000e-01,5.504193185828015089e+00,2.992486325548666670e+00,2.900000000000000000e+01
4.598059085236292987e+01,-9.847688044013398212e+01,5.000000000000000000e-01,4.116005391860071860e+00,4.608456714676383292e+00,1.110000000000000000e+02
4.548059085236292987e+01,-9.797688044013398212e+01,1.000000000000000000e+00,9.257524222164269290e+00,8.015412645349098142e-01,1.400000000000000000e+01
4.648059085236292987e+01,-9.897688044013398212e+01,5.000000000000000000e-01,1.465045322782632553e+00,8.459459924257064500e-01,1.100000000000000000e+01
4.648059085236292987e+01,-9.847688044013398212e+01,5.000000000000000000e-01,4.045927751893503732e+00,4.539840356132315513e+00,8.500000000000000000e+01
4.698059085236292987e+01,-9.847688044013398212e+01,5.000000000000000000e-01,5.853814848044440744e+00,4.180212862090043835e+00,5.000000000000000000e+01
4.648059085236292987e+01,-9.797688044013398212e+01,5.000000000000000000e-01,3.100418094893185206e+00,6.556234704983480377e+00,2.200000000000000000e+01
4.698059085236292987e+01,-9.797688044013398212e+01,5.000000000000000000e-01,3.081453173371648369e+00,4.410728848251162404e+00,2.200000000000000000e+01
4.698059085236292987e+01,-9.747688044013398212e+01,5.000000000000000000e-01,3.983050455565614989e+00,2.282848423438874619e-01,5.000000000000000000e+00
4.548059085236292987e+01,-8.347688044013398212e+01,5.000000000000000000e-01,3.388802644502150407e+00,2.772302934557654197e+00,1.300000000000000000e+01
4.598059085236292987e+01,-8.347688044013398212e+01,5.000000000000000000e-01,3.212807413294976211e+00,3.708042642612834339e+00,3.600000000000000000e+01
4.648059085236292987e+01,-8.347688044013398212e+01,5.000000000000000000e-01,3.513961184631336998e+00,3.302380952957172155e+00,3.200000000000000000e+01
4.698059085236292987e+01,-8.347688044013398212e+01,5.000000000000000000e-01,3.831188850436612725e+00,2.890175456966949774e+00,2.500000000000000000e+01
4.548059085236292987e+01,-8.097688044013398212e+01,2.000000000000000000e+00,5.824845717751609975e+00,4.478400673910316598e-01,1.500000000000000000e+01
4.548059085236292987e+01,-7.897688044013398212e+01,1.000000000000000000e+00,5.622366557585221969e+00,9.364391166285876977e-01,1.900000000000000000e+01
4.548059085236292987e+01,-7.797688044013398212e+01,1.000000000000000000e+00,6.049657154083251775e+00,4.032416658463873205e-01,1.400000000000000000e+01
4.648059085236292987e+01,-7.897688044013398212e+01,1.000000000000000000e+00,5.921989202499389648e+00,2.039459936729635103e-01,8.000000000000000000e+00
4.648059085236292987e+01,-7.797688044013398212e+01,1.000000000000000000e+00,6.420591854769076789e+00,2.574502809061751663e-01,1.000000000000000000e+01
4.548059085236292987e+01,-7.697688044013398212e+01,1.000000000000000000e+00,5.933485625126659002e+00,6.675919212462479990e-01,1.400000000000000000e+01
4.548059085236292987e+01,-7.597688044013398212e+01,1.000000000000000000e+00,5.874102664559437414e+00,3.565372471977914515e-01,1.400000000000000000e+01
4.648059085236292987e+01,-7.697688044013398212e+01,1.000000000000000000e+00,6.310957550854114473e+00,4.893230713082132866e-01,1.800000000000000000e+01
4.648059085236292987e+01,-7.597688044013398212e+01,1.000000000000000000e+00,6.292541239916417339e+00,5.325384840387696883e-01,2.200000000000000000e+01
4.548059085236292987e+01,-7.497688044013398212e+01,5.000000000000000000e-01,4.994201122187655884e-01,4.767958986061035631e+00,5.000000000000000000e+00
4.548059085236292987e+01,-7.397688044013398212e+01,1.000000000000000000e+00,6.533538407751990462e+00,1.018862282516371565e+00,1.700000000000000000e+01
4.648059085236292987e+01,-7.497688044013398212e+01,5.000000000000000000e-01,2.147923165903298681e+00,4.249197283841737338e+00,7.000000000000000000e+00
4.698059085236292987e+01,-7.497688044013398212e+01,5.000000000000000000e-01,6.035070302016756205e-01,6.239480724740226414e+00,1.600000000000000000e+01
4.698059085236292987e+01,-7.447688044013398212e+01,5.000000000000000000e-01,5.944061279296875173e-03,6.829891315583829225e+00,7.000000000000000000e+00
4.548059085236292987e+01,-7.297688044013398212e+01,1.000000000000000000e+00,6.432341584748102470e+00,1.182176319910666962e+00,1.400000000000000000e+01
4.648059085236292987e+01,-7.297688044013398212e+01,1.000000000000000000e+00,1.997608168085029945e-04,2.723710577079430095e-07,6.000000000000000000e+00
4.648059085236292987e+01,-7.197688044013398212e+01,1.000000000000000000e+00,1.998499195560832328e-04,2.072834749178081512e-07,9.000000000000000000e+00
4.548059085236292987e+01,-7.097688044013398212e+01,2.000000000000000000e+00,1.998599897177655185e-04,1.967628565413602568e-07,1.800000000000000000e+01
4.548059085236292987e+01,-6.897688044013398212e+01,2.000000000000000000e+00,1.997851756083690589e-04,2.480122578418786361e-07,8.000000000000000000e+00
4.548059085236292987e+01,-6.697688044013398212e+01,2.000000000000000000e+00,2.000331878662109375e-04,7.915961042215258203e-07,1.100000000000000000e+01
4.748059085236292987e+01,-1.789768804401339821e+02,2.000000000000000000e+00,4.898547156299226657e-02,1.349246342929877329e-03,6.000000000000000000e+00
4.748059085236292987e+01,-1.649768804401339821e+02,2.000000000000000000e+00,1.081464846395562007e-01,7.977974726479514223e-04,1.300000000000000000e+01
4.748059085236292987e+01,-1.629768804401339821e+02,2.000000000000000000e+00,1.094264334800853639e-01,1.233662760965564820e-03,7.000000000000000000e+00
4.748059085236292987e+01,-1.569768804401339821e+02,2.000000000000000000e+00,1.383827038856337843e-01,8.345849544830752365e-04,1.100000000000000000e+01
4.748059085236292987e+01,-1.549768804401339821e+02,2.000000000000000000e+00,1.399684058178491952e-01,3.999253950442760441e-03,1.100000000000000000e+01
4.748059085236292987e+01,-1.524768804401339821e+02,5.000000000000000000e-01,3.870318671416916434e+00,2.934185203032714906e+00,6.000000000000000000e+00
4.798059085236292987e+01,-1.524768804401339821e+02,5.000000000000000000e-01,4.706486815472570306e+00,2.863563068259636246e+00,1.900000000000000000e+01
4.748059085236292987e+01,-1.509768804401339821e+02,2.000000000000000000e+00,1.523995134796823636e-01,6.587833688287414446e-07,3.400000000000000000e+01
4.748059085236292987e+01,-1.489768804401339821e+02,2.000000000000000000e+00,1.523996556143824566e-01,5.252359223106850550e-07,2.900000000000000000e+01
4.748059085236292987e+01,-1.469768804401339821e+02,1.000000000000000000e+00,1.524000008301840126e-01,6.182255829489946564e-08,6.000000000000000000e+00
4.748059085236292987e+01,-1.459768804401339821e+02,1.000000000000000000e+00,3.727753080771264299e-02,1.151227024530206144e-01,1.800000000000000000e+01
4.848059085236292987e+01,-1.469768804401339821e+02,1.000000000000000000e+00,1.523992339359215298e-01,3.471023964605730039e-01,9.000000000000000000e+00
4.848059085236292987e+01,-1.459768804401339821e+02,5.000000000000000000e-01,6.823097271296534316e-01,2.903611338309147971e+00,3.900000000000000000e+01
4.848059085236292987e+01,-1.454768804401339821e+02,5.000000000000000000e-01,3.001634851114332210e-03,1.043385208216461024e-01,9.000000000000000000e+00
4.898059085236292987e+01,-1.459768804401339821e+02,5.000000000000000000e-01,2.331973273578062944e-01,5.586415451254079789e-01,1.000000000000000000e+01
4.898059085236292987e+01,-1.454768804401339821e+02,5.000000000000000000e-01,2.048439491778690849e-02,1.282574490425692493e-01,1.000000000000000000e+01
4.748059085236292987e+01,-1.449768804401339821e+02,2.000000000000000000e+00,1.996685386798979832e-04,4.689522042466813274e-07,5.800000000000000000e+01
4.748059085236292987e+01,-1.429768804401339821e+02,2.000000000000000000e+00,1.998564792236035004e-04,3.045210902996695231e-07,8.300000000000000000e+01
4.748059085236292987e+01,-1.409768804401339821e+02,2.000000000000000000e+00,1.998870178270273357e-04,2.909609928103515548e-07,1.170000000000000000e+02
4.748059085236292987e+01,-1.389768804401339821e+02,2.000000000000000000e+00,1.998609359315395187e-04,3.220579615437419232e-07,1.750000000000000000e+02
4.748059085236292987e+01,-1.369768804401339821e+02,2.000000000000000000e+00,1.998590542512168665e-04,2.869248901138268630e-07,2.750000000000000000e+02
4.748059085236292987e+01,-1.349768804401339821e+02,2.000000000000000000e+00,1.998130603603876063e-04,3.521260983685220100e-07,2.500000000000000000e+02
4.748059085236292987e+01,-1.329768804401339821e+02,2.000000000000000000e+00,1.997773307828983546e-04,4.467059042815636240e-07,1.820000000000000000e+02
4.748059085236292987e+01,-1.309768804401339821e+02,2.000000000000000000e+00,1.997040488386225832e-04,4.744671256995403041e-07,1.960000000000000000e+02
4.748059085236292987e+01,-1.289768804401339821e+02,2.000000000000000000e+00,1.997684087016615598e-04,3.880730742977897725e-07,2.190000000000000000e+02
4.748059085236292987e+01,-1.269768804401339821e+02,1.000000000000000000e+00,2.991363628193491938e-03,1.494087257418631187e-01,8.700000000000000000e+01
4.748059085236292987e+01,-1.259768804401339821e+02,1.000000000000000000e+00,1.523998655023521276e-01,3.049407556465766334e-07,6.400000000000000000e+01
4.848059085236292987e+01,-1.269768804401339821e+02,1.000000000000000000e+00,2.561541692038682948e-03,1.498386153535441190e-01,8.400000000000000000e+01
4.848059085236292987e+01,-1.259768804401339821e+02,5.000000000000000000e-01,4.705279083154825237e-01,3.976175125502655394e+00,1.160000000000000000e+02
4.848059085236292987e+01,-1.254768804401339821e+02,5.000000000000000000e-01,1.523999319932287655e-01,2.136263945740068948e-07,6.000000000000000000e+00
4.898059085236292987e+01,-1.259768804401339821e+02,5.000000000000000000e-01,1.524000123705817333e-01,5.068279955079566523e-01,3.500000000000000000e+01
4.898059085236292987e+01,-1.254768804401339821e+02,5.000000000000000000e-01,1.523999138788373342e-01,9.755413542346039191e-02,1.500000000000000000e+01
4.748059085236292987e+01,-1.249768804401339821e+02,2.000000000000000000e+00,1.523998172954636188e-01,3.889793209199687851e-07,1.930000000000000000e+02
4.748059085236292987e+01,-1.229768804401339821e+02,2.000000000000000000e+00,1.523998117586257695e-01,4.068605056195551128e-07,1.220000000000000000e+02
4.748059085236292987e+01,-1.209768804401339821e+02,2.000000000000000000e+00,1.523998269132222916e-01,3.690449537074869113e-07,8.600000000000000000e+01
4.748059085236292987e+01,-1.189768804401339821e+02,2.000000000000000000e+00,1.523997832495718185e-01,3.953911260068387890e-07,5.000000000000000000e+01
4.748059085236292987e+01,-1.169768804401339821e+02,2.000000000000000000e+00,1.523993658027431586e-01,7.699880164580008568e-07,5.600000000000000000e+01
4.748059085236292987e+01,-1.149768804401339821e+02,2.000000000000000000e+00,1.523995911413686954e-01,5.987987886646450875e-07,4.600000000000000000e+01
4.748059085236292987e+01,-1.129768804401339821e+02,2.000000000000000000e+00,1.523994701959163756e-01,6.307875469735435559e-07,2.600000000000000000e+01
4.748059085236292987e+01,-1.109768804401339821e+02,2.000000000000000000e+00,1.523998939015681897e-01,4.470633927777800665e-07,1.400000000000000000e+01
4.748059085236292987e+01,-1.089768804401339821e+02,2.000000000000000000e+00,1.523997848145710599e-01,3.979486769278839375e-07,1.000000000000000000e+01
4.748059085236292987e+01,-1.069768804401339821e+02,2.000000000000000000e+00,1.523998749803787134e-01,4.095094457978731839e-07,2.700000000000000000e+01
4.748059085236292987e+01,-1.009768804401339821e+02,1.000000000000000000e+00,2.808677101234853257e-01,9.667046381703052749e-01,2.900000000000000000e+01
4.748059085236292987e+01,-9.997688044013398212e+01,1.000000000000000000e+00,6.959132288997881277e-01,8.643283842955428176e-01,3.200000000000000000e+01
4.848059085236292987e+01,-1.009768804401339821e+02,1.000000000000000000e+00,2.241207580040082969e-01,7.178565456619037111e-01,1.500000000000000000e+01
4.748059085236292987e+01,-9.847688044013398212e+01,5.000000000000000000e-01,5.184606846570883221e+00,3.727442725097359855e+00,5.300000000000000000e+01
4.798059085236292987e+01,-9.897688044013398212e+01,5.000000000000000000e-01,1.240791318622903816e+00,1.082214794272336356e+00,2.100000000000000000e+01
4.798059085236292987e+01,-9.847688044013398212e+01,5.000000000000000000e-01,2.131211945121239459e+00,6.753262583263359708e+00,9.000000000000000000e+01
4.748059085236292987e+01,-9.797688044013398212e+01,5.000000000000000000e-01,3.063427274247175980e+00,4.475603239164278158e+00,2.200000000000000000e+01
4.848059085236292987e+01,-9.847688044013398212e+01,5.000000000000000000e-01,2.754533370946381954e+00,7.056890281407754983e+00,1.140000000000000000e+02
4.898059085236292987e+01,-9.847688044013398212e+01,5.000000000000000000e-01,2.315075006657281165e+00,6.883949969758786480e+00,1.000000000000000000e+02
4.898059085236292987e+01,-9.797688044013398212e+01,5.000000000000000000e-01,6.055640092019499043e+00,4.504997606193895443e+00,2.600000000000000000e+01
4.748059085236292987e+01,-8.347688044013398212e+01,5.000000000000000000e-01,3.482420722565362059e+00,3.259462748164079660e+00,1.700000000000000000e+01
4.798059085236292987e+01,-8.347688044013398212e+01,5.000000000000000000e-01,3.483147736920682469e+00,3.211397260737393289e+00,3.200000000000000000e+01
4.848059085236292987e+01,-8.397688044013398212e+01,5.000000000000000000e-01,3.029839146513707782e+00,1.092429260753408293e+00,1.200000000000000000e+01
4.848059085236292987e+01,-8.347688044013398212e+01,5.000000000000000000e-01,3.219499048614102410e+00,3.371851161098879945e+00,3.800000000000000000e+01
4.898059085236292987e+01,-8.347688044013398212e+01,5.000000000000000000e-01,4.548759145461137798e+00,1.095127829622599691e+00,8.000000000000000000e+00
4.848059085236292987e+01,-8.297688044013398212e+01,1.000000000000000000e+00,1.861180889606475874e+00,4.782697627136329732e-01,1.300000000000000000e+01
4.848059085236292987e+01,-8.197688044013398212e+01,1.000000000000000000e+00,1.210032590704485989e+00,6.260623484319591814e-01,1.400000000000000000e+01
4.848059085236292987e+01,-8.097688044013398212e+01,1.000000000000000000e+00,3.725324858013900342e-01,4.680122310391586216e-01,1.400000000000000000e+01
4.748059085236292987e+01,-7.897688044013398212e+01,2.000000000000000000e+00,6.343953752517700551e+00,4.468221752857814977e-01,9.000000000000000000e+00
4.748059085236292987e+01,-7.497688044013398212e+01,5.000000000000000000e-01,7.763920062183398141e-01,6.301053086374309942e+00,7.000000000000000000e+00
4.848059085236292987e+01,-7.497688044013398212e+01,1.000000000000000000e+00,1.524002192201794337e-01,1.111354107309100669e+00,1.100000000000000000e+01
4.748059085236292987e+01,-7.297688044013398212e+01,2.000000000000000000e+00,1.999231528776235277e-04,7.459730047454263095e-07,7.000000000000000000e+00
4.748059085236292987e+01,-6.497688044013398212e+01,2.000000000000000000e+00,1.999519253974568755e-04,1.266125644328042199e-07,1.100000000000000000e+01
4.748059085236292987e+01,-6.297688044013398212e+01,2.000000000000000000e+00,1.999465416811396670e-04,4.244252674645619759e-07,1.500000000000000000e+01
4.748059085236292987e+01,-6.097688044013398212e+01,2.000000000000000000e+00,2.000188363880717245e-04,6.383124526721504523e-08,1.300000000000000000e+01
4.748059085236292987e+01,-5.297688044013398212e+01,2.000000000000000000e+00,5.878938020330798153e+00,2.610828568369658598e-01,2.200000000000000000e+01
4.748059085236292987e+01,-5.097688044013398212e+01,1.000000000000000000e+00,5.665483576553403289e+00,6.531462926967943616e-01,6.000000000000000000e+00
4.948059085236292987e+01,-1.649768804401339821e+02,2.000000000000000000e+00,1.081212602065115824e-01,1.026669738684926614e-03,9.000000000000000000e+00
4.948059085236292987e+01,-1.569768804401339821e+02,2.000000000000000000e+00,1.384126552469790994e-01,5.167501344805758290e-04,1.300000000000000000e+01
4.948059085236292987e+01,-1.549768804401339821e+02,2.000000000000000000e+00,1.396798048462598030e-01,2.421363929747122334e-03,9.000000000000000000e+00
4.948059085236292987e+01,-1.509768804401339821e+02,2.000000000000000000e+00,1.523996456399901445e-01,4.748658234410285672e-07,3.800000000000000000e+01
4.948059085236292987e+01,-1.489768804401339821e+02,2.000000000000000000e+00,1.523996269835997952e-01,7.948854276740302538e-07,3.000000000000000000e+01
4.948059085236292987e+01,-1.469768804401339821e+02,2.000000000000000000e+00,4.365419680773219985e-02,1.087459629626864044e-01,6.900000000000000000e+01
4.948059085236292987e+01,-1.449768804401339821e+02,2.000000000000000000e+00,1.997290002848650659e-04,4.845851647507167003e-04,6.700000000000000000e+01
4.948059085236292987e+01,-1.429768804401339821e+02,2.000000000000000000e+00,1.998228879268371171e-04,4.279934139983347392e-07,8.900000000000000000e+01
4.948059085236292987e+01,-1.409768804401339821e+02,2.000000000000000000e+00,1.999035381659020061e-04,2.908752217423149489e-07,1.460000000000000000e+02
4.948059085236292987e+01,-1.389768804401339821e+02,2.000000000000000000e+00,1.998822226056962137e-04,3.127668936064864624e-07,1.990000000000000000e+02
4.948059085236292987e+01,-1.369768804401339821e+02,2.000000000000000000e+00,1.998675624752976779e-04,3.097460814949378177e-07,2.850000000000000000e+02
4.948059085236292987e+01,-1.349768804401339821e+02,2.000000000000000000e+00,1.997929141062115832e-04,3.230343614823993903e-07,2.860000000000000000e+02
4.948059085236292987e+01,-1.329768804401339821e+02,2.000000000000000000e+00,1.997411722500785913e-04,4.196480789531165101e-07,2.160000000000000000e+02
4.948059085236292987e+01,-1.309768804401339821e+02,2.000000000000000000e+00,1.998287905984774573e-04,3.872309106700555503e-07,2.230000000000000000e+02
4.948059085236292987e+01,-1.289768804401339821e+02,2.000000000000000000e+00,1.998435421630695430e-04,3.362524826355794971e-07,2.460000000000000000e+02
4.948059085236292987e+01,-1.269768804401339821e+02,2.000000000000000000e+00,5.676275676484809733e-03,1.467238795960651987e-01,3.250000000000000000e+02
4.948059085236292987e+01,-1.249768804401339821e+02,2.000000000000000000e+00,1.523998308726604023e-01,3.532627641522623207e-07,2.110000000000000000e+02
4.948059085236292987e+01,-1.229768804401339821e+02,2.000000000000000000e+00,1.523998569645656498e-01,3.515884733906737836e-07,1.240000000000000000e+02
4.948059085236292987e+01,-1.209768804401339821e+02,2.000000000000000000e+00,1.523997975099986579e-01,4.245077545594888591e-07,8.800000000000000000e+01
4.948059085236292987e+01,-1.189768804401339821e+02,2.000000000000000000e+00,1.523997259064060472e-01,4.699950013620224354e-07,6.600000000000000000e+01
4.948059085236292987e+01,-1.169768804401339821e+02,2.000000000000000000e+00,1.523997321776433544e-01,1.292875177000274434e-06,4.200000000000000000e+01
4.948059085236292987e+01,-1.149768804401339821e+02,2.000000000000000000e+00,1.523994087673747333e-01,9.864571054174486875e-07,4.800000000000000000e+01
4.948059085236292987e+01,-1.129768804401339821e+02,2.000000000000000000e+00,1.523995925958562536e-01,5.538469691201974854e-07,3.500000000000000000e+01
4.948059085236292987e+01,-1.109768804401339821e+02,2.000000000000000000e+00,1.523996444301894404e-01,8.374572489922016416e-07,1.900000000000000000e+01
4.948059085236292987e+01,-1.089768804401339821e+02,2.000000000000000000e+00,1.523996367542762020e-01,4.892198698369654153e-07,7.000000000000000000e+00
4.948059085236292987e+01,-1.069768804401339821e+02,2.000000000000000000e+00,1.523998305012434495e-01,3.939972849364981045e-07,3.200000000000000000e+01
4.948059085236292987e+01,-1.009768804401339821e+02,2.000000000000000000e+00,2.845901267923051092e-01,3.849901158074505725e-01,1.400000000000000000e+01
4.948059085236292987e+01,-9.847688044013398212e+01,5.000000000000000000e-01,1.566604162596364924e+00,7.364982808133364145e+00,6.100000000000000000e+01
4.998059085236292987e+01,-9.847688044013398212e+01,5.000000000000000000e-01,1.585712312620781272e+00,7.771445084595095310e+00,8.700000000000000000e+01
4.948059085236292987e+01,-9.797688044013398212e+01,5.000000000000000000e-01,3.197819000712306181e+00,4.359131059227838279e+00,2.500000000000000000e+01
4.998059085236292987e+01,-9.797688044013398212e+01,5.000000000000000000e-01,3.062837465646560897e+00,7.337241195307067088e-01,5.000000000000000000e+00
5.048059085236292987e+01,-9.847688044013398212e+01,5.000000000000000000e-01,3.072126434498727132e+00,6.465096479028026977e+00,1.110000000000000000e+02
5.098059085236292987e+01,-9.847688044013398212e+01,5.000000000000000000e-01,4.084578306301968276e+00,5.017187830979469076e+00,1.000000000000000000e+02
5.098059085236292987e+01,-9.797688044013398212e+01,5.000000000000000000e-01,8.187066362193634594e-01,2.983668488974290156e+00,2.100000000000000000e+01
4.948059085236292987e+01,-8.347688044013398212e+01,5.000000000000000000e-01,3.403314592736431887e+00,1.526313147194820363e+00,1.100000000000000000e+01
4.998059085236292987e+01,-8.347688044013398212e+01,5.000000000000000000e-01,8.872209129660739713e-01,3.698126833943513159e+00,4.000000000000000000e+01
5.048059085236292987e+01,-8.347688044013398212e+01,5.000000000000000000e-01,1.462398345967572677e+00,3.339841286688709499e+00,3.700000000000000000e+01
5.098059085236292987e+01,-8.347688044013398212e+01,5.000000000000000000e-01,1.436210099130328821e+00,3.368593083215166928e+00,3.900000000000000000e+01
4.998059085236292987e+01,-8.297688044013398212e+01,5.000000000000000000e-01,8.203722600298222201e-01,1.530754292718086385e+00,3.400000000000000000e+01
4.998059085236292987e+01,-8.247688044013398212e+01,5.000000000000000000e-01,8.010566620196418741e-01,1.095376977506725247e+00,2.700000000000000000e+01
4.948059085236292987e+01,-8.197688044013398212e+01,1.000000000000000000e+00,4.368858081785815806e-01,9.990976085961151831e-01,3.700000000000000000e+01
5.048059085236292987e+01,-8.197688044013398212e+01,1.000000000000000000e+00,5.631125490046557935e+00,4.813534931801806138e-01,1.100000000000000000e+01
4.948059085236292987e+01,-8.097688044013398212e+01,1.000000000000000000e+00,4.161411243810741456e-01,6.107731676842718116e-01,2.300000000000000000e+01
4.948059085236292987e+01,-7.497688044013398212e+01,1.000000000000000000e+00,1.674922290994002028e-01,9.931055959509537123e-01,1.900000000000000000e+01
4.948059085236292987e+01,-7.397688044013398212e+01,1.000000000000000000e+00,2.000331878662109375e-04,0.000000000000000000e+00,6.000000000000000000e+00
5.048059085236292987e+01,-7.497688044013398212e+01,1.000000000000000000e+00,5.212962324776882275e-03,1.263620543347352410e+00,1.700000000000000000e+01
5.048059085236292987e+01,-7.397688044013398212e+01,1.000000000000000000e+00,1.999132000102932347e-04,2.253652892969309693e-07,8.000000000000000000e+00
4.948059085236292987e+01,-7.297688044013398212e+01,2.000000000000000000e+00,1.998992309397706890e-04,2.142622568257479543e-07,2.600000000000000000e+01
4.948059085236292987e+01,-7.097688044013398212e+01,2.000000000000000000e+00,1.999048382744561590e-04,2.973171034703679747e-07,2.700000000000000000e+01
4.948059085236292987e+01,-6.897688044013398212e+01,2.000000000000000000e+00,1.999188073085633624e-04,1.350526383792083080e-06,2.500000000000000000e+01
4.948059085236292987e+01,-6.697688044013398212e+01,2.000000000000000000e+00,1.998824603899329588e-04,2.051738154928983704e-07,2.600000000000000000e+01
4.948059085236292987e+01,-6.497688044013398212e+01,2.000000000000000000e+00,1.998604949983828869e-04,2.780883737951657299e-07,2.300000000000000000e+01
4.948059085236292987e+01,-6.097688044013398212e+01,2.000000000000000000e+00,1.998939155738455042e-04,1.018230971094880033e-06,6.000000000000000000e+00
5.048059085236292987e+01,-5.197688044013398212e+01,1.000000000000000000e+00,5.921316088895069107e+00,3.477149095801879142e-01,1.000000000000000000e+01
4.948059085236292987e+01,-5.047688044013398212e+01,5.000000000000000000e-01,3.554998114576957136e-01,4.249674938631949672e+00,6.000000000000000000e+00
4.998059085236292987e+01,-5.047688044013398212e+01,5.000000000000000000e-01,4.414039850557864852e-01,5.468520818877592227e+00,6.000000000000000000e+00
4.998059085236292987e+01,-4.997688044013398212e+01,5.000000000000000000e-01,1.574266211027029794e+00,4.224093828407214701e+00,2.400000000000000000e+01
4.998059085236292987e+01,-4.947688044013398212e+01,5.000000000000000000e-01,2.977847018398751100e+00,3.404744031801666626e+00,1.600000000000000000e+01
5.098059085236292987e+01,-5.047688044013398212e+01,5.000000000000000000e-01,2.940021183966016194e-01,3.140058585307892169e-01,5.000000000000000000e+00
5.048059085236292987e+01,-4.997688044013398212e+01,5.000000000000000000e-01,9.109805263597228198e-01,7.776033655956990920e-01,9.000000000000000000e+00
5.148059085236292987e+01,-1.649768804401339821e+02,2.000000000000000000e+00,1.082002392039664862e-01,7.743248075966491228e-04,1.100000000000000000e+01
5.148059085236292987e+01,-1.629768804401339821e+02,2.000000000000000000e+00,1.093228296404010480e-01,1.236667426161464078e-03,5.000000000000000000e+00
5.148059085236292987e+01,-1.569768804401339821e+02,2.000000000000000000e+00,1.380491095044892036e-01,1.173719235189107923e-03,1.300000000000000000e+01
5.148059085236292987e+01,-1.549768804401339821e+02,2.000000000000000000e+00,1.398553660409134203e-01,1.807707642954792249e-03,1.100000000000000000e+01
5.148059085236292987e+01,-1.509768804401339821e+02,2.000000000000000000e+00,1.523996822123890316e-01,5.771164310330867409e-07,2.300000000000000000e+01
5.148059085236292987e+01,-1.489768804401339821e+02,2.000000000000000000e+00,1.523997917219128695e-01,3.330796123357515626e-07,2.100000000000000000e+01
5.148059085236292987e+01,-1.469768804401339821e+02,1.000000000000000000e+00,1.523998951367917520e-01,1.122842376507169115e+00,3.600000000000000000e+01
5.148059085236292987e+01,-1.459768804401339821e+02,1.000000000000000000e+00,5.128661249489497274e-03,1.472713280941500558e-01,2.800000000000000000e+01
5.248059085236292987e+01,-1.469768804401339821e+02,1.000000000000000000e+00,1.524000328289631945e-01,1.103555400172377077e+00,3.700000000000000000e+01
5.248059085236292987e+01,-1.459768804401339821e+02,1.000000000000000000e+00,6.187170644101947642e-03,1.462129108074120831e-01,2.000000000000000000e+01
5.148059085236292987e+01,-1.449768804401339821e+02,2.000000000000000000e+00,1.994333835871664516e-04,8.098283379664951345e-07,6.800000000000000000e+01
5.148059085236292987e+01,-1.429768804401339821e+02,2.000000000000000000e+00,1.998245289380307208e-04,3.831611227855639696e-07,1.070000000000000000e+02
5.148059085236292987e+01,-1.409768804401339821e+02,2.000000000000000000e+00,1.998012668450677100e-04,4.341542454544653103e-07,1.320000000000000000e+02
5.148059085236292987e+01,-1.389768804401339821e+02,2.000000000000000000e+00,1.998763419346793915e-04,3.134646497704506127e-07,2.000000000000000000e+02
5.148059085236292987e+01,-1.369768804401339821e+02,2.000000000000000000e+00,1.998877775813756640e-04,3.019321758390648616e-07,2.890000000000000000e+02
5.148059085236292987e+01,-1.349768804401339821e+02,2.000000000000000000e+00,1.998264471709143455e-04,3.248579573122967190e-07,3.050000000000000000e+02
5.148059085236292987e+01,-1.329768804401339821e+02,2.000000000000000000e+00,1.997489534988350357e-04,4.234475834419271223e-07,2.610000000000000000e+02
5.148059085236292987e+01,-1.309768804401339821e+02,2.000000000000000000e+00,1.998827982840900575e-04,3.176993668141392391e-07,2.710000000000000000e+02
5.148059085236292987e+01,-1.289768804401339821e+02,2.000000000000000000e+00,1.998264271311889326e-04,3.444140780350934961e-07,2.870000000000000000e+02
5.148059085236292987e+01,-1.269768804401339821e+02,2.000000000000000000e+00,5.708448260505783259e-03,1.466916598511457392e-01,3.470000000000000000e+02
5.148059085236292987e+01,-1.249768804401339821e+02,2.000000000000000000e+00,1.523998369620491178e-01,3.395689090746056849e-07,2.420000000000000000e+02
5.148059085236292987e+01,-1.229768804401339821e+02,2.000000000000000000e+00,1.523998148362026295e-01,3.732256369515241090e-07,1.200000000000000000e+02
5.148059085236292987e+01,-1.209768804401339821e+02,2.000000000000000000e+00,1.523997167429638755e-01,4.937691601425431287e-07,1.040000000000000000e+02
5.148059085236292987e+01,-1.189768804401339821e+02,2.000000000000000000e+00,1.523997656500618025e-01,5.017025097586724769e-07,6.900000000000000000e+01
5.148059085236292987e+01,-1.169768804401339821e+02,2.000000000000000000e+00,1.523995022153700474e-01,7.553605894106141250e-07,5.400000000000000000e+01
5.148059085236292987e+01,-1.149768804401339821e+02,2.000000000000000000e+00,1.523998019702269835e-01,7.259692786087956762e-07,4.800000000000000000e+01
5.148059085236292987e+01,-1.129768804401339821e+02,2.000000000000000000e+00,1.523994688188451962e-01,7.397427566613323791e-07,3.700000000000000000e+01
5.148059085236292987e+01,-1.109768804401339821e+02,2.000000000000000000e+00,1.523994962447821899e-01,5.922406328406903953e-07,2.300000000000000000e+01
5.148059085236292987e+01,-1.089768804401339821e+02,2.000000000000000000e+00,1.523996901043855046e-01,3.793557958320370460e-07,7.000000000000000000e+00
5.148059085236292987e+01,-1.069768804401339821e+02,2.000000000000000000e+00,1.523998020009325605e-01,3.013256213713066956e-07,1.800000000000000000e+01
5.148059085236292987e+01,-1.009768804401339821e+02,1.000000000000000000e+00,2.615296943508202965e-01,1.343674999204989007e-01,1.100000000000000000e+01
5.248059085236292987e+01,-1.009768804401339821e+02,1.000000000000000000e+00,2.448196825000285293e-01,6.777941393839357342e-01,2.300000000000000000e+01
5.248059085236292987e+01,-9.997688044013398212e+01,1.000000000000000000e+00,5.566811622952148042e-01,3.667635371840358705e-01,1.100000000000000000e+01
5.148059085236292987e+01,-9.847688044013398212e+01,5.000000000000000000e-01,5.016674497479548300e+00,4.499925061608862187e+00,3.700000000000000000e+01
5.198059085236292987e+01,-9.847688044013398212e+01,5.000000000000000000e-01,3.588680275520773844e+00,5.443982722341543123e+00,6.900000000000000000e+01
5.148059085236292987e+01,-9.797688044013398212e+01,5.000000000000000000e-01,1.543129076214953654e+00,8.584162311383865429e+00,6.200000000000000000e+01
5.198059085236292987e+01,-9.797688044013398212e+01,5.000000000000000000e-01,8.332479690974611275e-01,6.604545728640651703e+00,2.400000000000000000e+01
5.248059085236292987e+01,-9.847688044013398212e+01,5.000000000000000000e-01,3.564757569853019614e+00,5.432866488993944643e+00,9.900000000000000000e+01
5.298059085236292987e+01,-9.847688044013398212e+01,5.000000000000000000e-01,2.321774231708790825e+00,7.179483810115058873e+00,8.000000000000000000e+01
5.248059085236292987e+01,-9.797688044013398212e+01,5.000000000000000000e-01,7.091709291632322110e-01,8.730932083486300233e-01,1.000000000000000000e+01
5.148059085236292987e+01,-8.347688044013398212e+01,5.000000000000000000e-01,1.561583506141249522e+00,2.989380354137519014e+00,5.400000000000000000e+01
5.198059085236292987e+01,-8.347688044013398212e+01,5.000000000000000000e-01,1.651078140946525830e+00,3.094310284264732758e+00,2.400000000000000000e+01
5.248059085236292987e+01,-8.347688044013398212e+01,5.000000000000000000e-01,1.803338226332825700e+00,3.060294238312200044e+00,2.800000000000000000e+01
5.298059085236292987e+01,-8.347688044013398212e+01,5.000000000000000000e-01,1.946769440174102694e+00,4.015077626490848317e+00,7.300000000000000000e+01
5.198059085236292987e+01,-8.247688044013398212e+01,5.000000000000000000e-01,5.014778879131911893e+00,1.541605360105302580e+00,7.000000000000000000e+00
5.148059085236292987e+01,-8.197688044013398212e+01,1.000000000000000000e+00,5.181920578612566608e+00,1.173048612949187941e+00,3.300000000000000000e+01
5.248059085236292987e+01,-8.297688044013398212e+01,1.000000000000000000e+00,5.068161621473410428e+00,1.382349817048387663e+00,6.400000000000000000e+01
5.148059085236292987e+01,-8.097688044013398212e+01,2.000000000000000000e+00,3.574497222900390736e-01,5.287934348552885133e-01,7.000000000000000000e+00
5.298059085236292987e+01,-7.697688044013398212e+01,5.000000000000000000e-01,2.066355856775643929e+00,4.260970031531917002e+00,4.800000000000000000e+01
5.298059085236292987e+01,-7.647688044013398212e+01,5.000000000000000000e-01,1.637326055445799788e+00,4.090612920991921975e+00,1.010000000000000000e+02
5.148059085236292987e+01,-7.497688044013398212e+01,1.000000000000000000e+00,3.326526460567294508e-01,9.557183086602016875e-01,2.000000000000000000e+01
5.148059085236292987e+01,-7.397688044013398212e+01,1.000000000000000000e+00,1.998748331670796574e-04,1.964372088325561094e-07,6.000000000000000000e+00
5.248059085236292987e+01,-7.497688044013398212e+01,1.000000000000000000e+00,1.896798714881907377e-01,1.138990992161394544e+00,2.800000000000000000e+01
5.248059085236292987e+01,-7.397688044013398212e+01,1.000000000000000000e+00,2.000331878662109375e-04,7.290959305183974948e-07,1.100000000000000000e+01
5.148059085236292987e+01,-7.297688044013398212e+01,2.000000000000000000e+00,1.999160777957698142e-04,6.775969333183749863e-07,2.500000000000000000e+01
5.148059085236292987e+01,-7.097688044013398212e+01,2.000000000000000000e+00,1.999142452682622808e-04,7.115602941087982667e-07,2.900000000000000000e+01
5.148059085236292987e+01,-6.897688044013398212e+01,2.000000000000000000e+00,1.999205111282265188e-04,5.796902729393485325e-07,3.500000000000000000e+01
5.148059085236292987e+01,-6.697688044013398212e+01,2.000000000000000000e+00,1.998894427318376242e-04,5.350830995398572591e-07,3.200000000000000000e+01
5.148059085236292987e+01,-6.497688044013398212e+01,2.000000000000000000e+00,1.998397357991787970e-04,8.221700359412054127e-07,2.600000000000000000e+01
5.148059085236292987e+01,-6.297688044013398212e+01,2.000000000000000000e+00,1.997477757377019768e-04,4.014663918638753954e-07,2.500000000000000000e+01
5.148059085236292987e+01,-6.097688044013398212e+01,2.000000000000000000e+00,4.968969158404060431e-04,1.080596297297622410e-01,7.000000000000000000e+00
5.148059085236292987e+01,-5.297688044013398212e+01,1.000000000000000000e+00,6.212172164840453092e+00,4.967692091725073311e-01,9.000000000000000000e+00
5.148059085236292987e+01,-5.197688044013398212e+01,1.000000000000000000e+00,6.263156829983940632e+00,5.252496307616176807e-01,7.000000000000000000e+00
5.148059085236292987e+01,-5.097688044013398212e+01,2.000000000000000000e+00,6.321628087591143696e+00,6.653303739117770732e-01,2.900000000000000000e+01
5.348059085236292987e+01,-1.629768804401339821e+02,2.000000000000000000e+00,1.099644558338850331e-01,2.047858821183634603e-03,1.100000000000000000e+01
5.348059085236292987e+01,-1.569768804401339821e+02,2.000000000000000000e+00,1.384733463296533296e-01,5.720967397715159830e-04,5.000000000000000000e+00
5.348059085236292987e+01,-1.549768804401339821e+02,2.000000000000000000e+00,1.408609668450573338e-01,3.106009313293411900e-03,1.600000000000000000e+01
5.348059085236292987e+01,-1.509768804401339821e+02,2.000000000000000000e+00,1.523996219818599118e-01,5.090283330400069417e-07,2.400000000000000000e+01
5.398059085236292987e+01,-1.474768804401339821e+02,5.000000000000000000e-01,4.650592542338309876e-01,1.937507981417609049e+00,4.600000000000000000e+01
5.448059085236292987e+01,-1.489768804401339821e+02,1.000000000000000000e+00,1.523992485274421327e-01,8.683228411854315709e-07,6.000000000000000000e+00
5.448059085236292987e+01,-1.474768804401339821e+02,5.000000000000000000e-01,8.230152567597938118e-01,1.571536983992911196e+00,5.300000000000000000e+01
5.498059085236292987e+01,-1.474768804401339821e+02,5.000000000000000000e-01,8.993685391309927946e-01,1.502257145452711828e+00,4.800000000000000000e+01
5.398059085236292987e+01,-1.469768804401339821e+02,5.000000000000000000e-01,1.033886917702576458e+00,1.312635474054446583e+00,3.800000000000000000e+01
5.398059085236292987e+01,-1.464768804401339821e+02,5.000000000000000000e-01,2.071677818401352622e-01,2.171114509197412445e+00,2.800000000000000000e+01
5.348059085236292987e+01,-1.454768804401339821e+02,5.000000000000000000e-01,4.933455602553937953e-03,9.816082089892609608e-02,8.000000000000000000e+00
5.398059085236292987e+01,-1.459768804401339821e+02,5.000000000000000000e-01,1.523995434770415436e-01,2.683083410033157978e+00,7.000000000000000000e+00
5.398059085236292987e+01,-1.454768804401339821e+02,5.000000000000000000e-01,4.333392382285516757e-03,7.771482895015127679e-02,9.000000000000000000e+00
5.448059085236292987e+01,-1.469768804401339821e+02,5.000000000000000000e-01,1.524001074154057167e-01,5.447994065238084271e-01,1.000000000000000000e+01
5.448059085236292987e+01,-1.464768804401339821e+02,5.000000000000000000e-01,1.523997847408016248e-01,2.022367407833826736e+00,6.000000000000000000e+00
5.498059085236292987e+01,-1.469768804401339821e+02,5.000000000000000000e-01,1.523997690599920019e-01,7.666189155970700719e-01,1.200000000000000000e+01
5.448059085236292987e+01,-1.459768804401339821e+02,5.000000000000000000e-01,1.523998553491456853e-01,2.609637353981914210e+00,6.000000000000000000e+00
5.448059085236292987e+01,-1.454768804401339821e+02,5.000000000000000000e-01,3.721674372023198174e-03,1.398463343666951353e-01,6.000000000000000000e+00
5.498059085236292987e+01,-1.459768804401339821e+02,5.000000000000000000e-01,1.523993175352607032e-01,2.701341718185604091e+00,6.000000000000000000e+00
5.498059085236292987e+01,-1.454768804401339821e+02,5.000000000000000000e-01,2.665012189132527631e-02,1.132152592191354862e-01,9.000000000000000000e+00
5.348059085236292987e+01,-1.449768804401339821e+02,2.000000000000000000e+00,1.996134950221772897e-04,6.359843199410628208e-07,7.200000000000000000e+01
5.348059085236292987e+01,-1.429768804401339821e+02,2.000000000000000000e+00,1.996589830918882422e-04,4.801098009377059630e-07,1.030000000000000000e+02
5.348059085236292987e+01,-1.409768804401339821e+02,2.000000000000000000e+00,1.997782265981129513e-04,3.956277850769465525e-07,1.400000000000000000e+02
5.348059085236292987e+01,-1.389768804401339821e+02,2.000000000000000000e+00,1.998035661319175205e-04,3.592383721606751124e-07,2.210000000000000000e+02
5.348059085236292987e+01,-1.369768804401339821e+02,2.000000000000000000e+00,1.998491378576439104e-04,2.979342340614365980e-07,3.160000000000000000e+02
5.348059085236292987e+01,-1.349768804401339821e+02,2.000000000000000000e+00,1.998706208198974929e-04,4.109566483112450479e-07,3.170000000000000000e+02
5.348059085236292987e+01,-1.329768804401339821e+02,2.000000000000000000e+00,1.997308115071187327e-04,4.501553518683975262e-07,2.880000000000000000e+02
5.348059085236292987e+01,-1.309768804401339821e+02,2.000000000000000000e+00,1.998971836926877296e-04,3.377937694781730973e-07,2.840000000000000000e+02
5.348059085236292987e+01,-1.289768804401339821e+02,2.000000000000000000e+00,1.998335146760066294e-04,3.682399624116428072e-07,2.910000000000000000e+02
5.348059085236292987e+01,-1.269768804401339821e+02,1.000000000000000000e+00,2.864612335520089464e-03,1.495354770357628371e-01,1.000000000000000000e+02
5.348059085236292987e+01,-1.259768804401339821e+02,1.000000000000000000e+00,1.523998553876699524e-01,6.941735752047893948e-01,9.300000000000000000e+01
5.448059085236292987e+01,-1.269768804401339821e+02,1.000000000000000000e+00,2.843192539677685815e-03,1.495568903441755193e-01,1.010000000000000000e+02
5.448059085236292987e+01,-1.259768804401339821e+02,1.000000000000000000e+00,1.524000288319508345e-01,1.159407913061501372e+00,1.590000000000000000e+02
5.348059085236292987e+01,-1.249768804401339821e+02,2.000000000000000000e+00,1.523998533048129822e-01,2.818122366854414196e-07,1.980000000000000000e+02
5.348059085236292987e+01,-1.229768804401339821e+02,2.000000000000000000e+00,1.523998470641869107e-01,3.268104934173177156e-07,1.380000000000000000e+02
5.348059085236292987e+01,-1.209768804401339821e+02,2.000000000000000000e+00,1.523997505816278297e-01,4.537539113336208629e-07,8.500000000000000000e+01
5.348059085236292987e+01,-1.189768804401339821e+02,2.000000000000000000e+00,1.523994659761221671e-01,9.245539140667613509e-07,7.700000000000000000e+01
5.348059085236292987e+01,-1.169768804401339821e+02,2.000000000000000000e+00,1.523996058065258674e-01,6.901390943170326864e-07,5.900000000000000000e+01
5.348059085236292987e+01,-1.149768804401339821e+02,2.000000000000000000e+00,1.523997499592498472e-01,3.788930016956904012e-07,3.300000000000000000e+01
5.348059085236292987e+01,-1.129768804401339821e+02,2.000000000000000000e+00,1.523996290637662787e-01,7.266798490446202408e-07,3.200000000000000000e+01
5.348059085236292987e+01,-1.109768804401339821e+02,2.000000000000000000e+00,1.523997015137030786e-01,4.570941001258432834e-07,2.600000000000000000e+01
5.348059085236292987e+01,-1.089768804401339821e+02,2.000000000000000000e+00,1.523992680997922622e-01,7.782809157141912237e-07,1.900000000000000000e+01
5.348059085236292987e+01,-1.069768804401339821e+02,2.000000000000000000e+00,1.523994295946472788e-01,5.640872770273919201e-07,2.300000000000000000e+01
5.348059085236292987e+01,-1.009768804401339821e+02,1.000000000000000000e+00,1.553885494289087288e-01,3.263332503716647182e-01,8.000000000000000000e+00
5.398059085236292987e+01,-9.947688044013398212e+01,5.000000000000000000e-01,5.868003596534411059e+00,2.489666727494089571e+00,3.500000000000000000e+01
5.448059085236292987e+01,-9.947688044013398212e+01,5.000000000000000000e-01,5.858480181110868656e+00,2.342188784195863960e+00,6.700000000000000000e+01
5.498059085236292987e+01,-9.947688044013398212e+01,5.000000000000000000e-01,5.630856498753185946e+00,2.707197963297268473e+00,4.500000000000000000e+01
5.348059085236292987e+01,-9.897688044013398212e+01,5.000000000000000000e-01,1.164145435993355626e+00,7.002371993156899954e+00,1.700000000000000000e+01
5.348059085236292987e+01,-9.847688044013398212e+01,5.000000000000000000e-01,1.726336240260717414e+00,5.832312508277436081e+00,6.700000000000000000e+01
5.398059085236292987e+01,-9.847688044013398212e+01,5.000000000000000000e-01,2.026243865355594753e+00,7.761967579621352087e+00,4.900000000000000000e+01
5.398059085236292987e+01,-9.797688044013398212e+01,5.000000000000000000e-01,1.728295959872459875e+00,2.328220184367968848e+00,1.300000000000000000e+01
5.448059085236292987e+01,-9.847688044013398212e+01,5.000000000000000000e-01,1.580744734330372436e+00,8.187143354292055974e+00,2.200000000000000000e+01
5.498059085236292987e+01,-9.847688044013398212e+01,5.000000000000000000e-01,2.319164600273722954e+00,2.591177481780865044e+00,4.800000000000000000e+01
5.448059085236292987e+01,-9.797688044013398212e+01,5.000000000000000000e-01,3.058121805547800776e+00,6.529206546455103677e+00,2.500000000000000000e+01
5.348059085236292987e+01,-8.347688044013398212e+01,5.000000000000000000e-01,1.189317405083119228e+00,5.278056063401259657e+00,5.400000000000000000e+01
5.398059085236292987e+01,-8.347688044013398212e+01,5.000000000000000000e-01,2.109269873384047145e+00,4.031499729937345400e+00,6.300000000000000000e+01
5.448059085236292987e+01,-8.347688044013398212e+01,5.000000000000000000e-01,2.398422971367835999e+00,3.393196857046699044e+00,5.100000000000000000e+01
5.498059085236292987e+01,-8.347688044013398212e+01,5.000000000000000000e-01,1.959095000371708473e+00,4.157770677354241329e+00,5.700000000000000000e+01
5.348059085236292987e+01,-8.297688044013398212e+01,2.000000000000000000e+00,8.053422861825644541e-02,2.534086615489798966e-01,1.700000000000000000e+01
5.348059085236292987e+01,-8.097688044013398212e+01,1.000000000000000000e+00,2.232177131936689263e-01,5.813570922462111268e-01,1.200000000000000000e+01
5.448059085236292987e+01,-8.097688044013398212e+01,1.000000000000000000e+00,1.708764450100686838e-01,1.495641858798817392e+00,1.800000000000000000e+01
5.448059085236292987e+01,-7.997688044013398212e+01,1.000000000000000000e+00,5.624531711472913642e+00,8.470506770951313769e-02,9.000000000000000000e+00
5.448059085236292987e+01,-7.897688044013398212e+01,1.000000000000000000e+00,5.376748940243292196e+00,6.959769429859692380e-01,7.000000000000000000e+00
5.448059085236292987e+01,-7.797688044013398212e+01,1.000000000000000000e+00,5.436928609780712129e+00,4.626181525965078478e-01,7.000000000000000000e+00
5.348059085236292987e+01,-7.697688044013398212e+01,1.000000000000000000e+00,5.919973651794698810e+00,1.342260805402366586e-01,5.000000000000000000e+00
5.348059085236292987e+01,-7.497688044013398212e+01,1.000000000000000000e+00,4.216875945538813703e-02,1.198566515602463634e+00,2.900000000000000000e+01
5.348059085236292987e+01,-7.397688044013398212e+01,1.000000000000000000e+00,1.999422064575817615e-04,1.802241056392261953e-07,6.000000000000000000e+00
5.448059085236292987e+01,-7.497688044013398212e+01,5.000000000000000000e-01,6.482633646224784663e-01,6.871532120138770239e-01,1.100000000000000000e+01
5.498059085236292987e+01,-7.497688044013398212e+01,5.000000000000000000e-01,5.698993046393097117e-01,5.973988065589469265e+00,2.000000000000000000e+01
5.498059085236292987e+01,-7.447688044013398212e+01,5.000000000000000000e-01,2.276117699668934145e-03,6.238983694781465417e+00,8.000000000000000000e+00
5.348059085236292987e+01,-7.297688044013398212e+01,2.000000000000000000e+00,1.998950550934353032e-04,3.477368287541136947e-07,4.000000000000000000e+01
5.348059085236292987e+01,-7.097688044013398212e+01,2.000000000000000000e+00,1.998444579253799811e-04,4.917625625822043180e-07,4.800000000000000000e+01
5.348059085236292987e+01,-6.897688044013398212e+01,2.000000000000000000e+00,1.998309347800209022e-04,3.846801744256003568e-07,4.300000000000000000e+01
5.348059085236292987e+01,-6.697688044013398212e+01,2.000000000000000000e+00,1.998997876961894349e-04,2.818400924420425176e-07,5.200000000000000000e+01
5.348059085236292987e+01,-6.497688044013398212e+01,1.000000000000000000e+00,1.998503822635555593e-04,2.105972171762113439e-07,1.200000000000000000e+01
5.348059085236292987e+01,-6.397688044013398212e+01,1.000000000000000000e+00,1.998802811139732628e-04,1.030601201285498814e+00,1.700000000000000000e+01
5.448059085236292987e+01,-6.497688044013398212e+01,1.000000000000000000e+00,1.998992085381345873e-04,1.425375630859093690e-07,1.100000000000000000e+01
5.448059085236292987e+01,-6.397688044013398212e+01,1.000000000000000000e+00,5.074257747424033127e+00,6.128807420465758327e-01,3.100000000000000000e+01
5.398059085236292987e+01,-6.297688044013398212e+01,5.000000000000000000e-01,2.000331878662109375e-04,5.318149425176954992e+00,8.000000000000000000e+00
5.398059085236292987e+01,-6.247688044013398212e+01,5.000000000000000000e-01,2.000331878662109375e-04,5.055351559673930240e+00,6.000000000000000000e+00
5.448059085236292987e+01,-6.297688044013398212e+01,5.000000000000000000e-01,4.998098418765373196e+00,1.788721124217236280e-01,6.000000000000000000e+00
5.448059085236292987e+01,-6.247688044013398212e+01,5.000000000000000000e-01,2.000331878662109375e-04,4.829582936848918706e+00,7.000000000000000000e+00
5.498059085236292987e+01,-6.297688044013398212e+01,5.000000000000000000e-01,4.015824100201668578e+00,1.135424028031010835e+00,5.000000000000000000e+00
5.498059085236292987e+01,-6.247688044013398212e+01,5.000000000000000000e-01,4.775713482188221448e+00,5.812470478068192392e-01,9.000000000000000000e+00
5.448059085236292987e+01,-6.197688044013398212e+01,5.000000000000000000e-01,2.000265756376684578e-04,4.795252878712227940e+00,5.000000000000000000e+00
5.498059085236292987e+01,-6.197688044013398212e+01,5.000000000000000000e-01,4.555298356832260080e-03,5.458212698574779864e+00,8.000000000000000000e+00
5.498059085236292987e+01,-6.147688044013398212e+01,5.000000000000000000e-01,1.491512244777694340e-01,4.925992552988030404e+00,1.200000000000000000e+01
5.348059085236292987e+01,-6.097688044013398212e+01,5.000000000000000000e-01,1.216850280761718750e-01,3.071498870849609375e-02,6.000000000000000000e+00
5.348059085236292987e+01,-5.997688044013398212e+01,1.000000000000000000e+00,4.452700264718494338e+00,1.499730181817638730e+00,5.000000000000000000e+00
5.448059085236292987e+01,-6.047688044013398212e+01,5.000000000000000000e-01,4.126099388600170670e+00,1.106588430317617444e+00,5.000000000000000000e+00
5.498059085236292987e+01,-6.097688044013398212e+01,5.000000000000000000e-01,7.093372007205421825e-01,4.530460017329863476e+00,4.800000000000000000e+01
5.448059085236292987e+01,-5.997688044013398212e+01,1.000000000000000000e+00,5.297210372442618720e+00,3.690583680289352131e-01,5.000000000000000000e+00
5.348059085236292987e+01,-5.797688044013398212e+01,1.000000000000000000e+00,5.314652870002987584e+00,4.432803660232620402e-01,5.000000000000000000e+00
5.448059085236292987e+01,-5.797688044013398212e+01,1.000000000000000000e+00,5.229970895343287296e+00,6.392769343253350556e-01,8.000000000000000000e+00
5.348059085236292987e+01,-5.597688044013398212e+01,1.000000000000000000e+00,1.523999680829980774e-01,2.287566346903524561e-07,7.000000000000000000e+00
5.448059085236292987e+01,-5.697688044013398212e+01,1.000000000000000000e+00,5.289114645250843516e+00,8.589100786789849451e-01,1.200000000000000000e+01
5.648059085236292987e+01,-1.659768804401339821e+02,1.000000000000000000e+00,6.801873084049249174e-01,8.293415432918155306e-01,2.000000000000000000e+01
5.548059085236292987e+01,-1.649768804401339821e+02,2.000000000000000000e+00,1.082079145735073133e-01,7.152159082831621717e-04,6.000000000000000000e+00
5.548059085236292987e+01,-1.629768804401339821e+02,2.000000000000000000e+00,1.097110886101559102e-01,2.864400457221361052e-03,1.200000000000000000e+01
5.548059085236292987e+01,-1.549768804401339821e+02,2.000000000000000000e+00,1.419833762593141202e-01,3.643800326516011268e-03,1.600000000000000000e+01
5.548059085236292987e+01,-1.529768804401339821e+02,2.000000000000000000e+00,1.477513984121756607e-01,4.649027890743867575e-03,1.000000000000000000e+01
5.548059085236292987e+01,-1.509768804401339821e+02,2.000000000000000000e+00,1.523997488439189918e-01,1.072488640119217962e-06,3.000000000000000000e+01
5.548059085236292987e+01,-1.489768804401339821e+02,1.000000000000000000e+00,1.523998374800763500e-01,8.371714055321888281e-07,6.000000000000000000e+00
5.548059085236292987e+01,-1.474768804401339821e+02,5.000000000000000000e-01,8.228104713267228032e-01,1.581242320954564518e+00,6.100000000000000000e+01
5.598059085236292987e+01,-1.474768804401339821e+02,5.000000000000000000e-01,8.715478258172391079e-01,1.534823678311708406e+00,6.200000000000000000e+01
5.648059085236292987e+01,-1.489768804401339821e+02,1.000000000000000000e+00,1.523992244233651761e-01,9.801859963687320487e-07,6.000000000000000000e+00
5.648059085236292987e+01,-1.474768804401339821e+02,5.000000000000000000e-01,1.523999187862506710e-01,1.985929799084813929e+00,1.400000000000000000e+01
5.548059085236292987e+01,-1.469768804401339821e+02,1.000000000000000000e+00,1.523995330301131657e-01,5.598212889806664094e-01,2.900000000000000000e+01
5.548059085236292987e+01,-1.459768804401339821e+02,5.000000000000000000e-01,1.195097577006410949e+00,1.650162750334776218e+00,8.000000000000000000e+00
5.548059085236292987e+01,-1.454768804401339821e+02,5.000000000000000000e-01,4.787590479830417141e-03,1.152543015556321687e-01,9.000000000000000000e+00
5.598059085236292987e+01,-1.459768804401339821e+02,5.000000000000000000e-01,1.524002768817017406e-01,2.712325991613974363e+00,8.000000000000000000e+00
5.598059085236292987e+01,-1.454768804401339821e+02,5.000000000000000000e-01,5.947440653971014513e-03,1.137266251320399185e-01,9.000000000000000000e+00
5.648059085236292987e+01,-1.469768804401339821e+02,1.000000000000000000e+00,1.523993472386284687e-01,8.694793063312999948e-07,1.100000000000000000e+01
5.648059085236292987e+01,-1.459768804401339821e+02,5.000000000000000000e-01,1.523979656311794106e-01,2.732905744635611978e+00,7.000000000000000000e+00
5.648059085236292987e+01,-1.454768804401339821e+02,5.000000000000000000e-01,5.530470181925472954e-03,1.302019686893140793e-01,1.000000000000000000e+01
5.698059085236292987e+01,-1.459768804401339821e+02,5.000000000000000000e-01,2.758518423551868715e+00,6.883373858961361336e-02,6.000000000000000000e+00
5.698059085236292987e+01,-1.454768804401339821e+02,5.000000000000000000e-01,3.197036781791062765e-03,1.410528435317726093e-01,1.100000000000000000e+01
5.548059085236292987e+01,-1.449768804401339821e+02,2.000000000000000000e+00,1.996480948057488601e-04,5.735321018551678245e-07,7.900000000000000000e+01
5.548059085236292987e+01,-1.429768804401339821e+02,2.000000000000000000e+00,1.997094173806779338e-04,4.239214614898401123e-07,1.110000000000000000e+02
5.548059085236292987e+01,-1.409768804401339821e+02,2.000000000000000000e+00,1.997261474379285974e-04,4.336346075106797988e-07,1.530000000000000000e+02
5.548059085236292987e+01,-1.389768804401339821e+02,2.000000000000000000e+00,1.997406739428608910e-04,4.349836469019709075e-07,2.300000000000000000e+02
5.548059085236292987e+01,-1.369768804401339821e+02,2.000000000000000000e+00,1.998382346561615062e-04,3.382264150827095882e-07,3.090000000000000000e+02
5.548059085236292987e+01,-1.349768804401339821e+02,2.000000000000000000e+00,1.998267032586209416e-04,4.047780996163869230e-07,3.270000000000000000e+02
5.548059085236292987e+01,-1.329768804401339821e+02,2.000000000000000000e+00,1.997361107462403032e-04,4.299266870067040922e-07,2.820000000000000000e+02
5.548059085236292987e+01,-1.309768804401339821e+02,2.000000000000000000e+00,1.998279465678542868e-04,3.703262133392169839e-07,2.940000000000000000e+02
5.548059085236292987e+01,-1.289768804401339821e+02,2.000000000000000000e+00,1.997261069444089543e-04,4.590164763840220985e-07,3.110000000000000000e+02
5.548059085236292987e+01,-1.269768804401339821e+02,5.000000000000000000e-01,1.273018444133811001e-03,5.454390874678116327e-03,2.300000000000000000e+01
5.548059085236292987e+01,-1.264768804401339821e+02,5.000000000000000000e-01,1.113770789201065092e-01,1.403867917580733593e+00,3.100000000000000000e+01
5.598059085236292987e+01,-1.269768804401339821e+02,5.000000000000000000e-01,5.421267128020269095e-04,6.732831409293792320e-03,1.900000000000000000e+01
5.598059085236292987e+01,-1.264768804401339821e+02,5.000000000000000000e-01,1.319469985644730892e-01,2.747869590642001647e+00,3.900000000000000000e+01
5.548059085236292987e+01,-1.259768804401339821e+02,5.000000000000000000e-01,1.523998368145610960e-01,2.709673242247269354e+00,2.800000000000000000e+01
5.548059085236292987e+01,-1.254768804401339821e+02,5.000000000000000000e-01,1.523999126204459431e-01,2.702750183333226808e+00,1.700000000000000000e+01
5.598059085236292987e+01,-1.259768804401339821e+02,5.000000000000000000e-01,6.267134305094755886e-01,2.077535938071474408e+00,1.930000000000000000e+02
5.598059085236292987e+01,-1.254768804401339821e+02,5.000000000000000000e-01,8.315670863143692637e-01,2.017321098725224360e+00,1.110000000000000000e+02
5.648059085236292987e+01,-1.269768804401339821e+02,5.000000000000000000e-01,8.432862214848402911e-04,6.115122189816133910e-03,2.500000000000000000e+01
5.648059085236292987e+01,-1.264768804401339821e+02,5.000000000000000000e-01,1.245745007145062505e-01,2.755050866340815752e+00,3.900000000000000000e+01
5.698059085236292987e+01,-1.269768804401339821e+02,5.000000000000000000e-01,1.129644315317731304e-03,6.812263074244704827e-03,1.700000000000000000e+01
5.698059085236292987e+01,-1.264768804401339821e+02,5.000000000000000000e-01,1.478957071071108631e-01,2.730819859079665068e+00,3.500000000000000000e+01
5.648059085236292987e+01,-1.259768804401339821e+02,5.000000000000000000e-01,1.523998384370288117e-01,2.696488396561172785e+00,3.900000000000000000e+01
5.648059085236292987e+01,-1.254768804401339821e+02,5.000000000000000000e-01,1.523998904208799521e-01,2.696488555571630030e+00,3.100000000000000000e+01
5.698059085236292987e+01,-1.259768804401339821e+02,5.000000000000000000e-01,1.523998687937165586e-01,2.696488464158923293e+00,3.900000000000000000e+01
5.698059085236292987e+01,-1.254768804401339821e+02,5.000000000000000000e-01,1.523998422086829119e-01,2.696488473487671289e+00,2.900000000000000000e+01
5.548059085236292987e+01,-1.249768804401339821e+02,5.000000000000000000e-01,1.523998823049974582e-01,2.717492131903266550e+00,2.500000000000000000e+01
5.548059085236292987e+01,-1.244768804401339821e+02,5.000000000000000000e-01,1.523998421071573739e-01,3.976168169439464606e-07,1.200000000000000000e+01
5.598059085236292987e+01,-1.249768804401339821e+02,5.000000000000000000e-01,7.073791449144789523e-01,1.896031239741560626e+00,1.450000000000000000e+02
5.598059085236292987e+01,-1.244768804401339821e+02,5.000000000000000000e-01,1.523997913799193249e-01,5.327701347868085691e-07,1.600000000000000000e+01
5.548059085236292987e+01,-1.239768804401339821e+02,1.000000000000000000e+00,1.523997472281965193e-01,4.401297096501277650e-07,3.900000000000000000e+01
5.648059085236292987e+01,-1.249768804401339821e+02,5.000000000000000000e-01,1.523999178912979757e-01,2.696488123880221632e+00,2.800000000000000000e+01
5.648059085236292987e+01,-1.244768804401339821e+02,5.000000000000000000e-01,1.523998394839696791e-01,2.504848367612666493e-07,1.300000000000000000e+01
5.698059085236292987e+01,-1.249768804401339821e+02,5.000000000000000000e-01,1.798023920113351048e-01,2.487534985025237511e+00,8.300000000000000000e+01
5.698059085236292987e+01,-1.244768804401339821e+02,5.000000000000000000e-01,1.523997012465149736e-01,5.154831217435429380e-07,1.300000000000000000e+01
5.648059085236292987e+01,-1.239768804401339821e+02,1.000000000000000000e+00,1.523996980575901827e-01,5.046710275236065968e-07,3.700000000000000000e+01
5.548059085236292987e+01,-1.229768804401339821e+02,2.000000000000000000e+00,1.523997158516869899e-01,6.021654419541278003e-07,1.110000000000000000e+02
5.548059085236292987e+01,-1.209768804401339821e+02,2.000000000000000000e+00,1.523994492494637198e-01,8.149019727066164620e-07,9.200000000000000000e+01
5.548059085236292987e+01,-1.189768804401339821e+02,2.000000000000000000e+00,1.523994155587538035e-01,7.970081850050547700e-07,6.100000000000000000e+01
5.548059085236292987e+01,-1.169768804401339821e+02,2.000000000000000000e+00,1.523995402508746544e-01,7.568132706359254058e-07,5.900000000000000000e+01
5.548059085236292987e+01,-1.149768804401339821e+02,2.000000000000000000e+00,1.523995392393955872e-01,6.614351317213440495e-07,4.900000000000000000e+01
5.548059085236292987e+01,-1.129768804401339821e+02,2.000000000000000000e+00,1.523995864360816466e-01,5.470829902431972869e-07,4.100000000000000000e+01
5.548059085236292987e+01,-1.109768804401339821e+02,2.000000000000000000e+00,1.523996753937166271e-01,4.575432069886531394e-07,1.900000000000000000e+01
5.548059085236292987e+01,-1.089768804401339821e+02,2.000000000000000000e+00,1.523995904403784019e-01,6.185455682372609232e-07,3.200000000000000000e+01
5.548059085236292987e+01,-1.069768804401339821e+02,2.000000000000000000e+00,1.523994600609606676e-01,7.048922845698246675e-07,2.700000000000000000e+01
5.548059085236292987e+01,-1.009768804401339821e+02,1.000000000000000000e+00,6.347594232559033989e-01,3.078032351400203925e-01,7.000000000000000000e+00
5.548059085236292987e+01,-9.947688044013398212e+01,5.000000000000000000e-01,5.687105224185764030e+00,2.758482882884305099e+00,8.400000000000000000e+01
5.648059085236292987e+01,-1.009768804401339821e+02,1.000000000000000000e+00,2.395618910462601892e-01,7.352747638254042428e-01,2.700000000000000000e+01
5.648059085236292987e+01,-9.997688044013398212e+01,1.000000000000000000e+00,8.769876058991801226e-01,6.967311870114003547e-01,1.800000000000000000e+01
5.548059085236292987e+01,-9.897688044013398212e+01,5.000000000000000000e-01,5.127527145605898617e+00,2.743024359508944521e+00,5.300000000000000000e+01
5.548059085236292987e+01,-9.847688044013398212e+01,5.000000000000000000e-01,1.586548971114536632e+00,3.220026542416746906e+00,4.200000000000000000e+01
5.598059085236292987e+01,-9.897688044013398212e+01,5.000000000000000000e-01,5.257248050986822463e+00,3.294258464162146183e+00,3.800000000000000000e+01
5.598059085236292987e+01,-9.847688044013398212e+01,5.000000000000000000e-01,3.877837409952625602e+00,4.756962408833874889e+00,1.180000000000000000e+02
5.548059085236292987e+01,-9.797688044013398212e+01,1.000000000000000000e+00,9.031357022888162334e+00,4.806350763334226173e-01,8.000000000000000000e+00
5.648059085236292987e+01,-9.897688044013398212e+01,5.000000000000000000e-01,1.560239993621853838e+00,7.823881228691558221e-01,1.000000000000000000e+01
5.648059085236292987e+01,-9.847688044013398212e+01,5.000000000000000000e-01,4.804144100997747024e+00,3.569012304206203190e+00,7.700000000000000000e+01
5.698059085236292987e+01,-9.897688044013398212e+01,5.000000000000000000e-01,1.564934541368516729e+00,3.272018427243028604e-02,1.000000000000000000e+01
5.698059085236292987e+01,-9.847688044013398212e+01,5.000000000000000000e-01,5.260162089157756959e+00,3.712748167434324564e+00,4.400000000000000000e+01
5.648059085236292987e+01,-9.797688044013398212e+01,5.000000000000000000e-01,3.165628272204664917e+00,5.955240501363593175e+00,2.600000000000000000e+01
5.698059085236292987e+01,-9.797688044013398212e+01,5.000000000000000000e-01,3.066319099667162540e+00,4.554279608737276774e+00,3.200000000000000000e+01
5.548059085236292987e+01,-8.347688044013398212e+01,5.000000000000000000e-01,2.367524801834839376e+00,3.583173763818146451e+00,5.700000000000000000e+01
5.598059085236292987e+01,-8.347688044013398212e+01,5.000000000000000000e-01,2.994678045710187142e+00,2.526665951537888866e+00,5.100000000000000000e+01
5.648059085236292987e+01,-8.347688044013398212e+01,5.000000000000000000e-01,2.882806182799240169e+00,3.085867153189750134e+00,6.200000000000000000e+01
5.698059085236292987e+01,-8.347688044013398212e+01,5.000000000000000000e-01,2.856325969451015911e+00,2.967797982497039744e+00,3.000000000000000000e+01
5.548059085236292987e+01,-8.097688044013398212e+01,1.000000000000000000e+00,1.551815495757158381e-01,6.854236961068148615e-01,6.000000000000000000e+00
5.648059085236292987e+01,-8.097688044013398212e+01,1.000000000000000000e+00,1.869608650303054564e-01,5.890428071691871104e-01,1.200000000000000000e+01
5.548059085236292987e+01,-7.897688044013398212e+01,1.000000000000000000e+00,5.584721818186404896e+00,3.221225222784962483e-01,1.200000000000000000e+01
5.548059085236292987e+01,-7.797688044013398212e+01,1.000000000000000000e+00,5.685254411719015799e+00,7.506497631173081331e-01,1.700000000000000000e+01
5.648059085236292987e+01,-7.897688044013398212e+01,1.000000000000000000e+00,5.939955842971702538e+00,1.171548540509794734e-01,5.000000000000000000e+00
5.548059085236292987e+01,-7.697688044013398212e+01,1.000000000000000000e+00,6.125332622459406906e+00,1.554738194810214580e-01,6.000000000000000000e+00
5.648059085236292987e+01,-7.547688044013398212e+01,5.000000000000000000e-01,1.762522135581670923e+00,4.221977976502121699e+00,5.300000000000000000e+01
5.548059085236292987e+01,-7.497688044013398212e+01,5.000000000000000000e-01,2.609002290082851339e-01,2.217964695454317958e+00,1.600000000000000000e+01
5.548059085236292987e+01,-7.447688044013398212e+01,5.000000000000000000e-01,2.511647858669591837e+00,4.128247629607264102e+00,8.000000000000000000e+00
5.598059085236292987e+01,-7.497688044013398212e+01,5.000000000000000000e-01,3.108739225792879757e-01,9.850749558188445221e-01,2.400000000000000000e+01
5.598059085236292987e+01,-7.447688044013398212e+01,5.000000000000000000e-01,1.602376880518896485e-03,6.615591462279197366e+00,6.000000000000000000e+00
5.548059085236292987e+01,-7.397688044013398212e+01,5.000000000000000000e-01,2.000208898607524935e-04,6.521194197033875817e+00,5.000000000000000000e+00
5.548059085236292987e+01,-7.347688044013398212e+01,5.000000000000000000e-01,2.000624658524685628e-04,6.976291921364094151e+00,8.000000000000000000e+00
5.598059085236292987e+01,-7.347688044013398212e+01,5.000000000000000000e-01,1.309332574993277820e+00,5.767086233903558679e+00,1.200000000000000000e+01
5.648059085236292987e+01,-7.497688044013398212e+01,1.000000000000000000e+00,6.287086355736093250e-03,1.232050973476493505e+00,4.800000000000000000e+01
5.648059085236292987e+01,-7.347688044013398212e+01,5.000000000000000000e-01,2.000333701598577764e-04,7.115494163342868106e+00,7.000000000000000000e+00
5.548059085236292987e+01,-7.297688044013398212e+01,5.000000000000000000e-01,2.000310166666352584e-04,6.781409263588230374e+00,7.000000000000000000e+00
5.548059085236292987e+01,-7.247688044013398212e+01,5.000000000000000000e-01,2.000115937374147225e-04,7.005679505608470414e+00,7.000000000000000000e+00
5.598059085236292987e+01,-7.297688044013398212e+01,5.000000000000000000e-01,2.000331878662109375e-04,4.670928143688657386e+00,7.000000000000000000e+00
5.598059085236292987e+01,-7.247688044013398212e+01,5.000000000000000000e-01,1.998819481361380213e-04,4.955126456273213797e+00,7.000000000000000000e+00
5.548059085236292987e+01,-7.197688044013398212e+01,1.000000000000000000e+00,2.000175813858362625e-04,1.282774095945349302e-06,1.200000000000000000e+01
5.648059085236292987e+01,-7.297688044013398212e+01,5.000000000000000000e-01,2.000662447239953733e-04,7.230032772622386084e+00,8.000000000000000000e+00
5.698059085236292987e+01,-7.247688044013398212e+01,5.000000000000000000e-01,2.000331878662109375e-04,7.472045341062514723e+00,1.100000000000000000e+01
5.648059085236292987e+01,-7.197688044013398212e+01,5.000000000000000000e-01,1.998119162429645712e-04,7.617909968013034216e+00,9.000000000000000000e+00
5.698059085236292987e+01,-7.147688044013398212e+01,5.000000000000000000e-01,1.999778047038880510e-04,2.418158717709673056e-07,5.000000000000000000e+00
5.548059085236292987e+01,-7.097688044013398212e+01,2.000000000000000000e+00,1.998667676499366053e-04,1.074800530886937814e-06,6.900000000000000000e+01
5.548059085236292987e+01,-6.897688044013398212e+01,2.000000000000000000e+00,1.999572071994748458e-04,3.464799944286165063e-07,7.900000000000000000e+01
5.548059085236292987e+01,-6.697688044013398212e+01,1.000000000000000000e+00,1.999669177398466448e-04,5.129607686615801545e-07,1.500000000000000000e+01
5.548059085236292987e+01,-6.597688044013398212e+01,1.000000000000000000e+00,1.999040979257849014e-04,1.436945990729304604e-06,9.000000000000000000e+00
5.648059085236292987e+01,-6.697688044013398212e+01,1.000000000000000000e+00,1.998488632248829333e-04,2.422744163066425926e-07,1.100000000000000000e+01
5.648059085236292987e+01,-6.597688044013398212e+01,5.000000000000000000e-01,1.997745278420559546e-04,2.586600241549828847e-07,8.000000000000000000e+00
5.648059085236292987e+01,-6.547688044013398212e+01,5.000000000000000000e-01,2.000331878662109375e-04,6.602742507047977050e+00,7.000000000000000000e+00
5.548059085236292987e+01,-6.497688044013398212e+01,5.000000000000000000e-01,2.002664644632723369e-04,7.560624419879113489e+00,5.000000000000000000e+00
5.548059085236292987e+01,-6.447688044013398212e+01,5.000000000000000000e-01,2.000331878662109375e-04,7.691625570027552428e+00,6.000000000000000000e+00
5.598059085236292987e+01,-6.497688044013398212e+01,5.000000000000000000e-01,2.000611966640697349e-04,8.205028378785733878e+00,1.200000000000000000e+01
5.598059085236292987e+01,-6.447688044013398212e+01,5.000000000000000000e-01,2.001015317671495206e-04,7.351504732509096307e+00,7.000000000000000000e+00
5.548059085236292987e+01,-6.397688044013398212e+01,5.000000000000000000e-01,1.999569524553379551e-04,8.515028651067692821e-08,7.000000000000000000e+00
5.598059085236292987e+01,-6.397688044013398212e+01,5.000000000000000000e-01,1.998120519167478958e-04,5.998294941064458818e+00,5.000000000000000000e+00
5.598059085236292987e+01,-6.347688044013398212e+01,5.000000000000000000e-01,2.000331878662109375e-04,5.664439423122275663e+00,7.000000000000000000e+00
5.648059085236292987e+01,-6.497688044013398212e+01,5.000000000000000000e-01,3.792399567226959700e+00,4.312715731551326925e+00,9.000000000000000000e+00
5.648059085236292987e+01,-6.447688044013398212e+01,5.000000000000000000e-01,1.999623958819363168e-04,7.410664076282985846e+00,7.000000000000000000e+00
5.698059085236292987e+01,-6.497688044013398212e+01,5.000000000000000000e-01,2.000140684406126468e-04,6.345393620033613402e+00,6.000000000000000000e+00
5.698059085236292987e+01,-6.447688044013398212e+01,5.000000000000000000e-01,1.999984478722183212e-04,5.278056206955000107e+00,5.000000000000000000e+00
5.648059085236292987e+01,-6.397688044013398212e+01,5.000000000000000000e-01,5.865181645526070575e+00,1.469032782176475038e+00,9.000000000000000000e+00
5.648059085236292987e+01,-6.347688044013398212e+01,5.000000000000000000e-01,1.999698257995063955e-04,7.464324418019192109e+00,6.000000000000000000e+00
5.698059085236292987e+01,-6.397688044013398212e+01,5.000000000000000000e-01,2.000331878662109375e-04,7.408885289149148790e+00,8.000000000000000000e+00
5.698059085236292987e+01,-6.347688044013398212e+01,5.000000000000000000e-01,5.718006199681084922e+00,2.150186341230630127e+00,6.000000000000000000e+00
5.548059085236292987e+01,-6.297688044013398212e+01,5.000000000000000000e-01,4.395984024065413998e+00,1.175329982797697959e+00,5.000000000000000000e+00
5.548059085236292987e+01,-6.247688044013398212e+01,5.000000000000000000e-01,4.964168543909428521e+00,4.556349362761942245e-01,1.300000000000000000e+01
5.598059085236292987e+01,-6.297688044013398212e+01,5.000000000000000000e-01,1.999750308634418161e-04,5.628687165050463292e+00,7.000000000000000000e+00
5.598059085236292987e+01,-6.247688044013398212e+01,5.000000000000000000e-01,2.003223093374195685e-04,5.616978660811483337e+00,7.000000000000000000e+00
5.548059085236292987e+01,-6.197688044013398212e+01,5.000000000000000000e-01,6.695691261817505319e-03,5.214673592440917105e+00,1.500000000000000000e+01
5.548059085236292987e+01,-6.147688044013398212e+01,5.000000000000000000e-01,4.038796179023041333e+00,1.048255104778090363e+00,5.000000000000000000e+00
5.598059085236292987e+01,-6.197688044013398212e+01,5.000000000000000000e-01,4.407318979413554945e-03,3.458919252263640498e+00,8.000000000000000000e+00
5.598059085236292987e+01,-6.147688044013398212e+01,5.000000000000000000e-01,1.523999640319547433e-01,5.235985340802458587e+00,1.000000000000000000e+01
5.648059085236292987e+01,-6.297688044013398212e+01,5.000000000000000000e-01,2.001066780572102852e-04,5.713607542805603678e+00,5.000000000000000000e+00
5.698059085236292987e+01,-6.297688044013398212e+01,5.000000000000000000e-01,2.003148778575436495e-04,6.758879089469427726e+00,7.000000000000000000e+00
5.698059085236292987e+01,-6.197688044013398212e+01,5.000000000000000000e-01,5.245130042559865112e-03,7.757073436996400617e-02,7.000000000000000000e+00
5.698059085236292987e+01,-6.147688044013398212e+01,5.000000000000000000e-01,6.946330419445472248e-01,2.404968071166667443e+00,1.400000000000000000e+01
5.598059085236292987e+01,-6.097688044013398212e+01,5.000000000000000000e-01,2.730843542510461575e-01,5.133225816622282167e+00,1.300000000000000000e+01
5.598059085236292987e+01,-6.047688044013398212e+01,5.000000000000000000e-01,3.122811230036342423e+00,2.127155323689139621e+00,6.000000000000000000e+01
5.548059085236292987e+01,-5.997688044013398212e+01,1.000000000000000000e+00,4.347627974072407753e+00,1.170775124039341364e+00,1.400000000000000000e+01
5.648059085236292987e+01,-6.097688044013398212e+01,5.000000000000000000e-01,1.927916114479713561e-01,3.081622296309458053e-01,1.200000000000000000e+01
5.648059085236292987e+01,-6.047688044013398212e+01,5.000000000000000000e-01,1.332935438975814346e+00,4.202916548798267371e+00,8.100000000000000000e+01
5.698059085236292987e+01,-6.097688044013398212e+01,5.000000000000000000e-01,1.590570769651470928e-01,3.166558221892743497e-01,9.000000000000000000e+00
5.698059085236292987e+01,-6.047688044013398212e+01,5.000000000000000000e-01,2.581297984772548681e-01,5.391211196269690475e+00,2.000000000000000000e+01
5.648059085236292987e+01,-5.997688044013398212e+01,5.000000000000000000e-01,9.207844019791977530e-01,1.275632781590896769e+00,2.500000000000000000e+01
5.698059085236292987e+01,-5.997688044013398212e+01,5.000000000000000000e-01,1.677797914149156411e-01,2.181304507703201612e+00,1.400000000000000000e+01
5.698059085236292987e+01,-5.947688044013398212e+01,5.000000000000000000e-01,2.222954342823203200e-01,3.343419765508637287e-01,9.000000000000000000e+00
5.548059085236292987e+01,-5.897688044013398212e+01,1.000000000000000000e+00,5.287040525050096029e+00,5.261218679877677218e-01,1.000000000000000000e+01
5.548059085236292987e+01,-5.797688044013398212e+01,1.000000000000000000e+00,5.344516637195665609e+00,6.225128473380712180e-01,1.500000000000000000e+01
5.548059085236292987e+01,-5.697688044013398212e+01,1.000000000000000000e+00,5.574395004540685150e+00,4.336719034075553481e-01,6.000000000000000000e+00
5.698059085236292987e+01,-5.547688044013398212e+01,5.000000000000000000e-01,3.220911201681310843e+00,2.412681996097452597e+00,1.100000000000000000e+01
5.548059085236292987e+01,-5.497688044013398212e+01,2.000000000000000000e+00,1.523998662804463555e-01,4.635103897828685149e-02,2.000000000000000000e+01
5.748059085236292987e+01,-1.659768804401339821e+02,1.000000000000000000e+00,6.295676859915518842e-01,8.617230230809004299e-01,2.000000000000000000e+01
5.748059085236292987e+01,-1.569768804401339821e+02,2.000000000000000000e+00,1.385918334270499486e-01,8.324679322752048805e-04,1.600000000000000000e+01
5.748059085236292987e+01,-1.549768804401339821e+02,2.000000000000000000e+00,1.398552676143700602e-01,3.665528543653095994e-03,2.100000000000000000e+01
5.748059085236292987e+01,-1.509768804401339821e+02,2.000000000000000000e+00,1.523998112629509905e-01,3.701650500564923618e-07,3.600000000000000000e+01
5.748059085236292987e+01,-1.489768804401339821e+02,1.000000000000000000e+00,1.523991769516965245e-01,7.369281572744412756e-07,7.000000000000000000e+00
5.748059085236292987e+01,-1.474768804401339821e+02,5.000000000000000000e-01,4.741428762285035958e-01,2.023549251725387244e+00,3.600000000000000000e+01
5.798059085236292987e+01,-1.474768804401339821e+02,5.000000000000000000e-01,1.523997388206256021e-01,3.425481246155381854e-07,7.000000000000000000e+00
5.848059085236292987e+01,-1.489768804401339821e+02,1.000000000000000000e+00,1.523985566602043262e-01,1.550482924078666613e-06,9.000000000000000000e+00
5.848059085236292987e+01,-1.479768804401339821e+02,1.000000000000000000e+00,1.523998644118940149e-01,2.766335456261259651e-07,8.000000000000000000e+00
5.748059085236292987e+01,-1.469768804401339821e+02,5.000000000000000000e-01,1.020585477498933802e+00,1.840432520837282482e+00,3.800000000000000000e+01
5.748059085236292987e+01,-1.464768804401339821e+02,5.000000000000000000e-01,8.060915931545874491e-01,1.771386982278112310e+00,3.200000000000000000e+01
5.798059085236292987e+01,-1.469768804401339821e+02,5.000000000000000000e-01,1.523996324852698037e-01,6.746417300640406012e-07,5.000000000000000000e+00
5.748059085236292987e+01,-1.459768804401339821e+02,5.000000000000000000e-01,4.783563859705889931e-01,2.284706213233686611e+00,3.500000000000000000e+01
5.748059085236292987e+01,-1.454768804401339821e+02,5.000000000000000000e-01,5.791400337797902864e-03,1.003736295634770626e-01,6.000000000000000000e+00
5.798059085236292987e+01,-1.454768804401339821e+02,5.000000000000000000e-01,3.956419123684096900e-03,1.281920585575978544e-01,1.200000000000000000e+01
5.848059085236292987e+01,-1.469768804401339821e+02,1.000000000000000000e+00,1.523998026334837941e-01,3.445844189431390703e-07,1.400000000000000000e+01
5.848059085236292987e+01,-1.459768804401339821e+02,1.000000000000000000e+00,6.281258904957898181e-03,1.461187442002819248e-01,2.600000000000000000e+01
5.748059085236292987e+01,-1.449768804401339821e+02,2.000000000000000000e+00,1.997404661723933936e-04,6.144052484113708430e-07,7.800000000000000000e+01
5.748059085236292987e+01,-1.429768804401339821e+02,2.000000000000000000e+00,1.996658830925035488e-04,4.627150738123475548e-07,1.160000000000000000e+02
5.748059085236292987e+01,-1.409768804401339821e+02,2.000000000000000000e+00,1.996911105373033735e-04,5.074602600796287825e-07,1.630000000000000000e+02
5.748059085236292987e+01,-1.389768804401339821e+02,2.000000000000000000e+00,1.998051136811618170e-04,3.790522807190107018e-07,2.290000000000000000e+02
5.748059085236292987e+01,-1.369768804401339821e+02,2.000000000000000000e+00,1.998063168852463325e-04,4.146071653406688869e-07,3.310000000000000000e+02
5.748059085236292987e+01,-1.349768804401339821e+02,2.000000000000000000e+00,1.998090848296385502e-04,4.020836101403910297e-07,3.190000000000000000e+02
5.748059085236292987e+01,-1.329768804401339821e+02,2.000000000000000000e+00,1.997659146969847361e-04,4.111456629226077804e-07,2.870000000000000000e+02
5.748059085236292987e+01,-1.309768804401339821e+02,2.000000000000000000e+00,1.997567968088809101e-04,5.026925036677616903e-07,2.830000000000000000e+02
5.748059085236292987e+01,-1.289768804401339821e+02,2.000000000000000000e+00,1.997364785670067424e-04,5.853604829593960467e-07,3.100000000000000000e+02
5.748059085236292987e+01,-1.269768804401339821e+02,5.000000000000000000e-01,1.284851540281513804e-03,5.062114950089176106e-03,2.200000000000000000e+01
5.748059085236292987e+01,-1.264768804401339821e+02,5.000000000000000000e-01,1.488238691547816295e-01,2.738018676126262818e+00,4.000000000000000000e+01
5.798059085236292987e+01,-1.269768804401339821e+02,5.000000000000000000e-01,1.226390435774253216e-03,5.192729069932807036e-03,2.100000000000000000e+01
5.798059085236292987e+01,-1.264768804401339821e+02,5.000000000000000000e-01,1.332026546230395958e-01,2.746615002057199550e+00,3.600000000000000000e+01
5.748059085236292987e+01,-1.259768804401339821e+02,5.000000000000000000e-01,1.523998965492922852e-01,2.696488290314436931e+00,3.500000000000000000e+01
5.748059085236292987e+01,-1.254768804401339821e+02,5.000000000000000000e-01,1.523998659580159953e-01,2.696488360096683135e+00,3.400000000000000000e+01
5.798059085236292987e+01,-1.259768804401339821e+02,5.000000000000000000e-01,1.523998799417617123e-01,2.696488201557547093e+00,3.300000000000000000e+01
5.798059085236292987e+01,-1.254768804401339821e+02,5.000000000000000000e-01,1.523999450565918790e-01,2.696488180618263453e+00,5.000000000000000000e+01
5.848059085236292987e+01,-1.269768804401339821e+02,5.000000000000000000e-01,4.894739939646176787e-04,2.218199537648518627e-02,2.300000000000000000e+01
5.848059085236292987e+01,-1.264768804401339821e+02,5.000000000000000000e-01,1.292012389414004814e-01,2.747801363658672003e+00,3.100000000000000000e+01
5.898059085236292987e+01,-1.269768804401339821e+02,5.000000000000000000e-01,1.191190570464832231e-03,7.655912929353627001e-03,2.000000000000000000e+01
5.898059085236292987e+01,-1.264768804401339821e+02,5.000000000000000000e-01,1.432910792319628812e-01,2.741163949302394265e+00,3.900000000000000000e+01
5.848059085236292987e+01,-1.259768804401339821e+02,5.000000000000000000e-01,1.523998796627701602e-01,2.696488329365651193e+00,3.900000000000000000e+01
5.848059085236292987e+01,-1.254768804401339821e+02,5.000000000000000000e-01,1.523999397242308262e-01,2.696488221628256188e+00,3.800000000000000000e+01
5.898059085236292987e+01,-1.259768804401339821e+02,5.000000000000000000e-01,1.523999358365903944e-01,2.696488091987843561e+00,5.100000000000000000e+01
5.898059085236292987e+01,-1.254768804401339821e+02,5.000000000000000000e-01,1.523999504491526658e-01,2.696488306046495254e+00,4.100000000000000000e+01
5.748059085236292987e+01,-1.249768804401339821e+02,5.000000000000000000e-01,7.125490329543676671e-01,1.753661893251888149e+00,1.260000000000000000e+02
5.748059085236292987e+01,-1.244768804401339821e+02,5.000000000000000000e-01,1.523998672412210653e-01,5.532858917689509326e-07,1.500000000000000000e+01
5.798059085236292987e+01,-1.249768804401339821e+02,5.000000000000000000e-01,7.089901018686686207e-01,1.758176780966465014e+00,1.640000000000000000e+02
5.798059085236292987e+01,-1.244768804401339821e+02,5.000000000000000000e-01,1.523998781815113779e-01,3.735735105980797499e-07,9.000000000000000000e+00
5.748059085236292987e+01,-1.239768804401339821e+02,1.000000000000000000e+00,1.523998361473747620e-01,6.519488732759093352e-07,2.300000000000000000e+01
5.848059085236292987e+01,-1.249768804401339821e+02,5.000000000000000000e-01,6.918331217452854398e-01,1.651843237446510848e+00,1.190000000000000000e+02
5.848059085236292987e+01,-1.244768804401339821e+02,5.000000000000000000e-01,1.523997896152170795e-01,2.630101514355942527e-07,9.000000000000000000e+00
5.898059085236292987e+01,-1.249768804401339821e+02,5.000000000000000000e-01,6.357617559230910320e-01,2.022503314544064956e+00,1.280000000000000000e+02
5.898059085236292987e+01,-1.244768804401339821e+02,5.000000000000000000e-01,1.523998516457346908e-01,2.259818793204360077e-07,1.000000000000000000e+01
5.848059085236292987e+01,-1.239768804401339821e+02,1.000000000000000000e+00,1.523994516090453888e-01,9.786508010922734258e-07,3.200000000000000000e+01
5.748059085236292987e+01,-1.229768804401339821e+02,2.000000000000000000e+00,1.523994981427835016e-01,7.464206732976652603e-07,8.200000000000000000e+01
5.748059085236292987e+01,-1.209768804401339821e+02,2.000000000000000000e+00,1.523995861271534302e-01,7.457891895989998687e-07,9.400000000000000000e+01
5.748059085236292987e+01,-1.189768804401339821e+02,2.000000000000000000e+00,1.523997518545273933e-01,5.776144271496530536e-07,8.000000000000000000e+01
5.748059085236292987e+01,-1.169768804401339821e+02,2.000000000000000000e+00,1.523995472386570071e-01,6.552748170740585465e-07,6.600000000000000000e+01
5.748059085236292987e+01,-1.149768804401339821e+02,2.000000000000000000e+00,1.523996751086698076e-01,4.764647674182498349e-07,4.600000000000000000e+01
5.748059085236292987e+01,-1.129768804401339821e+02,2.000000000000000000e+00,1.523998172450896915e-01,5.375234422844155091e-07,4.200000000000000000e+01
5.748059085236292987e+01,-1.109768804401339821e+02,2.000000000000000000e+00,1.523993782179471346e-01,8.379850205408878594e-07,1.800000000000000000e+01
5.748059085236292987e+01,-1.089768804401339821e+02,2.000000000000000000e+00,1.523997741651288429e-01,3.375325257071182250e-07,2.600000000000000000e+01
5.748059085236292987e+01,-1.069768804401339821e+02,2.000000000000000000e+00,1.523996753062224485e-01,6.214481300115259899e-07,2.200000000000000000e+01
5.798059085236292987e+01,-1.014768804401339821e+02,5.000000000000000000e-01,3.102180366826837954e+00,6.268611731704498702e-01,5.000000000000000000e+00
5.848059085236292987e+01,-1.014768804401339821e+02,5.000000000000000000e-01,8.707312974390258864e-01,2.837438725968267406e+00,9.000000000000000000e+00
5.898059085236292987e+01,-1.014768804401339821e+02,5.000000000000000000e-01,6.477920282607112501e-01,3.049092273591105240e+00,3.500000000000000000e+01
5.748059085236292987e+01,-1.009768804401339821e+02,1.000000000000000000e+00,2.217730367857131124e-01,7.639886855730885218e-01,2.400000000000000000e+01
5.748059085236292987e+01,-9.997688044013398212e+01,1.000000000000000000e+00,9.202653970203905631e-01,7.062028924097080163e-01,8.000000000000000000e+00
5.848059085236292987e+01,-1.009768804401339821e+02,1.000000000000000000e+00,2.340585826811475145e-01,4.771423393566852633e-01,8.000000000000000000e+00
5.748059085236292987e+01,-9.897688044013398212e+01,5.000000000000000000e-01,1.563803358845247793e+00,3.147097128805831368e-02,5.000000000000000000e+00
5.748059085236292987e+01,-9.847688044013398212e+01,5.000000000000000000e-01,4.897741417369685379e+00,4.078005726560155253e+00,5.500000000000000000e+01
5.798059085236292987e+01,-9.897688044013398212e+01,5.000000000000000000e-01,2.177874284494666135e+00,6.558010607973892014e+00,5.000000000000000000e+00
5.798059085236292987e+01,-9.847688044013398212e+01,5.000000000000000000e-01,4.099311344038242488e+00,4.473368542485995469e+00,1.070000000000000000e+02
5.748059085236292987e+01,-9.797688044013398212e+01,5.000000000000000000e-01,3.077981025563234940e+00,4.448614466430464987e+00,2.200000000000000000e+01
5.848059085236292987e+01,-9.847688044013398212e+01,5.000000000000000000e-01,3.599660150818478677e+00,4.899059847112916977e+00,9.900000000000000000e+01
5.898059085236292987e+01,-9.847688044013398212e+01,5.000000000000000000e-01,3.985455418881959311e+00,4.609209616513280316e+00,8.000000000000000000e+01
5.848059085236292987e+01,-9.797688044013398212e+01,1.000000000000000000e+00,6.156476314499469638e+00,6.499270796293590280e-01,1.100000000000000000e+01
5.748059085236292987e+01,-8.347688044013398212e+01,5.000000000000000000e-01,3.158119021757157530e+00,2.474941038138652072e+00,5.400000000000000000e+01
5.798059085236292987e+01,-8.347688044013398212e+01,5.000000000000000000e-01,3.273610375356541091e+00,2.702106090467732535e+00,6.500000000000000000e+01
5.848059085236292987e+01,-8.397688044013398212e+01,5.000000000000000000e-01,2.871826432131482587e+00,1.439711935543348087e+00,5.400000000000000000e+01
5.848059085236292987e+01,-8.347688044013398212e+01,5.000000000000000000e-01,2.762011404476827803e+00,2.985104021579665368e+00,6.100000000000000000e+01
5.898059085236292987e+01,-8.397688044013398212e+01,5.000000000000000000e-01,3.069639742425838147e+00,1.183127682736770492e+00,1.500000000000000000e+01
5.898059085236292987e+01,-8.347688044013398212e+01,5.000000000000000000e-01,4.629039865378110186e+00,7.190307698084605903e-01,1.400000000000000000e+01
5.748059085236292987e+01,-8.297688044013398212e+01,1.000000000000000000e+00,2.031486962325015355e+00,3.761515506122918850e-01,6.000000000000000000e+00
5.848059085236292987e+01,-8.297688044013398212e+01,1.000000000000000000e+00,1.514668396055153909e+00,8.834781304659080625e-01,4.400000000000000000e+01
5.848059085236292987e+01,-8.197688044013398212e+01,1.000000000000000000e+00,7.770717881236411939e-01,9.169021719224451639e-01,4.000000000000000000e+01
5.748059085236292987e+01,-8.097688044013398212e+01,1.000000000000000000e+00,5.300176081379782689e-01,5.867147937619062725e-01,8.000000000000000000e+00
5.848059085236292987e+01,-8.097688044013398212e+01,1.000000000000000000e+00,2.945949707348999302e-01,6.688017799219908577e-01,2.000000000000000000e+01
5.748059085236292987e+01,-7.497688044013398212e+01,1.000000000000000000e+00,6.663269647429004815e-03,1.256805975580666201e+00,5.700000000000000000e+01
5.748059085236292987e+01,-7.397688044013398212e+01,1.000000000000000000e+00,1.999925634357246906e-04,1.812682101309749574e-07,1.800000000000000000e+01
5.848059085236292987e+01,-7.497688044013398212e+01,1.000000000000000000e+00,9.825915931797869762e-02,1.186986133815586042e+00,7.900000000000000000e+01
5.848059085236292987e+01,-7.397688044013398212e+01,1.000000000000000000e+00,1.999898403564514984e-04,2.440237973466816319e-07,2.500000000000000000e+01
5.748059085236292987e+01,-7.297688044013398212e+01,2.000000000000000000e+00,1.999125483941099955e-04,1.009132324591988095e-06,9.800000000000000000e+01
5.748059085236292987e+01,-7.097688044013398212e+01,2.000000000000000000e+00,1.999024236267743504e-04,2.073597853424757886e-07,9.600000000000000000e+01
5.748059085236292987e+01,-6.897688044013398212e+01,2.000000000000000000e+00,1.998848641318495714e-04,3.233616308939756077e-07,1.080000000000000000e+02
5.748059085236292987e+01,-6.697688044013398212e+01,2.000000000000000000e+00,1.999507626932128747e-04,1.374019090685759358e-02,1.020000000000000000e+02
5.748059085236292987e+01,-6.497688044013398212e+01,5.000000000000000000e-01,1.999770196110084550e-04,5.687933891022632693e+00,5.000000000000000000e+00
5.748059085236292987e+01,-6.447688044013398212e+01,5.000000000000000000e-01,1.999318293001373038e-04,7.440625369831048275e+00,7.000000000000000000e+00
5.798059085236292987e+01,-6.497688044013398212e+01,5.000000000000000000e-01,2.000331878662109375e-04,6.245605298825537943e+00,1.600000000000000000e+01
5.798059085236292987e+01,-6.447688044013398212e+01,5.000000000000000000e-01,3.552684804766421678e+00,4.318921701546982739e+00,9.000000000000000000e+00
5.748059085236292987e+01,-6.397688044013398212e+01,5.000000000000000000e-01,1.999711809594906242e-04,7.484636943040198886e+00,6.000000000000000000e+00
5.748059085236292987e+01,-6.347688044013398212e+01,5.000000000000000000e-01,2.000597532733294716e-04,7.372385684182200194e+00,1.300000000000000000e+01
5.798059085236292987e+01,-6.397688044013398212e+01,5.000000000000000000e-01,1.999501746350773493e-04,8.237449849699492788e+00,5.000000000000000000e+00
5.798059085236292987e+01,-6.347688044013398212e+01,5.000000000000000000e-01,1.999748773036102989e-04,7.961717498199836207e+00,1.100000000000000000e+01
5.848059085236292987e+01,-6.497688044013398212e+01,5.000000000000000000e-01,1.998592373472440843e-04,7.520767103073458415e+00,8.000000000000000000e+00
5.848059085236292987e+01,-6.447688044013398212e+01,5.000000000000000000e-01,2.000331878662109375e-04,6.290730026966870447e+00,1.300000000000000000e+01
5.898059085236292987e+01,-6.447688044013398212e+01,5.000000000000000000e-01,1.228125980265035500e+00,5.225129431517076206e+00,7.000000000000000000e+00
5.848059085236292987e+01,-6.397688044013398212e+01,5.000000000000000000e-01,2.000199495605296362e-04,6.035037131323236714e+00,9.000000000000000000e+00
5.848059085236292987e+01,-6.347688044013398212e+01,5.000000000000000000e-01,1.109568234384759489e+00,6.917847853826637916e+00,1.200000000000000000e+01
5.898059085236292987e+01,-6.397688044013398212e+01,5.000000000000000000e-01,1.999624049307868799e-04,6.735198935819699528e+00,1.200000000000000000e+01
5.898059085236292987e+01,-6.347688044013398212e+01,5.000000000000000000e-01,2.000198438577349745e-04,6.075993098958881511e+00,8.000000000000000000e+00
5.748059085236292987e+01,-6.247688044013398212e+01,5.000000000000000000e-01,1.082936753852162814e+00,5.267562054458774234e+00,7.000000000000000000e+00
5.798059085236292987e+01,-6.297688044013398212e+01,5.000000000000000000e-01,2.000331878662109375e-04,7.647556680808874852e+00,1.700000000000000000e+01
5.798059085236292987e+01,-6.247688044013398212e+01,5.000000000000000000e-01,1.110716500898120129e+00,4.563728427040625313e+00,7.000000000000000000e+00
5.748059085236292987e+01,-6.197688044013398212e+01,5.000000000000000000e-01,9.799803269226919911e-02,5.292549250051879817e+00,1.900000000000000000e+01
5.748059085236292987e+01,-6.147688044013398212e+01,5.000000000000000000e-01,2.008061665708426702e+00,3.946269432388085363e-01,1.800000000000000000e+01
5.798059085236292987e+01,-6.197688044013398212e+01,5.000000000000000000e-01,5.161886342838890862e-02,5.449967853495651049e+00,9.000000000000000000e+00
5.798059085236292987e+01,-6.147688044013398212e+01,5.000000000000000000e-01,1.523999972325515984e-01,5.559045299530902540e+00,7.000000000000000000e+00
5.848059085236292987e+01,-6.297688044013398212e+01,5.000000000000000000e-01,5.701110479108302265e+00,2.048996364969392303e+00,7.000000000000000000e+00
5.848059085236292987e+01,-6.247688044013398212e+01,5.000000000000000000e-01,1.999499779924640509e-04,6.412950719689211709e+00,1.000000000000000000e+01
5.898059085236292987e+01,-6.297688044013398212e+01,5.000000000000000000e-01,1.132070554073526969e+00,5.933195638493234725e+00,1.700000000000000000e+01
5.898059085236292987e+01,-6.247688044013398212e+01,5.000000000000000000e-01,3.080125476963680537e-04,7.246024550764000871e+00,1.200000000000000000e+01
5.848059085236292987e+01,-6.197688044013398212e+01,5.000000000000000000e-01,3.225926786815236716e-03,3.913476777160007192e+00,7.000000000000000000e+00
5.848059085236292987e+01,-6.147688044013398212e+01,5.000000000000000000e-01,1.523999067153729570e-01,1.994762621748691345e-07,6.000000000000000000e+00
5.898059085236292987e+01,-6.197688044013398212e+01,5.000000000000000000e-01,5.412659962155075451e-03,5.750552957968511514e+00,1.300000000000000000e+01
5.748059085236292987e+01,-6.097688044013398212e+01,5.000000000000000000e-01,2.090218042089030170e+00,1.826184910501645220e+00,1.200000000000000000e+01
5.748059085236292987e+01,-5.997688044013398212e+01,5.000000000000000000e-01,1.523997541973537706e-01,5.441570779133533264e+00,8.000000000000000000e+00
5.798059085236292987e+01,-5.947688044013398212e+01,5.000000000000000000e-01,1.524000167846679688e-01,5.648623006045234263e+00,5.000000000000000000e+00
5.848059085236292987e+01,-6.097688044013398212e+01,5.000000000000000000e-01,1.523999643473503696e-01,4.456762852523113771e+00,6.000000000000000000e+00
5.848059085236292987e+01,-6.047688044013398212e+01,5.000000000000000000e-01,3.150558009253677239e-01,5.794199644191970755e+00,1.300000000000000000e+01
5.898059085236292987e+01,-6.097688044013398212e+01,5.000000000000000000e-01,1.523998793518277495e-01,3.307844516908797772e-07,7.000000000000000000e+00
5.898059085236292987e+01,-6.047688044013398212e+01,5.000000000000000000e-01,2.870730415042334616e-01,9.346676698819138540e-01,2.200000000000000000e+01
5.898059085236292987e+01,-5.997688044013398212e+01,5.000000000000000000e-01,4.025632340117972774e-01,7.971633651801537379e-01,1.400000000000000000e+01
5.748059085236292987e+01,-5.897688044013398212e+01,2.000000000000000000e+00,1.523999033522160096e-01,3.072422113947759215e-07,9.000000000000000000e+00
5.748059085236292987e+01,-5.697688044013398212e+01,1.000000000000000000e+00,1.523999061374508024e-01,5.834770011592382843e-07,1.100000000000000000e+01
5.748059085236292987e+01,-5.547688044013398212e+01,5.000000000000000000e-01,1.781346423832244952e+00,4.015667112945759065e+00,7.500000000000000000e+01
5.798059085236292987e+01,-5.547688044013398212e+01,5.000000000000000000e-01,3.310432324609490440e+00,1.898873140611914589e+00,5.200000000000000000e+01
5.848059085236292987e+01,-5.697688044013398212e+01,1.000000000000000000e+00,1.523998946412259414e-01,3.447254838251367914e-07,6.000000000000000000e+00
5.848059085236292987e+01,-5.547688044013398212e+01,5.000000000000000000e-01,3.193924521093927105e+00,1.592841867190733396e+00,3.400000000000000000e+01
5.898059085236292987e+01,-5.547688044013398212e+01,5.000000000000000000e-01,3.174493083266204607e+00,1.572268780649489273e+00,3.600000000000000000e+01
5.748059085236292987e+01,-5.497688044013398212e+01,5.000000000000000000e-01,8.582342839997352257e-01,1.888663006236243280e+00,2.600000000000000000e+01
5.798059085236292987e+01,-5.497688044013398212e+01,5.000000000000000000e-01,5.211033573555137188e+00,9.201773004836928394e-01,1.900000000000000000e+01
5.748059085236292987e+01,-5.397688044013398212e+01,1.000000000000000000e+00,2.388572902776476548e-01,2.174280408218098870e-07,7.000000000000000000e+00
5.848059085236292987e+01,-5.497688044013398212e+01,1.000000000000000000e+00,5.208572404115741072e+00,6.738688320483978700e-01,2.600000000000000000e+01
5.748059085236292987e+01,-5.297688044013398212e+01,5.000000000000000000e-01,8.400520606651815658e-01,1.984050403479795888e+00,2.500000000000000000e+01
5.798059085236292987e+01,-5.297688044013398212e+01,5.000000000000000000e-01,6.338677406311035156e-01,1.646859757602214813e+00,6.000000000000000000e+00
5.948059085236292987e+01,-1.649768804401339821e+02,2.000000000000000000e+00,1.084341901146675669e-01,5.636481474349253062e-04,7.000000000000000000e+00
5.948059085236292987e+01,-1.629768804401339821e+02,2.000000000000000000e+00,1.097004118610488688e-01,1.949604036199037438e-03,7.000000000000000000e+00
5.948059085236292987e+01,-1.569768804401339821e+02,2.000000000000000000e+00,1.387225856370165877e-01,7.016206278759873349e-04,1.500000000000000000e+01
5.948059085236292987e+01,-1.549768804401339821e+02,2.000000000000000000e+00,1.404256469388705797e-01,5.997990007248293898e-03,3.000000000000000000e+01
5.948059085236292987e+01,-1.529768804401339821e+02,2.000000000000000000e+00,1.480459398049140951e-01,4.353878345846995401e-03,7.000000000000000000e+00
5.948059085236292987e+01,-1.509768804401339821e+02,2.000000000000000000e+00,1.523997574899027541e-01,3.609830540318714753e-07,3.500000000000000000e+01
5.948059085236292987e+01,-1.489768804401339821e+02,2.000000000000000000e+00,1.523997777567907552e-01,4.793535139380189491e-07,3.700000000000000000e+01
5.948059085236292987e+01,-1.469768804401339821e+02,2.000000000000000000e+00,3.502595476380114536e-02,1.173742227534710497e-01,8.400000000000000000e+01
5.948059085236292987e+01,-1.449768804401339821e+02,2.000000000000000000e+00,1.995868980520398741e-04,7.379192152434763292e-07,7.800000000000000000e+01
5.948059085236292987e+01,-1.429768804401339821e+02,2.000000000000000000e+00,1.996355850824027556e-04,6.445252917819442682e-07,1.140000000000000000e+02
5.948059085236292987e+01,-1.409768804401339821e+02,2.000000000000000000e+00,1.997115803938242953e-04,9.047062120348724288e-07,1.640000000000000000e+02
5.948059085236292987e+01,-1.389768804401339821e+02,2.000000000000000000e+00,1.997936649749121329e-04,5.185220853798355733e-07,2.160000000000000000e+02
5.948059085236292987e+01,-1.369768804401339821e+02,2.000000000000000000e+00,1.997862126787985915e-04,3.834733610282579138e-07,3.060000000000000000e+02
5.948059085236292987e+01,-1.349768804401339821e+02,2.000000000000000000e+00,1.998460563087611720e-04,3.488147994890056225e-07,3.230000000000000000e+02
5.948059085236292987e+01,-1.329768804401339821e+02,2.000000000000000000e+00,1.997626848879126618e-04,4.442254182205728884e-07,3.020000000000000000e+02
5.948059085236292987e+01,-1.309768804401339821e+02,2.000000000000000000e+00,1.996467864127104974e-04,5.839924417161467072e-07,2.750000000000000000e+02
5.948059085236292987e+01,-1.289768804401339821e+02,2.000000000000000000e+00,1.997666542482345929e-04,4.365104155912291617e-07,2.950000000000000000e+02
5.948059085236292987e+01,-1.269768804401339821e+02,5.000000000000000000e-01,1.901349682318010346e-03,4.019219170975767141e-02,2.500000000000000000e+01
5.948059085236292987e+01,-1.264768804401339821e+02,5.000000000000000000e-01,1.523995187341240509e-01,2.728223371795590158e+00,3.500000000000000000e+01
5.998059085236292987e+01,-1.269768804401339821e+02,5.000000000000000000e-01,1.417448708006026825e-03,2.928879077935310146e-02,2.400000000000000000e+01
5.998059085236292987e+01,-1.264768804401339821e+02,5.000000000000000000e-01,1.511245539863203535e-01,1.275508757009879979e-03,2.200000000000000000e+01
5.948059085236292987e+01,-1.259768804401339821e+02,5.000000000000000000e-01,1.524000477300639922e-01,2.708817636458237477e+00,7.100000000000000000e+01
5.948059085236292987e+01,-1.254768804401339821e+02,5.000000000000000000e-01,8.150931232543530136e-01,1.812819694707514806e+00,1.480000000000000000e+02
5.998059085236292987e+01,-1.259768804401339821e+02,5.000000000000000000e-01,1.523998553311270709e-01,2.725328654140657392e-07,2.000000000000000000e+01
5.998059085236292987e+01,-1.254768804401339821e+02,5.000000000000000000e-01,1.523999188596193433e-01,5.514061510725198900e-07,1.900000000000000000e+01
6.048059085236292987e+01,-1.269768804401339821e+02,1.000000000000000000e+00,3.323682614742355223e-03,1.490764383703236107e-01,9.700000000000000000e+01
6.048059085236292987e+01,-1.259768804401339821e+02,1.000000000000000000e+00,1.523998482814085120e-01,3.418786681530505689e-07,8.100000000000000000e+01
5.948059085236292987e+01,-1.249768804401339821e+02,5.000000000000000000e-01,6.255124446465082366e-01,2.034994720488939368e+00,1.650000000000000000e+02
5.948059085236292987e+01,-1.244768804401339821e+02,5.000000000000000000e-01,1.523996447870793192e-01,6.476587660342314479e-07,1.700000000000000000e+01
5.998059085236292987e+01,-1.249768804401339821e+02,5.000000000000000000e-01,1.523997783761452673e-01,4.470050599669761482e-07,1.600000000000000000e+01
5.998059085236292987e+01,-1.244768804401339821e+02,5.000000000000000000e-01,1.523998388384855129e-01,3.670110793052572262e-07,1.900000000000000000e+01
5.948059085236292987e+01,-1.239768804401339821e+02,1.000000000000000000e+00,1.523996025811576449e-01,5.445265026382539730e-07,4.000000000000000000e+01
6.048059085236292987e+01,-1.249768804401339821e+02,1.000000000000000000e+00,1.523998199112490681e-01,3.832977366613476988e-07,7.100000000000000000e+01
6.048059085236292987e+01,-1.239768804401339821e+02,1.000000000000000000e+00,1.523997076706849474e-01,4.710754648584725146e-07,4.800000000000000000e+01
5.948059085236292987e+01,-1.229768804401339821e+02,2.000000000000000000e+00,1.523996216470829279e-01,5.863563893870882282e-07,1.430000000000000000e+02
5.948059085236292987e+01,-1.209768804401339821e+02,2.000000000000000000e+00,1.523997043578613209e-01,4.764790808575725123e-07,9.600000000000000000e+01
5.948059085236292987e+01,-1.189768804401339821e+02,2.000000000000000000e+00,1.523996537201379731e-01,5.397037015075767385e-07,7.100000000000000000e+01
5.948059085236292987e+01,-1.169768804401339821e+02,2.000000000000000000e+00,1.523996716249935157e-01,7.155282969462106735e-07,7.000000000000000000e+01
5.948059085236292987e+01,-1.149768804401339821e+02,2.000000000000000000e+00,1.523996278085198719e-01,5.752361225408453294e-07,5.400000000000000000e+01
5.948059085236292987e+01,-1.129768804401339821e+02,2.000000000000000000e+00,1.523995016436477390e-01,7.950985145832589751e-07,4.800000000000000000e+01
5.948059085236292987e+01,-1.109768804401339821e+02,2.000000000000000000e+00,1.523994374200720314e-01,7.293783719219959494e-07,2.900000000000000000e+01
5.948059085236292987e+01,-1.089768804401339821e+02,2.000000000000000000e+00,1.523996743666851117e-01,4.274204684628912787e-07,2.600000000000000000e+01
5.948059085236292987e+01,-1.069768804401339821e+02,2.000000000000000000e+00,1.523997984428274444e-01,3.594592667688356613e-07,2.700000000000000000e+01
5.948059085236292987e+01,-1.029768804401339821e+02,1.000000000000000000e+00,1.523998925092211465e-01,1.495812788077088840e-07,6.000000000000000000e+00
5.948059085236292987e+01,-1.014768804401339821e+02,5.000000000000000000e-01,8.188077559232549429e-01,2.887182963948748515e+00,3.700000000000000000e+01
5.998059085236292987e+01,-1.014768804401339821e+02,5.000000000000000000e-01,3.194014092850747666e-01,2.024959838204656304e+00,3.100000000000000000e+01
6.048059085236292987e+01,-1.029768804401339821e+02,1.000000000000000000e+00,1.523998932848888432e-01,2.518812081686583326e-07,5.000000000000000000e+00
6.048059085236292987e+01,-1.014768804401339821e+02,5.000000000000000000e-01,8.484448712924366198e-01,2.881665799264229388e+00,3.200000000000000000e+01
6.098059085236292987e+01,-1.014768804401339821e+02,5.000000000000000000e-01,3.476986338344210670e-01,3.364643667626795231e+00,3.300000000000000000e+01
5.948059085236292987e+01,-9.847688044013398212e+01,5.000000000000000000e-01,4.637217688576169117e+00,3.981234102563042221e+00,7.700000000000000000e+01
5.998059085236292987e+01,-9.847688044013398212e+01,5.000000000000000000e-01,5.149139653485702794e+00,3.403911871181444226e+00,8.500000000000000000e+01
5.948059085236292987e+01,-9.797688044013398212e+01,5.000000000000000000e-01,3.067965360419670162e+00,3.702605475132413559e+00,1.700000000000000000e+01
5.998059085236292987e+01,-9.797688044013398212e+01,5.000000000000000000e-01,3.070685607257150007e+00,3.744708940426644261e-02,5.000000000000000000e+00
6.048059085236292987e+01,-9.847688044013398212e+01,5.000000000000000000e-01,4.677439269056269389e+00,3.804967980546112294e+00,8.700000000000000000e+01
6.098059085236292987e+01,-9.847688044013398212e+01,5.000000000000000000e-01,5.335691266273784095e+00,3.297442875953617403e+00,5.700000000000000000e+01
5.948059085236292987e+01,-8.347688044013398212e+01,5.000000000000000000e-01,3.770857219727929976e+00,1.553110454648454652e+00,3.000000000000000000e+01
5.998059085236292987e+01,-8.347688044013398212e+01,5.000000000000000000e-01,8.651165750309668390e-01,3.958915308204761896e+00,1.230000000000000000e+02
6.048059085236292987e+01,-8.347688044013398212e+01,5.000000000000000000e-01,9.440854482377910584e-01,3.710061602089166577e+00,9.700000000000000000e+01
6.098059085236292987e+01,-8.347688044013398212e+01,5.000000000000000000e-01,8.739862299939340495e-01,3.896846475503807472e+00,9.500000000000000000e+01
5.998059085236292987e+01,-8.297688044013398212e+01,5.000000000000000000e-01,3.898798206354276985e-01,1.991404769836775834e+00,6.100000000000000000e+01
5.998059085236292987e+01,-8.247688044013398212e+01,5.000000000000000000e-01,5.157526732795214564e-01,1.511843364260943900e+00,4.800000000000000000e+01
5.948059085236292987e+01,-8.197688044013398212e+01,1.000000000000000000e+00,5.171964634323018561e-01,1.120289944249923675e+00,7.500000000000000000e+01
6.048059085236292987e+01,-8.297688044013398212e+01,1.000000000000000000e+00,4.915792097719729803e+00,1.111118899028848972e-01,1.100000000000000000e+01
6.048059085236292987e+01,-8.197688044013398212e+01,1.000000000000000000e+00,5.140702168291671370e+00,7.984980659564904215e-01,1.500000000000000000e+01
5.948059085236292987e+01,-8.097688044013398212e+01,1.000000000000000000e+00,3.391876358528291280e-01,7.050755969025848113e-01,4.400000000000000000e+01
6.048059085236292987e+01,-8.097688044013398212e+01,1.000000000000000000e+00,1.919136672238842267e-01,7.350334234576212378e-01,1.800000000000000000e+01
5.948059085236292987e+01,-7.497688044013398212e+01,1.000000000000000000e+00,1.453720568972620975e-01,1.114188767706427496e+00,7.900000000000000000e+01
5.948059085236292987e+01,-7.397688044013398212e+01,1.000000000000000000e+00,1.999557475667046447e-04,3.625913352234169489e-07,3.900000000000000000e+01
6.048059085236292987e+01,-7.497688044013398212e+01,1.000000000000000000e+00,1.186832189559936523e-01,1.161690503161235899e+00,1.060000000000000000e+02
6.048059085236292987e+01,-7.397688044013398212e+01,1.000000000000000000e+00,1.999584495285589068e-04,2.054944639340197492e-07,3.300000000000000000e+01
5.948059085236292987e+01,-7.297688044013398212e+01,2.000000000000000000e+00,1.999385994968072675e-04,5.617705651328301370e-07,1.500000000000000000e+02
5.948059085236292987e+01,-7.097688044013398212e+01,2.000000000000000000e+00,1.998916276399142990e-04,3.708520208922595675e-07,1.720000000000000000e+02
5.948059085236292987e+01,-6.897688044013398212e+01,2.000000000000000000e+00,1.999098653010733474e-04,3.357567208262077392e-07,1.690000000000000000e+02
5.948059085236292987e+01,-6.697688044013398212e+01,2.000000000000000000e+00,1.998847907391354648e-04,2.037904626828017113e-07,1.330000000000000000e+02
5.948059085236292987e+01,-6.497688044013398212e+01,5.000000000000000000e-01,1.999448980143370136e-04,2.858174034114924211e-07,6.000000000000000000e+00
5.948059085236292987e+01,-6.447688044013398212e+01,5.000000000000000000e-01,1.999254737770073120e-04,6.467337101329830418e+00,1.100000000000000000e+01
5.998059085236292987e+01,-6.497688044013398212e+01,5.000000000000000000e-01,1.999947955195757743e-04,4.109701878807214825e-08,6.000000000000000000e+00
5.998059085236292987e+01,-6.447688044013398212e+01,5.000000000000000000e-01,1.999195924629049159e-04,7.703550159443572909e-07,6.000000000000000000e+00
5.948059085236292987e+01,-6.347688044013398212e+01,5.000000000000000000e-01,1.999135085895886786e-04,6.145768271772605651e+00,7.000000000000000000e+00
5.998059085236292987e+01,-6.397688044013398212e+01,5.000000000000000000e-01,1.999175304223221980e-04,1.156574438887394800e-07,8.000000000000000000e+00
5.998059085236292987e+01,-6.347688044013398212e+01,5.000000000000000000e-01,1.999474550573587806e-04,6.385276302619528721e+00,1.000000000000000000e+01
6.048059085236292987e+01,-6.497688044013398212e+01,1.000000000000000000e+00,1.998403476224375197e-04,2.769797278941448122e-07,3.100000000000000000e+01
6.048059085236292987e+01,-6.397688044013398212e+01,1.000000000000000000e+00,1.999345516123796074e-04,7.858338875843637501e-07,2.200000000000000000e+01
5.948059085236292987e+01,-6.297688044013398212e+01,5.000000000000000000e-01,2.000331878662109375e-04,7.094298754897009118e+00,1.000000000000000000e+01
5.948059085236292987e+01,-6.247688044013398212e+01,5.000000000000000000e-01,5.777166746029943845e+00,1.352338630284035226e+00,9.000000000000000000e+00
5.998059085236292987e+01,-6.297688044013398212e+01,5.000000000000000000e-01,1.999365879952641370e-04,6.281226195110170885e+00,8.000000000000000000e+00
5.998059085236292987e+01,-6.247688044013398212e+01,5.000000000000000000e-01,2.000331878662109375e-04,7.335915091075185579e+00,1.300000000000000000e+01
5.948059085236292987e+01,-6.197688044013398212e+01,5.000000000000000000e-01,4.954398212820212977e-02,5.945609050605094481e+00,8.000000000000000000e+00
5.998059085236292987e+01,-6.197688044013398212e+01,5.000000000000000000e-01,2.451556320597623670e-02,4.070783789934608876e+00,8.000000000000000000e+00
5.998059085236292987e+01,-6.147688044013398212e+01,5.000000000000000000e-01,1.520561891488522721e-01,3.440183706789889939e-04,5.000000000000000000e+00
6.048059085236292987e+01,-6.297688044013398212e+01,1.000000000000000000e+00,1.999074761051655822e-04,1.090967951777871555e-06,2.400000000000000000e+01
6.048059085236292987e+01,-6.197688044013398212e+01,1.000000000000000000e+00,5.552561479832096927e-03,1.468475147775563927e-01,3.300000000000000000e+01
5.948059085236292987e+01,-6.097688044013398212e+01,2.000000000000000000e+00,1.523999640787084553e-01,5.067221956326739551e-01,7.300000000000000000e+01
5.948059085236292987e+01,-5.897688044013398212e+01,2.000000000000000000e+00,1.523999476367896011e-01,9.998272954003795121e-07,3.000000000000000000e+01
5.948059085236292987e+01,-5.697688044013398212e+01,1.000000000000000000e+00,1.523999314583216191e-01,2.217376274538107594e-07,8.000000000000000000e+00
5.948059085236292987e+01,-5.547688044013398212e+01,5.000000000000000000e-01,1.626708050907725633e+00,3.087367952908034674e+00,5.600000000000000000e+01
5.998059085236292987e+01,-5.547688044013398212e+01,5.000000000000000000e-01,3.177803736436672466e+00,1.514137685507756181e+00,3.200000000000000000e+01
6.048059085236292987e+01,-5.697688044013398212e+01,1.000000000000000000e+00,1.524000835729566461e-01,9.123111512909787280e-07,6.000000000000000000e+00
6.048059085236292987e+01,-5.547688044013398212e+01,5.000000000000000000e-01,3.535387644644948146e+00,1.221521940074882018e+00,4.900000000000000000e+01
6.098059085236292987e+01,-5.547688044013398212e+01,5.000000000000000000e-01,3.185344719425824422e+00,1.571531489747806987e+00,5.200000000000000000e+01
5.948059085236292987e+01,-5.497688044013398212e+01,5.000000000000000000e-01,8.572567078868988943e-01,4.801442204620451015e+00,4.700000000000000000e+01
5.998059085236292987e+01,-5.497688044013398212e+01,5.000000000000000000e-01,9.935784628031362198e-01,4.713535708462257112e+00,7.800000000000000000e+01
6.048059085236292987e+01,-5.497688044013398212e+01,5.000000000000000000e-01,9.127421379089355469e-01,4.527977794408798218e+00,7.600000000000000000e+01
6.098059085236292987e+01,-5.497688044013398212e+01,5.000000000000000000e-01,9.269868967928909242e-01,4.473845100601670843e+00,6.600000000000000000e+01
6.148059085236292987e+01,-1.729768804401339821e+02,1.000000000000000000e+00,2.883255670930910397e-01,1.013747629894270696e+00,2.000000000000000000e+01
6.248059085236292987e+01,-1.729768804401339821e+02,1.000000000000000000e+00,3.368876243157513661e-01,9.618199583485863569e-01,1.700000000000000000e+01
6.148059085236292987e+01,-1.649768804401339821e+02,2.000000000000000000e+00,1.086392243928259865e-01,4.716428841082392909e-04,8.000000000000000000e+00
6.148059085236292987e+01,-1.629768804401339821e+02,2.000000000000000000e+00,1.102348428780553363e-01,5.813018312031958956e-03,1.900000000000000000e+01
6.148059085236292987e+01,-1.569768804401339821e+02,2.000000000000000000e+00,1.386193730820310388e-01,7.625428331134997961e-04,7.000000000000000000e+00
6.148059085236292987e+01,-1.549768804401339821e+02,2.000000000000000000e+00,1.404755144213887808e-01,6.117085550155332285e-03,3.500000000000000000e+01
6.148059085236292987e+01,-1.529768804401339821e+02,2.000000000000000000e+00,1.483077217243948809e-01,4.092376337974101830e-03,2.100000000000000000e+01
6.148059085236292987e+01,-1.509768804401339821e+02,2.000000000000000000e+00,1.523997563525734122e-01,8.086428575637683025e-07,5.100000000000000000e+01
6.148059085236292987e+01,-1.489768804401339821e+02,2.000000000000000000e+00,1.523997965768635332e-01,3.390618488197105762e-07,3.100000000000000000e+01
6.148059085236292987e+01,-1.469768804401339821e+02,2.000000000000000000e+00,1.036756452074112655e-02,1.420326139471995153e-01,8.800000000000000000e+01
6.148059085236292987e+01,-1.449768804401339821e+02,2.000000000000000000e+00,1.996163455333377357e-04,6.467416837407978600e-07,8.000000000000000000e+01
6.148059085236292987e+01,-1.429768804401339821e+02,2.000000000000000000e+00,1.997354855239663661e-04,5.562006000214836376e-07,1.190000000000000000e+02
6.148059085236292987e+01,-1.409768804401339821e+02,2.000000000000000000e+00,1.998174001724528745e-04,5.165272683571424123e-07,1.670000000000000000e+02
6.148059085236292987e+01,-1.389768804401339821e+02,2.000000000000000000e+00,1.998161893792094299e-04,4.146346756309928720e-07,2.330000000000000000e+02
6.148059085236292987e+01,-1.369768804401339821e+02,2.000000000000000000e+00,1.998245751842375631e-04,3.286168805072481672e-07,3.020000000000000000e+02
6.148059085236292987e+01,-1.349768804401339821e+02,2.000000000000000000e+00,1.998179870419392046e-04,3.292942778454488462e-07,3.210000000000000000e+02
6.148059085236292987e+01,-1.329768804401339821e+02,2.000000000000000000e+00,1.998391768287532955e-04,4.471310292390175915e-07,2.810000000000000000e+02
6.148059085236292987e+01,-1.309768804401339821e+02,2.000000000000000000e+00,1.997313784010135151e-04,5.928385302667038559e-07,3.060000000000000000e+02
6.148059085236292987e+01,-1.289768804401339821e+02,2.000000000000000000e+00,1.997643593061315670e-04,4.735825169799312562e-07,2.870000000000000000e+02
6.148059085236292987e+01,-1.269768804401339821e+02,2.000000000000000000e+00,6.486723224750227772e-03,1.459134905846570518e-01,3.660000000000000000e+02
6.148059085236292987e+01,-1.249768804401339821e+02,2.000000000000000000e+00,1.523997440219426736e-01,4.847042940347989770e-07,2.610000000000000000e+02
6.148059085236292987e+01,-1.229768804401339821e+02,2.000000000000000000e+00,1.523997543163574109e-01,4.747574685881605916e-07,1.700000000000000000e+02
6.148059085236292987e+01,-1.209768804401339821e+02,2.000000000000000000e+00,1.523997731904868647e-01,4.311684226876444370e-07,1.100000000000000000e+02
6.148059085236292987e+01,-1.189768804401339821e+02,2.000000000000000000e+00,1.523997577579103146e-01,4.443311150681417132e-07,8.300000000000000000e+01
6.148059085236292987e+01,-1.169768804401339821e+02,2.000000000000000000e+00,1.523996742997668075e-01,4.923465455330955365e-07,7.400000000000000000e+01
6.148059085236292987e+01,-1.149768804401339821e+02,2.000000000000000000e+00,1.523997319158565955e-01,4.779354780548583648e-07,6.200000000000000000e+01
6.148059085236292987e+01,-1.129768804401339821e+02,2.000000000000000000e+00,1.523995434329465104e-01,6.219163070364519541e-07,3.500000000000000000e+01
6.148059085236292987e+01,-1.109768804401339821e+02,2.000000000000000000e+00,1.523996158859972638e-01,5.511865037721719318e-07,3.600000000000000000e+01
6.148059085236292987e+01,-1.089768804401339821e+02,2.000000000000000000e+00,1.523997264526168460e-01,6.336204337042961043e-07,3.800000000000000000e+01
6.148059085236292987e+01,-1.069768804401339821e+02,2.000000000000000000e+00,1.523997471137834014e-01,4.153974272336213858e-07,3.900000000000000000e+01
6.148059085236292987e+01,-1.029768804401339821e+02,1.000000000000000000e+00,1.523998106102763539e-01,2.087649381976586227e-07,8.000000000000000000e+00
6.148059085236292987e+01,-1.014768804401339821e+02,5.000000000000000000e-01,6.158522473376943918e-01,3.103838744290161600e+00,4.400000000000000000e+01
6.198059085236292987e+01,-1.014768804401339821e+02,5.000000000000000000e-01,7.120945826713411808e-01,3.042288736124991289e+00,4.000000000000000000e+01
6.248059085236292987e+01,-1.014768804401339821e+02,5.000000000000000000e-01,3.527523125041432950e-01,3.356264255805296859e+00,3.500000000000000000e+01
6.298059085236292987e+01,-1.014768804401339821e+02,5.000000000000000000e-01,8.034958726659151562e-01,2.893195247875581799e+00,4.300000000000000000e+01
6.148059085236292987e+01,-9.847688044013398212e+01,5.000000000000000000e-01,5.319350510451419822e+00,3.213546422167894434e+00,8.000000000000000000e+01
6.198059085236292987e+01,-9.847688044013398212e+01,5.000000000000000000e-01,4.545810365967675182e+00,3.859495679691855585e+00,4.500000000000000000e+01
6.148059085236292987e+01,-9.797688044013398212e+01,5.000000000000000000e-01,3.101564020178243730e+00,3.682354521663589786e+00,2.500000000000000000e+01
6.198059085236292987e+01,-9.797688044013398212e+01,5.000000000000000000e-01,6.052534292572668839e+00,7.214364650297309112e-01,1.300000000000000000e+01
6.248059085236292987e+01,-9.847688044013398212e+01,5.000000000000000000e-01,4.593897606532154398e+00,3.792895473346780122e+00,6.100000000000000000e+01
6.298059085236292987e+01,-9.847688044013398212e+01,5.000000000000000000e-01,4.553235425502469624e+00,3.855048081775171553e+00,5.900000000000000000e+01
6.148059085236292987e+01,-8.347688044013398212e+01,5.000000000000000000e-01,1.053661517453788221e+00,3.679308052706123711e+00,1.380000000000000000e+02
6.198059085236292987e+01,-8.347688044013398212e+01,5.000000000000000000e-01,1.105274856090545654e+00,3.609720766544342041e+00,1.010000000000000000e+02
6.248059085236292987e+01,-8.347688044013398212e+01,5.000000000000000000e-01,1.706518006190143266e+00,3.153176745829834537e+00,1.250000000000000000e+02
6.298059085236292987e+01,-8.347688044013398212e+01,5.000000000000000000e-01,1.470971248217987082e+00,4.188118849880082095e+00,1.150000000000000000e+02
6.148059085236292987e+01,-8.297688044013398212e+01,1.000000000000000000e+00,4.914636495235376046e+00,1.234147001369549024e+00,3.300000000000000000e+01
6.148059085236292987e+01,-8.197688044013398212e+01,1.000000000000000000e+00,5.200436786587761873e+00,1.018610362901872790e+00,2.100000000000000000e+01
6.248059085236292987e+01,-8.297688044013398212e+01,5.000000000000000000e-01,5.076888827842433116e+00,1.219120829015451157e+00,2.800000000000000000e+01
6.248059085236292987e+01,-8.247688044013398212e+01,5.000000000000000000e-01,5.118575229441250762e+00,1.109396470384745648e+00,1.000000000000000000e+01
6.298059085236292987e+01,-8.297688044013398212e+01,5.000000000000000000e-01,3.672922887006947468e-01,4.779468777368141907e+00,8.000000000000000000e+00
6.298059085236292987e+01,-8.247688044013398212e+01,5.000000000000000000e-01,3.325721047166634858e-01,6.044623407649585278e-01,1.000000000000000000e+01
6.248059085236292987e+01,-8.197688044013398212e+01,1.000000000000000000e+00,3.594772006574727397e-01,5.195664808853297512e-01,1.300000000000000000e+01
6.148059085236292987e+01,-8.097688044013398212e+01,1.000000000000000000e+00,1.598710461165961938e-01,3.830638815503951689e-01,1.100000000000000000e+01
6.298059085236292987e+01,-8.097688044013398212e+01,5.000000000000000000e-01,2.239085477510551203e-01,7.106185428243223523e-01,2.400000000000000000e+01
6.298059085236292987e+01,-8.047688044013398212e+01,5.000000000000000000e-01,5.197168019490559843e+00,8.184382410249657624e-02,6.000000000000000000e+00
6.198059085236292987e+01,-7.697688044013398212e+01,5.000000000000000000e-01,1.293902257164614600e+00,4.492883880810484953e+00,3.700000000000000000e+01
6.198059085236292987e+01,-7.647688044013398212e+01,5.000000000000000000e-01,1.425046941248745647e+00,3.301236034956457566e+00,1.190000000000000000e+02
6.148059085236292987e+01,-7.597688044013398212e+01,1.000000000000000000e+00,1.242196127343352385e+00,1.578012171001301756e-01,6.000000000000000000e+00
6.248059085236292987e+01,-7.697688044013398212e+01,5.000000000000000000e-01,2.390852991610772804e+00,3.058672265837743431e+00,5.400000000000000000e+01
6.248059085236292987e+01,-7.647688044013398212e+01,5.000000000000000000e-01,2.179192016739094573e+00,1.451045195283940270e+00,3.700000000000000000e+01
6.148059085236292987e+01,-7.497688044013398212e+01,1.000000000000000000e+00,1.457492746952830306e-02,1.220091015231375309e+00,1.290000000000000000e+02
6.148059085236292987e+01,-7.397688044013398212e+01,1.000000000000000000e+00,1.999813540929373801e-04,3.434982704941802467e-07,5.100000000000000000e+01
6.248059085236292987e+01,-7.497688044013398212e+01,1.000000000000000000e+00,1.305156283699393793e-01,1.118652327618324005e+00,1.730000000000000000e+02
6.248059085236292987e+01,-7.397688044013398212e+01,1.000000000000000000e+00,1.999983399710636488e-04,1.815080366451729370e-07,4.900000000000000000e+01
6.148059085236292987e+01,-7.297688044013398212e+01,2.000000000000000000e+00,1.999798900689242487e-04,3.002065076307457257e-07,2.340000000000000000e+02
6.148059085236292987e+01,-7.097688044013398212e+01,2.000000000000000000e+00,1.999111571092004771e-04,3.508695618381792430e-07,2.580000000000000000e+02
6.148059085236292987e+01,-6.897688044013398212e+01,2.000000000000000000e+00,1.999227947740322866e-04,2.838665616122998739e-07,2.480000000000000000e+02
6.148059085236292987e+01,-6.697688044013398212e+01,2.000000000000000000e+00,1.999035858738729078e-04,2.764562544295911216e-07,1.940000000000000000e+02
6.148059085236292987e+01,-6.497688044013398212e+01,2.000000000000000000e+00,1.999135401399954157e-04,3.354188964355131475e-07,1.530000000000000000e+02
6.148059085236292987e+01,-6.297688044013398212e+01,2.000000000000000000e+00,2.000097617628426806e-04,1.522000322513569481e-01,1.350000000000000000e+02
6.148059085236292987e+01,-6.097688044013398212e+01,2.000000000000000000e+00,1.523999289657108902e-01,5.102523967962583340e-01,9.000000000000000000e+01
6.148059085236292987e+01,-5.897688044013398212e+01,2.000000000000000000e+00,1.523999340363939581e-01,3.290796786181715561e-07,2.100000000000000000e+01
6.148059085236292987e+01,-5.697688044013398212e+01,1.000000000000000000e+00,1.523999261826517737e-01,5.077972577427480871e-07,7.000000000000000000e+00
6.148059085236292987e+01,-5.547688044013398212e+01,5.000000000000000000e-01,3.270534458176606485e+00,2.232456298062214017e+00,5.800000000000000000e+01
6.198059085236292987e+01,-5.547688044013398212e+01,5.000000000000000000e-01,1.601808968362384844e+00,3.686728526955461049e+00,6.900000000000000000e+01
6.248059085236292987e+01,-5.697688044013398212e+01,1.000000000000000000e+00,1.524000167846679688e-01,2.090853542802140197e-07,1.500000000000000000e+01
6.248059085236292987e+01,-5.547688044013398212e+01,5.000000000000000000e-01,8.078672650465248406e-01,4.538114044868484243e+00,9.700000000000000000e+01
6.298059085236292987e+01,-5.547688044013398212e+01,5.000000000000000000e-01,8.265966328053272472e-01,4.284678890561992581e+00,7.200000000000000000e+01
6.148059085236292987e+01,-5.497688044013398212e+01,5.000000000000000000e-01,7.226010941386493691e-01,2.163250776543470533e+00,6.300000000000000000e+01
6.198059085236292987e+01,-5.497688044013398212e+01,5.000000000000000000e-01,4.724386873540562526e-01,1.716642703660137048e+00,6.000000000000000000e+00
6.248059085236292987e+01,-5.497688044013398212e+01,5.000000000000000000e-01,1.396656714902599461e+00,1.511756832282684648e+00,5.000000000000000000e+01
6.298059085236292987e+01,-5.497688044013398212e+01,5.000000000000000000e-01,1.484685176857599043e+00,3.681151800463533963e+00,5.700000000000000000e+01
6.348059085236292987e+01,-1.789768804401339821e+02,2.000000000000000000e+00,5.043439692457862833e-02,1.816398804729259242e-03,8.000000000000000000e+00
6.348059085236292987e+01,-1.649768804401339821e+02,2.000000000000000000e+00,1.088231147510867053e-01,3.729914024067776390e-04,5.000000000000000000e+00
6.348059085236292987e+01,-1.629768804401339821e+02,2.000000000000000000e+00,1.106004952131890151e-01,5.764193035108444718e-03,2.700000000000000000e+01
6.348059085236292987e+01,-1.569768804401339821e+02,2.000000000000000000e+00,1.384977997778751302e-01,1.011808451018225696e-03,1.100000000000000000e+01
6.348059085236292987e+01,-1.549768804401339821e+02,2.000000000000000000e+00,1.405795975511993368e-01,6.296955195856657195e-03,3.300000000000000000e+01
6.348059085236292987e+01,-1.529768804401339821e+02,2.000000000000000000e+00,1.499099863158068757e-01,2.490095229749522687e-03,1.100000000000000000e+01
6.348059085236292987e+01,-1.509768804401339821e+02,2.000000000000000000e+00,1.523998399952941618e-01,3.863305964579843987e-07,5.400000000000000000e+01
6.348059085236292987e+01,-1.489768804401339821e+02,2.000000000000000000e+00,1.523997144695137251e-01,5.307934036746786433e-07,3.600000000000000000e+01
6.348059085236292987e+01,-1.469768804401339821e+02,2.000000000000000000e+00,1.706534976819229499e-02,1.353348356268109232e-01,8.600000000000000000e+01
6.348059085236292987e+01,-1.449768804401339821e+02,2.000000000000000000e+00,1.997512770725684669e-04,5.878913991619219397e-07,8.700000000000000000e+01
6.348059085236292987e+01,-1.429768804401339821e+02,2.000000000000000000e+00,1.997777556632662765e-04,5.537312462999821605e-07,1.160000000000000000e+02
6.348059085236292987e+01,-1.409768804401339821e+02,2.000000000000000000e+00,1.998298377746010493e-04,4.320886033859657176e-07,1.670000000000000000e+02
6.348059085236292987e+01,-1.389768804401339821e+02,2.000000000000000000e+00,1.998617783659284496e-04,3.843551639626133047e-07,2.140000000000000000e+02
6.348059085236292987e+01,-1.369768804401339821e+02,2.000000000000000000e+00,1.998758702280056701e-04,3.305607475745592563e-07,3.050000000000000000e+02
6.348059085236292987e+01,-1.349768804401339821e+02,2.000000000000000000e+00,1.997822693214912348e-04,3.805499397824263497e-07,3.160000000000000000e+02
6.348059085236292987e+01,-1.329768804401339821e+02,2.000000000000000000e+00,1.998288978089846123e-04,4.176740816097372373e-07,3.150000000000000000e+02
6.348059085236292987e+01,-1.309768804401339821e+02,2.000000000000000000e+00,1.997669346765373779e-04,4.490115325772700734e-07,2.990000000000000000e+02
6.348059085236292987e+01,-1.289768804401339821e+02,2.000000000000000000e+00,1.997918768255946330e-04,3.745362884943596610e-07,2.990000000000000000e+02
6.348059085236292987e+01,-1.269768804401339821e+02,2.000000000000000000e+00,7.231507562593342438e-03,1.451686597683396196e-01,3.580000000000000000e+02
6.348059085236292987e+01,-1.249768804401339821e+02,2.000000000000000000e+00,1.523997997971693330e-01,4.474291621647807915e-07,2.410000000000000000e+02
6.348059085236292987e+01,-1.229768804401339821e+02,2.000000000000000000e+00,1.523997441420360255e-01,4.861549817436472409e-07,1.830000000000000000e+02
6.348059085236292987e+01,-1.209768804401339821e+02,2.000000000000000000e+00,1.523997427936708837e-01,4.821156560086414800e-07,1.330000000000000000e+02
6.348059085236292987e+01,-1.189768804401339821e+02,2.000000000000000000e+00,1.523997477526073396e-01,4.198514280129295173e-07,8.400000000000000000e+01
6.348059085236292987e+01,-1.169768804401339821e+02,2.000000000000000000e+00,1.523997061833672062e-01,4.644199573244911505e-07,7.300000000000000000e+01
6.348059085236292987e+01,-1.149768804401339821e+02,2.000000000000000000e+00,1.523996573642595054e-01,4.545099298314259073e-07,5.900000000000000000e+01
6.348059085236292987e+01,-1.129768804401339821e+02,2.000000000000000000e+00,1.523997197248898594e-01,3.697849080275261713e-07,5.600000000000000000e+01
6.348059085236292987e+01,-1.109768804401339821e+02,2.000000000000000000e+00,1.523998327720823553e-01,4.479531963141880624e-07,3.600000000000000000e+01
6.348059085236292987e+01,-1.089768804401339821e+02,2.000000000000000000e+00,1.523997561110602972e-01,9.004612875618267509e-07,2.900000000000000000e+01
6.348059085236292987e+01,-1.069768804401339821e+02,2.000000000000000000e+00,1.523997326678511455e-01,4.294566606222183225e-07,4.700000000000000000e+01
6.348059085236292987e+01,-1.014768804401339821e+02,5.000000000000000000e-01,9.351595056728673194e-01,2.771068405261495560e+00,3.900000000000000000e+01
6.398059085236292987e+01,-1.014768804401339821e+02,5.000000000000000000e-01,7.426555493288273802e-01,2.966585923985542550e+00,3.500000000000000000e+01
6.448059085236292276e+01,-1.014768804401339821e+02,5.000000000000000000e-01,3.998774548790466343e-01,3.303123107046129547e+00,4.000000000000000000e+01
6.498059085236292276e+01,-1.014768804401339821e+02,5.000000000000000000e-01,4.021312717501537848e-01,3.289239586890300604e+00,4.500000000000000000e+01
6.348059085236292987e+01,-9.947688044013398212e+01,5.000000000000000000e-01,5.327470304666502621e+00,2.811273294749363494e+00,7.000000000000000000e+00
6.398059085236292987e+01,-9.997688044013398212e+01,5.000000000000000000e-01,5.873295113570547343e+00,2.371732141658378978e+00,3.900000000000000000e+01
6.398059085236292987e+01,-9.947688044013398212e+01,5.000000000000000000e-01,5.941542764329960313e+00,2.588331276069411935e+00,3.200000000000000000e+01
6.448059085236292276e+01,-9.997688044013398212e+01,5.000000000000000000e-01,5.303473420772851554e+00,2.816353105653975675e+00,3.000000000000000000e+01
6.448059085236292276e+01,-9.947688044013398212e+01,5.000000000000000000e-01,6.594676019152482915e+00,1.018558431488018279e+00,2.300000000000000000e+01
6.498059085236292276e+01,-9.997688044013398212e+01,5.000000000000000000e-01,5.300406738377923865e+00,3.061329217128384350e+00,3.800000000000000000e+01
6.498059085236292276e+01,-9.947688044013398212e+01,5.000000000000000000e-01,6.582274963056900852e+00,8.934388986612029626e-01,1.200000000000000000e+01
6.348059085236292987e+01,-9.897688044013398212e+01,5.000000000000000000e-01,5.454511220976523411e+00,2.856944276255961590e+00,2.100000000000000000e+01
6.348059085236292987e+01,-9.847688044013398212e+01,5.000000000000000000e-01,3.091838305443497692e+00,4.377041498014724752e+00,3.800000000000000000e+01
6.398059085236292987e+01,-9.847688044013398212e+01,5.000000000000000000e-01,3.086357020165804599e+00,1.485093323627983963e+00,1.400000000000000000e+01
6.348059085236292987e+01,-9.797688044013398212e+01,1.000000000000000000e+00,3.072063208232171494e+00,2.389509970312486686e-02,5.000000000000000000e+00
6.448059085236292276e+01,-9.847688044013398212e+01,5.000000000000000000e-01,3.816147880404249904e+00,9.516508328867043787e-01,1.200000000000000000e+01
6.498059085236292276e+01,-9.847688044013398212e+01,5.000000000000000000e-01,3.072643242161616772e+00,1.483520174481652187e+00,1.900000000000000000e+01
6.448059085236292276e+01,-9.797688044013398212e+01,1.000000000000000000e+00,3.070417662802909842e+00,1.935332377007226157e-02,7.000000000000000000e+00
6.348059085236292987e+01,-8.347688044013398212e+01,5.000000000000000000e-01,1.099280536167253963e+00,4.503257483105665315e+00,1.600000000000000000e+02
6.398059085236292987e+01,-8.347688044013398212e+01,5.000000000000000000e-01,1.146445071294415419e+00,4.282772489530568549e+00,1.570000000000000000e+02
6.448059085236292276e+01,-8.347688044013398212e+01,5.000000000000000000e-01,1.136466078263320245e+00,3.888387375771244603e+00,1.360000000000000000e+02
6.498059085236292276e+01,-8.347688044013398212e+01,5.000000000000000000e-01,8.511266797163066222e-01,4.268831538141448334e+00,1.510000000000000000e+02
6.348059085236292987e+01,-8.297688044013398212e+01,2.000000000000000000e+00,2.319309070444033338e-01,2.537287893126559668e-01,2.600000000000000000e+01
6.348059085236292987e+01,-8.097688044013398212e+01,5.000000000000000000e-01,2.668212508426743845e-01,5.038749396183463958e+00,1.400000000000000000e+01
6.348059085236292987e+01,-8.047688044013398212e+01,5.000000000000000000e-01,4.299933126868447530e+00,1.276799694854291900e+00,5.000000000000000000e+00
6.398059085236292987e+01,-8.097688044013398212e+01,5.000000000000000000e-01,2.769725110775020371e-01,6.132620741416692223e-01,1.700000000000000000e+01
6.448059085236292276e+01,-8.097688044013398212e+01,5.000000000000000000e-01,2.855303016096271129e-01,6.516509551812056378e-01,1.800000000000000000e+01
6.498059085236292276e+01,-8.097688044013398212e+01,5.000000000000000000e-01,1.716324657998903602e-01,6.696803569635705333e-01,1.700000000000000000e+01
6.498059085236292276e+01,-8.047688044013398212e+01,5.000000000000000000e-01,5.880899455804247999e+00,2.492513629043378032e-01,5.000000000000000000e+00
6.448059085236292276e+01,-7.997688044013398212e+01,5.000000000000000000e-01,5.495079724093155704e+00,3.118952989833019274e-01,6.000000000000000000e+00
6.448059085236292276e+01,-7.947688044013398212e+01,5.000000000000000000e-01,1.524000167846679688e-01,5.277170768765408582e+00,6.000000000000000000e+00
6.498059085236292276e+01,-7.997688044013398212e+01,5.000000000000000000e-01,1.524000207571463150e-01,6.002503857221382688e+00,7.000000000000000000e+00
6.348059085236292987e+01,-7.897688044013398212e+01,1.000000000000000000e+00,4.963586349394812025e+00,6.639748663964306630e-01,1.100000000000000000e+01
6.348059085236292987e+01,-7.797688044013398212e+01,1.000000000000000000e+00,5.109744362756289959e+00,4.782446905362123246e-01,1.400000000000000000e+01
6.448059085236292276e+01,-7.897688044013398212e+01,1.000000000000000000e+00,5.121186148890179091e+00,3.406579133232163770e-01,1.300000000000000000e+01
6.448059085236292276e+01,-7.797688044013398212e+01,1.000000000000000000e+00,5.329719818515324725e+00,7.428300356640233915e-01,2.000000000000000000e+01
6.398059085236292987e+01,-7.547688044013398212e+01,5.000000000000000000e-01,1.319491549700591015e+00,4.468376369905417533e+00,7.000000000000000000e+00
6.448059085236292276e+01,-7.697688044013398212e+01,1.000000000000000000e+00,5.838951665806538571e+00,1.499227201132429244e-01,6.000000000000000000e+00
6.498059085236292276e+01,-7.547688044013398212e+01,5.000000000000000000e-01,1.273925304412841797e+00,3.539702334783783044e+00,6.000000000000000000e+00
6.348059085236292987e+01,-7.497688044013398212e+01,1.000000000000000000e+00,9.992883646739489367e-02,1.218156282102351051e+00,2.040000000000000000e+02
6.348059085236292987e+01,-7.397688044013398212e+01,1.000000000000000000e+00,2.000035900204810702e-04,2.515533874980382771e-07,6.300000000000000000e+01
6.448059085236292276e+01,-7.497688044013398212e+01,1.000000000000000000e+00,5.912947016712264553e-02,1.231677764999866698e+00,2.190000000000000000e+02
6.448059085236292276e+01,-7.397688044013398212e+01,5.000000000000000000e-01,1.999908332016945569e-04,5.974058707897929921e+00,2.400000000000000000e+01
6.448059085236292276e+01,-7.347688044013398212e+01,5.000000000000000000e-01,1.999892913349121670e-04,6.262458341606524925e+00,2.500000000000000000e+01
6.498059085236292276e+01,-7.397688044013398212e+01,5.000000000000000000e-01,2.000044913166002967e-04,6.124935562943222500e+00,2.000000000000000000e+01
6.498059085236292276e+01,-7.347688044013398212e+01,5.000000000000000000e-01,1.999761594150051335e-04,1.293401201258056687e+00,1.700000000000000000e+01
6.348059085236292987e+01,-7.297688044013398212e+01,2.000000000000000000e+00,1.999654598279221318e-04,3.278597688893825080e-07,2.510000000000000000e+02
6.348059085236292987e+01,-7.097688044013398212e+01,2.000000000000000000e+00,1.999133800794083982e-04,4.956612551509920195e-07,2.410000000000000000e+02
6.348059085236292987e+01,-6.897688044013398212e+01,2.000000000000000000e+00,1.999133288170362841e-04,2.946643163914686170e-07,2.380000000000000000e+02
6.348059085236292987e+01,-6.697688044013398212e+01,2.000000000000000000e+00,1.999038358223792446e-04,2.457782125375783475e-07,2.770000000000000000e+02
6.348059085236292987e+01,-6.497688044013398212e+01,1.000000000000000000e+00,1.998885093150271183e-04,2.095216993014186943e-07,5.200000000000000000e+01
6.348059085236292987e+01,-6.397688044013398212e+01,5.000000000000000000e-01,1.999162902015072627e-04,1.666849499537548240e-07,1.200000000000000000e+01
6.348059085236292987e+01,-6.347688044013398212e+01,5.000000000000000000e-01,1.999126960749109062e-04,1.753085406619502105e-07,9.000000000000000000e+00
6.398059085236292987e+01,-6.397688044013398212e+01,5.000000000000000000e-01,1.999418436545052804e-04,5.521646656691072685e+00,1.900000000000000000e+01
6.398059085236292987e+01,-6.347688044013398212e+01,5.000000000000000000e-01,1.999676307567810395e-04,5.029197881265674575e+00,1.300000000000000000e+01
6.448059085236292276e+01,-6.497688044013398212e+01,1.000000000000000000e+00,1.999091865815039225e-04,3.579388054841814437e-07,6.400000000000000000e+01
6.448059085236292276e+01,-6.397688044013398212e+01,5.000000000000000000e-01,1.997830674564049448e-04,3.844464570468438241e-07,1.400000000000000000e+01
6.448059085236292276e+01,-6.347688044013398212e+01,5.000000000000000000e-01,1.999593187220760626e-04,5.172432766547464311e+00,1.200000000000000000e+01
6.498059085236292276e+01,-6.397688044013398212e+01,5.000000000000000000e-01,1.999290338273951252e-04,5.433734032783171131e+00,1.800000000000000000e+01
6.498059085236292276e+01,-6.347688044013398212e+01,5.000000000000000000e-01,2.000331878662109375e-04,5.229061363381719119e+00,1.100000000000000000e+01
6.348059085236292987e+01,-6.297688044013398212e+01,5.000000000000000000e-01,1.998981436956093151e-04,3.044386952089192695e-07,1.200000000000000000e+01
6.348059085236292987e+01,-6.247688044013398212e+01,5.000000000000000000e-01,1.998347789227139515e-04,2.928200897516884282e+00,1.000000000000000000e+01
6.398059085236292987e+01,-6.297688044013398212e+01,5.000000000000000000e-01,1.998909130725756765e-04,5.135638917894087108e+00,1.300000000000000000e+01
6.398059085236292987e+01,-6.247688044013398212e+01,5.000000000000000000e-01,2.000052772929805764e-04,4.703165928638729731e+00,1.200000000000000000e+01
6.348059085236292987e+01,-6.197688044013398212e+01,5.000000000000000000e-01,3.894734732786276060e-03,1.365042264418617757e-01,1.500000000000000000e+01
6.348059085236292987e+01,-6.147688044013398212e+01,5.000000000000000000e-01,1.523999893195638333e-01,1.220909455174057356e-06,7.000000000000000000e+00
6.398059085236292987e+01,-6.197688044013398212e+01,5.000000000000000000e-01,5.242750973542343110e-03,4.632637509518338526e+00,1.400000000000000000e+01
6.398059085236292987e+01,-6.147688044013398212e+01,5.000000000000000000e-01,1.523999661898908786e-01,1.097652738701881958e-07,5.000000000000000000e+00
6.448059085236292276e+01,-6.297688044013398212e+01,5.000000000000000000e-01,2.000264379899974188e-04,5.096133607801304422e+00,1.400000000000000000e+01
6.448059085236292276e+01,-6.247688044013398212e+01,5.000000000000000000e-01,2.000331878662109375e-04,5.017462993849330921e+00,1.500000000000000000e+01
6.498059085236292276e+01,-6.297688044013398212e+01,5.000000000000000000e-01,2.000331878662109375e-04,5.176599958738365537e+00,1.200000000000000000e+01
6.498059085236292276e+01,-6.247688044013398212e+01,5.000000000000000000e-01,1.998887425826545547e-04,3.258477028785106366e+00,8.000000000000000000e+00
6.448059085236292276e+01,-6.197688044013398212e+01,5.000000000000000000e-01,2.021554920497984145e-02,1.321845175763356750e-01,1.400000000000000000e+01
6.448059085236292276e+01,-6.147688044013398212e+01,5.000000000000000000e-01,1.523999500170751809e-01,4.365429710442883859e+00,1.100000000000000000e+01
6.498059085236292276e+01,-6.197688044013398212e+01,5.000000000000000000e-01,6.155989216533175670e-03,1.462440434782981691e-01,1.200000000000000000e+01
6.498059085236292276e+01,-6.147688044013398212e+01,5.000000000000000000e-01,1.523999360181512996e-01,4.521165140941877603e+00,1.900000000000000000e+01
6.348059085236292987e+01,-6.097688044013398212e+01,2.000000000000000000e+00,1.524000103166423814e-01,5.102524455981921614e-01,1.320000000000000000e+02
6.348059085236292987e+01,-5.897688044013398212e+01,2.000000000000000000e+00,1.523999036461808620e-01,2.667745588047498728e-07,3.500000000000000000e+01
6.348059085236292987e+01,-5.697688044013398212e+01,1.000000000000000000e+00,1.524000011489528572e-01,1.573642643970529775e-07,1.200000000000000000e+01
6.348059085236292987e+01,-5.547688044013398212e+01,5.000000000000000000e-01,6.574398259426157409e-01,4.196497493570200632e+00,6.200000000000000000e+01
6.398059085236292987e+01,-5.547688044013398212e+01,5.000000000000000000e-01,7.026469418127796462e-01,4.139500469503619051e+00,7.200000000000000000e+01
6.448059085236292276e+01,-5.697688044013398212e+01,1.000000000000000000e+00,1.523998593600337514e-01,3.156543297855307628e-07,1.600000000000000000e+01
6.448059085236292276e+01,-5.597688044013398212e+01,5.000000000000000000e-01,1.524000163045623191e-01,4.801056496805955476e-10,5.000000000000000000e+00
6.448059085236292276e+01,-5.547688044013398212e+01,5.000000000000000000e-01,8.097143580474421842e-01,4.010332001570382943e+00,7.500000000000000000e+01
6.498059085236292276e+01,-5.597688044013398212e+01,5.000000000000000000e-01,1.523998925662216342e-01,1.242184463345896717e-07,7.000000000000000000e+00
6.498059085236292276e+01,-5.547688044013398212e+01,5.000000000000000000e-01,7.119048481568838183e-01,4.082037477170089801e+00,5.900000000000000000e+01
6.348059085236292987e+01,-5.497688044013398212e+01,5.000000000000000000e-01,1.800906941550669771e+00,3.599906788583255413e+00,5.100000000000000000e+01
6.398059085236292987e+01,-5.497688044013398212e+01,5.000000000000000000e-01,1.360538508308833494e+00,3.877839793936134427e+00,5.400000000000000000e+01
6.448059085236292276e+01,-5.497688044013398212e+01,5.000000000000000000e-01,1.611640763771573948e+00,4.117389898766774081e+00,5.600000000000000000e+01
6.498059085236292276e+01,-5.497688044013398212e+01,5.000000000000000000e-01,1.540238383487592566e+00,3.841280627596588282e+00,7.100000000000000000e+01
6.548059085236292276e+01,-1.789768804401339821e+02,2.000000000000000000e+00,5.032337190550757733e-02,3.659704750579903521e-03,1.200000000000000000e+01
6.548059085236292276e+01,-1.629768804401339821e+02,2.000000000000000000e+00,1.097727342949248452e-01,5.933107798538728161e-03,2.600000000000000000e+01
6.548059085236292276e+01,-1.549768804401339821e+02,2.000000000000000000e+00,1.400341549992978329e-01,6.421916993797127660e-03,2.800000000000000000e+01
6.548059085236292276e+01,-1.529768804401339821e+02,2.000000000000000000e+00,1.494443931954536064e-01,2.955577473177428693e-03,1.900000000000000000e+01
6.548059085236292276e+01,-1.509768804401339821e+02,2.000000000000000000e+00,1.523998543119030324e-01,4.254725019803284880e-07,4.400000000000000000e+01
6.548059085236292276e+01,-1.489768804401339821e+02,2.000000000000000000e+00,1.523995443060958688e-01,6.882965370991200871e-07,2.800000000000000000e+01
6.548059085236292276e+01,-1.469768804401339821e+02,2.000000000000000000e+00,2.263777196945482295e-02,1.297623973994677105e-01,9.600000000000000000e+01
6.548059085236292276e+01,-1.449768804401339821e+02,2.000000000000000000e+00,1.998153516397316255e-04,1.201320233334984442e-06,7.800000000000000000e+01
6.548059085236292276e+01,-1.429768804401339821e+02,2.000000000000000000e+00,1.998090139265329521e-04,7.756436298578034058e-07,9.300000000000000000e+01
6.548059085236292276e+01,-1.409768804401339821e+02,2.000000000000000000e+00,1.998592349045758107e-04,4.494385879238950356e-07,1.500000000000000000e+02
6.548059085236292276e+01,-1.389768804401339821e+02,2.000000000000000000e+00,1.998473473819650846e-04,4.450613285022944447e-07,2.190000000000000000e+02
6.548059085236292276e+01,-1.369768804401339821e+02,2.000000000000000000e+00,1.998775798951690720e-04,3.156618648469998543e-07,2.990000000000000000e+02
6.548059085236292276e+01,-1.349768804401339821e+02,2.000000000000000000e+00,1.998353318719559013e-04,4.068433110404612307e-07,3.310000000000000000e+02
6.548059085236292276e+01,-1.329768804401339821e+02,2.000000000000000000e+00,1.997758145432015962e-04,5.137253820119980219e-07,2.980000000000000000e+02
6.548059085236292276e+01,-1.309768804401339821e+02,2.000000000000000000e+00,1.997774985323275024e-04,5.257906009470403319e-07,2.880000000000000000e+02
6.548059085236292276e+01,-1.289768804401339821e+02,2.000000000000000000e+00,1.997995406800345873e-04,4.599079061806731015e-07,2.980000000000000000e+02
6.548059085236292276e+01,-1.269768804401339821e+02,2.000000000000000000e+00,6.836115747008575036e-03,1.455641137301548482e-01,3.700000000000000000e+02
6.548059085236292276e+01,-1.249768804401339821e+02,2.000000000000000000e+00,1.523997947319369328e-01,4.926205015576279322e-07,2.680000000000000000e+02
6.548059085236292276e+01,-1.229768804401339821e+02,2.000000000000000000e+00,1.523997776953534000e-01,4.616666928747292786e-07,1.910000000000000000e+02
6.548059085236292276e+01,-1.209768804401339821e+02,2.000000000000000000e+00,1.523997692294809525e-01,4.517516436486346265e-07,1.560000000000000000e+02
6.548059085236292276e+01,-1.189768804401339821e+02,2.000000000000000000e+00,1.523997434994149580e-01,5.001363144463422117e-07,9.800000000000000000e+01
6.548059085236292276e+01,-1.169768804401339821e+02,2.000000000000000000e+00,1.523997116094308879e-01,5.809798675204813634e-07,8.400000000000000000e+01
6.548059085236292276e+01,-1.149768804401339821e+02,2.000000000000000000e+00,1.523997950780456023e-01,4.089630080417183677e-07,7.800000000000000000e+01
6.548059085236292276e+01,-1.129768804401339821e+02,2.000000000000000000e+00,1.523997327118165046e-01,4.387328635391263276e-07,5.000000000000000000e+01
6.548059085236292276e+01,-1.109768804401339821e+02,2.000000000000000000e+00,1.523997722874584626e-01,3.769194901470651615e-07,4.800000000000000000e+01
6.548059085236292276e+01,-1.089768804401339821e+02,2.000000000000000000e+00,1.523996853973004773e-01,4.893599846178542379e-07,3.000000000000000000e+01
6.548059085236292276e+01,-1.069768804401339821e+02,2.000000000000000000e+00,1.523998884390560526e-01,3.346338781629043524e-07,5.600000000000000000e+01
6.548059085236292276e+01,-1.014768804401339821e+02,5.000000000000000000e-01,5.626187190479925437e-01,3.116049407538813654e+00,3.300000000000000000e+01
6.598059085236292276e+01,-1.014768804401339821e+02,5.000000000000000000e-01,4.882039080161674205e-01,3.200525075518565910e+00,4.200000000000000000e+01
6.648059085236292276e+01,-1.014768804401339821e+02,5.000000000000000000e-01,4.296626114436949417e-01,3.231253947462984666e+00,3.100000000000000000e+01
6.698059085236292276e+01,-1.014768804401339821e+02,5.000000000000000000e-01,7.855774476111684335e-01,2.894268910952141116e+00,4.800000000000000000e+01
6.548059085236292276e+01,-9.997688044013398212e+01,5.000000000000000000e-01,5.470134232059518986e+00,3.027869375514819161e+00,2.900000000000000000e+01
6.548059085236292276e+01,-9.947688044013398212e+01,5.000000000000000000e-01,5.812124949737666135e+00,2.193854865778024354e+00,4.400000000000000000e+01
6.548059085236292276e+01,-9.897688044013398212e+01,5.000000000000000000e-01,6.545825730749987414e+00,7.796740413529450464e-01,1.500000000000000000e+01
6.548059085236292276e+01,-9.847688044013398212e+01,5.000000000000000000e-01,3.072353268898338374e+00,1.658078468729470512e+00,2.000000000000000000e+01
6.598059085236292276e+01,-9.897688044013398212e+01,5.000000000000000000e-01,5.205835350575759080e+00,2.922664114086659382e+00,3.500000000000000000e+01
6.598059085236292276e+01,-9.847688044013398212e+01,5.000000000000000000e-01,4.479219671377999923e+00,3.515514450797568635e+00,8.200000000000000000e+01
6.648059085236292276e+01,-9.847688044013398212e+01,5.000000000000000000e-01,4.819717389948102948e+00,3.491042649684082733e+00,7.800000000000000000e+01
6.698059085236292276e+01,-9.847688044013398212e+01,5.000000000000000000e-01,5.045114280367863024e+00,3.400710916271340700e+00,5.700000000000000000e+01
6.648059085236292276e+01,-9.797688044013398212e+01,5.000000000000000000e-01,3.059640007675425100e+00,3.511616074886693806e+00,1.300000000000000000e+01
6.698059085236292276e+01,-9.797688044013398212e+01,5.000000000000000000e-01,3.716819693531348445e+00,3.720813161633984567e+00,3.200000000000000000e+01
6.548059085236292276e+01,-8.347688044013398212e+01,5.000000000000000000e-01,1.191297573676854071e+00,3.976948605203503462e+00,1.330000000000000000e+02
6.598059085236292276e+01,-8.347688044013398212e+01,5.000000000000000000e-01,1.506058602397296164e+00,3.486462935630014748e+00,1.540000000000000000e+02
6.648059085236292276e+01,-8.347688044013398212e+01,5.000000000000000000e-01,1.144271598767793607e+00,3.972577496341298087e+00,1.730000000000000000e+02
6.698059085236292276e+01,-8.347688044013398212e+01,5.000000000000000000e-01,1.199421871633929770e+00,3.815903370006294537e+00,1.300000000000000000e+02
6.548059085236292276e+01,-8.297688044013398212e+01,2.000000000000000000e+00,3.461245193896452799e-01,1.131482335761251345e-01,9.000000000000000000e+00
6.548059085236292276e+01,-8.097688044013398212e+01,1.000000000000000000e+00,1.581118383735852784e-01,5.676480363991143197e-01,1.900000000000000000e+01
6.648059085236292276e+01,-8.097688044013398212e+01,1.000000000000000000e+00,1.640165889789504949e-01,7.777731711846784801e-01,4.700000000000000000e+01
6.548059085236292276e+01,-7.897688044013398212e+01,2.000000000000000000e+00,5.519651736355901228e+00,5.477374239403385303e-01,1.300000000000000000e+01
6.548059085236292276e+01,-7.697688044013398212e+01,2.000000000000000000e+00,1.219457498565569065e+00,1.353553554403115200e-01,2.700000000000000000e+01
6.548059085236292276e+01,-7.497688044013398212e+01,1.000000000000000000e+00,1.494216194331425551e-01,1.135289860715836374e+00,2.680000000000000000e+02
6.548059085236292276e+01,-7.397688044013398212e+01,5.000000000000000000e-01,1.999988738125679896e-04,6.457867292980666640e+00,2.200000000000000000e+01
6.548059085236292276e+01,-7.347688044013398212e+01,5.000000000000000000e-01,1.999309541016458525e-04,6.659298455982605169e+00,2.100000000000000000e+01
6.598059085236292276e+01,-7.397688044013398212e+01,5.000000000000000000e-01,1.999451366145876818e-04,2.712551839653329615e-07,2.100000000000000000e+01
6.598059085236292276e+01,-7.347688044013398212e+01,5.000000000000000000e-01,1.998840476568730759e-04,3.955324347160117573e-07,1.700000000000000000e+01
6.648059085236292276e+01,-7.497688044013398212e+01,1.000000000000000000e+00,1.182603173484777781e-01,1.120801907163058386e+00,2.770000000000000000e+02
6.648059085236292276e+01,-7.397688044013398212e+01,1.000000000000000000e+00,1.999596344131049364e-04,3.056590212047183286e-07,6.100000000000000000e+01
6.548059085236292276e+01,-7.297688044013398212e+01,2.000000000000000000e+00,1.999521930241776547e-04,5.507915468753673844e-07,1.990000000000000000e+02
6.548059085236292276e+01,-7.097688044013398212e+01,2.000000000000000000e+00,1.998864785829113143e-04,4.819278955014939716e-07,2.040000000000000000e+02
6.548059085236292276e+01,-6.897688044013398212e+01,2.000000000000000000e+00,1.999117593278754157e-04,3.533734390215423522e-07,1.940000000000000000e+02
6.548059085236292276e+01,-6.697688044013398212e+01,2.000000000000000000e+00,1.999458508822549109e-04,2.819074561085266762e-07,2.800000000000000000e+02
6.548059085236292276e+01,-6.497688044013398212e+01,5.000000000000000000e-01,1.999659667689002054e-04,2.451506062595143476e-07,1.300000000000000000e+01
6.548059085236292276e+01,-6.447688044013398212e+01,5.000000000000000000e-01,2.000216712110480745e-04,5.676804743336162140e+00,2.300000000000000000e+01
6.598059085236292276e+01,-6.497688044013398212e+01,5.000000000000000000e-01,1.999118382740583399e-04,1.658539075410805745e-07,1.800000000000000000e+01
6.598059085236292276e+01,-6.447688044013398212e+01,5.000000000000000000e-01,1.999310807044629766e-04,5.835093847635529407e+00,1.900000000000000000e+01
6.548059085236292276e+01,-6.397688044013398212e+01,5.000000000000000000e-01,2.000197264495184976e-04,5.529082331519846960e+00,1.800000000000000000e+01
6.548059085236292276e+01,-6.347688044013398212e+01,5.000000000000000000e-01,1.999291464787056327e-04,5.242274510706142365e+00,1.600000000000000000e+01
6.598059085236292276e+01,-6.397688044013398212e+01,5.000000000000000000e-01,1.999662145277802949e-04,1.634583321881931915e-07,1.500000000000000000e+01
6.598059085236292276e+01,-6.347688044013398212e+01,5.000000000000000000e-01,1.999887263646193958e-04,4.965253436857006264e+00,2.100000000000000000e+01
6.648059085236292276e+01,-6.497688044013398212e+01,5.000000000000000000e-01,1.999926425691356149e-04,7.261255016229874570e+00,2.000000000000000000e+01
6.648059085236292276e+01,-6.447688044013398212e+01,5.000000000000000000e-01,2.000038237237600214e-04,5.666207409110596060e+00,2.100000000000000000e+01
6.698059085236292276e+01,-6.497688044013398212e+01,5.000000000000000000e-01,1.999328786835322894e-04,6.809563322280714814e+00,2.300000000000000000e+01
6.698059085236292276e+01,-6.447688044013398212e+01,5.000000000000000000e-01,2.000324245189943916e-04,7.108651933491406893e+00,2.900000000000000000e+01
6.648059085236292276e+01,-6.397688044013398212e+01,5.000000000000000000e-01,1.999929349994230112e-04,6.338275680715947935e+00,1.500000000000000000e+01
6.648059085236292276e+01,-6.347688044013398212e+01,5.000000000000000000e-01,1.999943504600842892e-04,5.811426553995718614e+00,2.500000000000000000e+01
6.698059085236292276e+01,-6.397688044013398212e+01,5.000000000000000000e-01,2.000152223180506894e-04,6.622539298696975330e+00,3.200000000000000000e+01
6.698059085236292276e+01,-6.347688044013398212e+01,5.000000000000000000e-01,2.001194413136175799e-04,5.849944154293541310e+00,2.300000000000000000e+01
6.548059085236292276e+01,-6.297688044013398212e+01,5.000000000000000000e-01,1.999594582704489198e-04,4.942691474587419975e+00,1.600000000000000000e+01
6.548059085236292276e+01,-6.247688044013398212e+01,5.000000000000000000e-01,1.999871905409733477e-04,4.951616447508873975e+00,1.800000000000000000e+01
6.598059085236292276e+01,-6.297688044013398212e+01,5.000000000000000000e-01,1.999431355464764747e-04,5.262581827629181142e+00,1.000000000000000000e+01
6.598059085236292276e+01,-6.247688044013398212e+01,5.000000000000000000e-01,2.000428387174402189e-04,3.601598208760413922e+00,7.000000000000000000e+00
6.548059085236292276e+01,-6.197688044013398212e+01,5.000000000000000000e-01,5.660100073502742461e-03,5.952946429342190759e-01,1.900000000000000000e+01
6.548059085236292276e+01,-6.147688044013398212e+01,5.000000000000000000e-01,1.523999198361579432e-01,4.358362841574899171e+00,1.200000000000000000e+01
6.598059085236292276e+01,-6.197688044013398212e+01,5.000000000000000000e-01,4.453626757794748418e-03,1.455767777671920504e-01,1.800000000000000000e+01
6.598059085236292276e+01,-6.147688044013398212e+01,5.000000000000000000e-01,1.523999063787733199e-01,4.342726723782531550e+00,7.000000000000000000e+00
6.648059085236292276e+01,-6.297688044013398212e+01,5.000000000000000000e-01,2.000142116385106306e-04,5.453090591180783875e+00,1.700000000000000000e+01
6.648059085236292276e+01,-6.247688044013398212e+01,5.000000000000000000e-01,2.000064535874201965e-04,3.249327331376061778e-04,1.100000000000000000e+01
6.698059085236292276e+01,-6.297688044013398212e+01,5.000000000000000000e-01,2.000188981958572851e-04,4.884354745362764483e+00,1.900000000000000000e+01
6.698059085236292276e+01,-6.247688044013398212e+01,5.000000000000000000e-01,1.999691393110403334e-04,5.439021972603681476e+00,1.900000000000000000e+01
6.648059085236292276e+01,-6.197688044013398212e+01,1.000000000000000000e+00,5.772108074840609157e-03,1.466287843424195769e-01,5.400000000000000000e+01
6.548059085236292276e+01,-6.097688044013398212e+01,1.000000000000000000e+00,1.523999666174369882e-01,3.752916387652864283e-01,3.000000000000000000e+01
6.548059085236292276e+01,-5.997688044013398212e+01,1.000000000000000000e+00,1.523999971684955601e-01,9.130850102013238212e-02,8.000000000000000000e+00
6.648059085236292276e+01,-6.097688044013398212e+01,5.000000000000000000e-01,1.524000167846679688e-01,3.606764583917865252e-01,2.400000000000000000e+01
6.648059085236292276e+01,-6.047688044013398212e+01,5.000000000000000000e-01,7.034788131713867188e-01,1.022636909096940716e+00,2.100000000000000000e+01
6.698059085236292276e+01,-6.097688044013398212e+01,5.000000000000000000e-01,1.524000437379267048e-01,3.613048631095381324e-01,2.100000000000000000e+01
6.698059085236292276e+01,-6.047688044013398212e+01,5.000000000000000000e-01,1.150863822165768324e+00,3.062001186127377039e+00,1.910000000000000000e+02
6.698059085236292276e+01,-5.997688044013398212e+01,5.000000000000000000e-01,6.736432317331045860e-01,2.878952466271376576e+00,8.000000000000000000e+00
6.548059085236292276e+01,-5.897688044013398212e+01,2.000000000000000000e+00,1.523999289465631235e-01,2.248025900986050374e-07,3.800000000000000000e+01
6.548059085236292276e+01,-5.697688044013398212e+01,1.000000000000000000e+00,1.523999360858291630e-01,1.420941370094963574e-06,7.000000000000000000e+00
6.548059085236292276e+01,-5.597688044013398212e+01,5.000000000000000000e-01,1.523999692589957933e-01,1.248628461181233718e-07,7.000000000000000000e+00
6.548059085236292276e+01,-5.547688044013398212e+01,5.000000000000000000e-01,6.479782035736656454e-01,4.110780882884564669e+00,6.600000000000000000e+01
6.598059085236292276e+01,-5.547688044013398212e+01,5.000000000000000000e-01,6.329527983625813370e-01,4.174406806512326540e+00,6.900000000000000000e+01
6.648059085236292276e+01,-5.697688044013398212e+01,1.000000000000000000e+00,1.523999074232822437e-01,4.893744258716026252e-07,1.100000000000000000e+01
6.648059085236292276e+01,-5.547688044013398212e+01,5.000000000000000000e-01,6.560007421845612807e-01,4.545447805093226101e+00,8.500000000000000000e+01
6.698059085236292276e+01,-5.547688044013398212e+01,5.000000000000000000e-01,9.377147906565015401e-01,4.352255584099229857e+00,8.400000000000000000e+01
6.548059085236292276e+01,-5.497688044013398212e+01,5.000000000000000000e-01,1.447821597872138488e+00,4.253058088735794939e+00,6.300000000000000000e+01
6.598059085236292276e+01,-5.497688044013398212e+01,5.000000000000000000e-01,1.486047056323054116e+00,3.897760207888357087e+00,7.200000000000000000e+01
6.648059085236292276e+01,-5.497688044013398212e+01,5.000000000000000000e-01,1.337573942717978914e+00,1.663737361305440698e+00,5.000000000000000000e+01
6.698059085236292276e+01,-5.497688044013398212e+01,5.000000000000000000e-01,1.394869064780696943e+00,1.670483007698538414e+00,2.300000000000000000e+01
6.748059085236292276e+01,-1.629768804401339821e+02,2.000000000000000000e+00,1.106559914456965166e-01,4.839601686726424656e-03,2.900000000000000000e+01
6.748059085236292276e+01,-1.549768804401339821e+02,2.000000000000000000e+00,1.402515075176103687e-01,5.505749559486627920e-03,2.900000000000000000e+01
6.748059085236292276e+01,-1.529768804401339821e+02,1.000000000000000000e+00,1.475552920497925358e-01,1.822379939402291038e-03,5.000000000000000000e+00
6.748059085236292276e+01,-1.519768804401339821e+02,1.000000000000000000e+00,1.515410118135185336e-01,8.588020097484161397e-04,6.000000000000000000e+00
6.848059085236292276e+01,-1.524768804401339821e+02,5.000000000000000000e-01,5.356357600653043782e+00,1.782787506496463337e+00,1.800000000000000000e+01
6.848059085236292276e+01,-1.519768804401339821e+02,1.000000000000000000e+00,1.521320679298120149e-01,3.083741178340759781e-04,7.000000000000000000e+00
6.748059085236292276e+01,-1.509768804401339821e+02,2.000000000000000000e+00,1.523998349704141775e-01,5.290102296773291357e-07,4.500000000000000000e+01
6.748059085236292276e+01,-1.489768804401339821e+02,2.000000000000000000e+00,1.523993742136182661e-01,1.155651110362754252e-06,3.300000000000000000e+01
6.748059085236292276e+01,-1.469768804401339821e+02,1.000000000000000000e+00,1.523997919130029854e-01,4.003378065442486644e-07,1.500000000000000000e+01
6.748059085236292276e+01,-1.459768804401339821e+02,1.000000000000000000e+00,5.027035830871895601e-03,1.473732384977001486e-01,2.700000000000000000e+01
6.848059085236292276e+01,-1.469768804401339821e+02,1.000000000000000000e+00,1.523999466187691831e-01,5.549434917433280212e-01,9.000000000000000000e+00
6.848059085236292276e+01,-1.459768804401339821e+02,5.000000000000000000e-01,4.556954308739425974e-01,3.574443892137490142e+00,5.400000000000000000e+01
6.848059085236292276e+01,-1.454768804401339821e+02,5.000000000000000000e-01,1.193667204560040600e-02,1.248193841941942911e-01,1.000000000000000000e+01
6.898059085236292276e+01,-1.459768804401339821e+02,5.000000000000000000e-01,3.031143203250181162e-01,4.243758735787053760e-01,7.000000000000000000e+00
6.898059085236292276e+01,-1.454768804401339821e+02,5.000000000000000000e-01,1.922038972597866005e-02,1.317489025288161308e-01,1.000000000000000000e+01
6.748059085236292276e+01,-1.449768804401339821e+02,2.000000000000000000e+00,1.998068663313645743e-04,7.754292695686393344e-04,8.600000000000000000e+01
6.748059085236292276e+01,-1.429768804401339821e+02,2.000000000000000000e+00,1.997630375782932788e-04,8.377956928207197507e-07,1.010000000000000000e+02
6.748059085236292276e+01,-1.409768804401339821e+02,2.000000000000000000e+00,1.998123228666770555e-04,6.172010623917091512e-07,1.620000000000000000e+02
6.748059085236292276e+01,-1.389768804401339821e+02,2.000000000000000000e+00,1.997871521898009260e-04,5.564553886561185436e-07,2.100000000000000000e+02
6.748059085236292276e+01,-1.369768804401339821e+02,2.000000000000000000e+00,1.998389410232004229e-04,4.310371803040386265e-07,2.990000000000000000e+02
6.748059085236292276e+01,-1.349768804401339821e+02,2.000000000000000000e+00,1.998551182883723189e-04,3.934955287832162148e-07,3.170000000000000000e+02
6.748059085236292276e+01,-1.329768804401339821e+02,2.000000000000000000e+00,1.997889332939983777e-04,5.499310681722653898e-07,2.790000000000000000e+02
6.748059085236292276e+01,-1.309768804401339821e+02,2.000000000000000000e+00,1.997854877937873088e-04,5.609047889413687048e-07,2.990000000000000000e+02
6.748059085236292276e+01,-1.289768804401339821e+02,2.000000000000000000e+00,1.998212422439138490e-04,4.473341337352110259e-07,2.990000000000000000e+02
6.748059085236292276e+01,-1.269768804401339821e+02,1.000000000000000000e+00,6.975278986842252133e-04,1.517025818572477758e-01,9.300000000000000000e+01
6.748059085236292276e+01,-1.259768804401339821e+02,1.000000000000000000e+00,1.523998439726370613e-01,4.800732034127008774e-07,8.400000000000000000e+01
6.848059085236292276e+01,-1.269768804401339821e+02,1.000000000000000000e+00,2.000772256997462753e-04,1.521999031421254478e-01,9.700000000000000000e+01
6.848059085236292276e+01,-1.259768804401339821e+02,5.000000000000000000e-01,1.523999568541569150e-01,4.661366499400443897e-01,4.200000000000000000e+01
6.848059085236292276e+01,-1.254768804401339821e+02,5.000000000000000000e-01,8.340840838515432010e-01,3.727535091313486149e+00,1.360000000000000000e+02
6.898059085236292276e+01,-1.259768804401339821e+02,5.000000000000000000e-01,1.523997980785415651e-01,2.204903938143856490e-01,2.900000000000000000e+01
6.898059085236292276e+01,-1.254768804401339821e+02,5.000000000000000000e-01,1.523999340828415539e-01,5.677759821317133193e-01,3.800000000000000000e+01
6.748059085236292276e+01,-1.249768804401339821e+02,2.000000000000000000e+00,1.523998010972712203e-01,4.755071672524202597e-07,2.770000000000000000e+02
6.748059085236292276e+01,-1.229768804401339821e+02,2.000000000000000000e+00,1.523997989590082369e-01,6.117050371234888928e-07,2.270000000000000000e+02
6.748059085236292276e+01,-1.209768804401339821e+02,2.000000000000000000e+00,1.523997636049472248e-01,6.489566957423864579e-07,1.580000000000000000e+02
6.748059085236292276e+01,-1.189768804401339821e+02,2.000000000000000000e+00,1.523996802318059451e-01,7.212013301283182187e-07,1.130000000000000000e+02
6.748059085236292276e+01,-1.169768804401339821e+02,2.000000000000000000e+00,1.523997415916676645e-01,6.291349814446789424e-07,9.300000000000000000e+01
6.748059085236292276e+01,-1.149768804401339821e+02,2.000000000000000000e+00,1.523997316077378150e-01,5.833018989487293027e-07,7.300000000000000000e+01
6.748059085236292276e+01,-1.129768804401339821e+02,2.000000000000000000e+00,1.523997812761357373e-01,6.149065317484492255e-07,3.900000000000000000e+01
6.748059085236292276e+01,-1.109768804401339821e+02,2.000000000000000000e+00,1.523997945745714233e-01,3.958721261354547494e-07,5.900000000000000000e+01
6.748059085236292276e+01,-1.089768804401339821e+02,2.000000000000000000e+00,1.523996632582455268e-01,5.363563972404783442e-07,2.500000000000000000e+01
6.748059085236292276e+01,-1.069768804401339821e+02,2.000000000000000000e+00,1.523998686363295663e-01,4.683045759512616257e-07,4.800000000000000000e+01
6.748059085236292276e+01,-1.049768804401339821e+02,2.000000000000000000e+00,1.523998184092790198e-01,4.017101205011641696e-07,4.000000000000000000e+01
6.748059085236292276e+01,-1.014768804401339821e+02,5.000000000000000000e-01,4.975790137897343479e-01,3.167948324535052151e+00,3.500000000000000000e+01
6.798059085236292276e+01,-1.014768804401339821e+02,5.000000000000000000e-01,5.025915875108719622e-01,3.159776316369441673e+00,4.200000000000000000e+01
6.848059085236292276e+01,-1.014768804401339821e+02,5.000000000000000000e-01,7.868550396918628786e-01,2.886205979993488491e+00,5.000000000000000000e+01
6.898059085236292276e+01,-1.014768804401339821e+02,5.000000000000000000e-01,7.536944216289457321e-01,2.918566024265101699e+00,4.500000000000000000e+01
6.848059085236292276e+01,-9.947688044013398212e+01,5.000000000000000000e-01,5.326639497924201549e+00,3.167531382711105792e+00,1.200000000000000000e+01
6.898059085236292276e+01,-9.997688044013398212e+01,5.000000000000000000e-01,5.758906808909828534e+00,2.465336925740413854e+00,4.500000000000000000e+01
6.898059085236292276e+01,-9.947688044013398212e+01,5.000000000000000000e-01,5.324471753828594167e+00,3.092274266220786494e+00,3.000000000000000000e+01
6.748059085236292276e+01,-9.847688044013398212e+01,5.000000000000000000e-01,4.699694620391701605e+00,3.547421667707443049e+00,6.500000000000000000e+01
6.798059085236292276e+01,-9.847688044013398212e+01,5.000000000000000000e-01,4.463147126747826654e+00,4.223849348735076781e+00,9.500000000000000000e+01
6.748059085236292276e+01,-9.797688044013398212e+01,5.000000000000000000e-01,3.113616722007967574e+00,4.330906509357936862e+00,2.800000000000000000e+01
6.848059085236292276e+01,-9.897688044013398212e+01,5.000000000000000000e-01,5.517956476660392795e+00,3.424839838122348823e+00,3.200000000000000000e+01
6.848059085236292276e+01,-9.847688044013398212e+01,5.000000000000000000e-01,4.286755914993720218e+00,3.644183624060326920e+00,5.700000000000000000e+01
6.898059085236292276e+01,-9.897688044013398212e+01,5.000000000000000000e-01,5.479014407284416244e+00,1.846037708495106067e+00,8.000000000000000000e+00
6.898059085236292276e+01,-9.847688044013398212e+01,5.000000000000000000e-01,3.635149250540361976e+00,1.223419363248153147e+00,3.100000000000000000e+01
6.748059085236292276e+01,-8.347688044013398212e+01,5.000000000000000000e-01,1.520091072017950351e+00,3.557309310744960484e+00,1.350000000000000000e+02
6.798059085236292276e+01,-8.347688044013398212e+01,5.000000000000000000e-01,1.419417714996268787e+00,3.555678235859577541e+00,1.340000000000000000e+02
6.848059085236292276e+01,-8.347688044013398212e+01,5.000000000000000000e-01,1.141839581990716779e+00,4.136446591817322549e+00,1.530000000000000000e+02
6.898059085236292276e+01,-8.347688044013398212e+01,5.000000000000000000e-01,9.588450235269824207e-01,3.945551999496304418e+00,1.570000000000000000e+02
6.748059085236292276e+01,-8.297688044013398212e+01,2.000000000000000000e+00,3.325721113544961582e-01,5.484985738670948852e-01,5.600000000000000000e+01
6.748059085236292276e+01,-8.097688044013398212e+01,1.000000000000000000e+00,2.041386558095602544e-01,7.410236754954885319e-01,4.000000000000000000e+01
6.848059085236292276e+01,-8.097688044013398212e+01,1.000000000000000000e+00,1.524001036253982144e-01,7.891313757346373192e-01,3.800000000000000000e+01
6.848059085236292276e+01,-7.997688044013398212e+01,1.000000000000000000e+00,1.523999475920787550e-01,1.303189731682863339e-07,6.000000000000000000e+00
6.748059085236292276e+01,-7.547688044013398212e+01,5.000000000000000000e-01,1.215874254314116332e+00,1.754512918436712532e-01,1.100000000000000000e+01
6.798059085236292276e+01,-7.547688044013398212e+01,5.000000000000000000e-01,1.401477523596838193e+00,3.106121979917656706e+00,8.600000000000000000e+01
6.848059085236292276e+01,-7.597688044013398212e+01,1.000000000000000000e+00,1.128955991752334409e+00,2.126299219880924962e-01,1.200000000000000000e+01
6.748059085236292276e+01,-7.497688044013398212e+01,1.000000000000000000e+00,1.500710188124958766e-01,1.083136066478756598e+00,2.930000000000000000e+02
6.748059085236292276e+01,-7.397688044013398212e+01,1.000000000000000000e+00,1.999134278639402905e-04,4.569700871925928918e-07,6.700000000000000000e+01
6.848059085236292276e+01,-7.497688044013398212e+01,1.000000000000000000e+00,1.337324125081980897e-01,1.080355446222508675e+00,3.190000000000000000e+02
6.848059085236292276e+01,-7.397688044013398212e+01,1.000000000000000000e+00,1.999262815512992120e-04,4.692932300542906887e-07,7.100000000000000000e+01
6.748059085236292276e+01,-7.297688044013398212e+01,2.000000000000000000e+00,1.999503490683895990e-04,5.227458419465591533e-07,2.010000000000000000e+02
6.748059085236292276e+01,-7.097688044013398212e+01,2.000000000000000000e+00,1.999335861546214341e-04,4.904299016672336239e-07,1.920000000000000000e+02
6.748059085236292276e+01,-6.897688044013398212e+01,2.000000000000000000e+00,1.999220851165439683e-04,5.570534385990200121e-07,1.960000000000000000e+02
6.748059085236292276e+01,-6.697688044013398212e+01,2.000000000000000000e+00,1.999247313559493586e-04,2.711047962122739401e-07,2.850000000000000000e+02
6.748059085236292276e+01,-6.497688044013398212e+01,5.000000000000000000e-01,2.000289901110008264e-04,6.332201341196774358e+00,1.800000000000000000e+01
6.748059085236292276e+01,-6.447688044013398212e+01,5.000000000000000000e-01,1.999467116295150536e-04,6.552313037108024929e+00,2.000000000000000000e+01
6.798059085236292276e+01,-6.497688044013398212e+01,5.000000000000000000e-01,1.999278228113077205e-04,1.366150497312515390e-07,1.300000000000000000e+01
6.798059085236292276e+01,-6.447688044013398212e+01,5.000000000000000000e-01,1.999574651408320028e-04,6.576688584899887946e-01,1.900000000000000000e+01
6.748059085236292276e+01,-6.397688044013398212e+01,5.000000000000000000e-01,1.999743064235337433e-04,6.688016674886077872e+00,1.700000000000000000e+01
6.748059085236292276e+01,-6.347688044013398212e+01,5.000000000000000000e-01,2.000331878662109375e-04,5.933653011412348910e+00,2.200000000000000000e+01
6.798059085236292276e+01,-6.397688044013398212e+01,5.000000000000000000e-01,1.999656939372407326e-04,6.872163963901110506e+00,2.700000000000000000e+01
6.798059085236292276e+01,-6.347688044013398212e+01,5.000000000000000000e-01,1.999799513246062533e-04,5.951824385118226424e+00,1.700000000000000000e+01
6.848059085236292276e+01,-6.497688044013398212e+01,5.000000000000000000e-01,1.999883900994703422e-04,1.942586000525902357e+00,1.500000000000000000e+01
6.848059085236292276e+01,-6.447688044013398212e+01,5.000000000000000000e-01,1.999433923539406575e-04,6.270034062221034432e+00,2.500000000000000000e+01
6.898059085236292276e+01,-6.497688044013398212e+01,5.000000000000000000e-01,1.999807523738480032e-04,2.085622906970448047e-07,2.200000000000000000e+01
6.898059085236292276e+01,-6.447688044013398212e+01,5.000000000000000000e-01,1.999188026196385497e-04,5.819430496190968860e+00,2.200000000000000000e+01
6.848059085236292276e+01,-6.397688044013398212e+01,5.000000000000000000e-01,2.000409411518657126e-04,6.292679954836199130e+00,1.800000000000000000e+01
6.848059085236292276e+01,-6.347688044013398212e+01,5.000000000000000000e-01,1.999776181522250449e-04,6.398680321860052977e+00,2.800000000000000000e+01
6.898059085236292276e+01,-6.397688044013398212e+01,5.000000000000000000e-01,2.000024136476597045e-04,6.122323724842305026e+00,2.500000000000000000e+01
6.898059085236292276e+01,-6.347688044013398212e+01,5.000000000000000000e-01,2.000175580188390148e-04,6.751265966447320466e+00,3.500000000000000000e+01
6.748059085236292276e+01,-6.297688044013398212e+01,5.000000000000000000e-01,1.999985382575175555e-04,5.710893649800064864e+00,1.800000000000000000e+01
6.748059085236292276e+01,-6.247688044013398212e+01,5.000000000000000000e-01,1.999755225265964498e-04,5.421924589004984085e+00,2.100000000000000000e+01
6.798059085236292276e+01,-6.297688044013398212e+01,5.000000000000000000e-01,1.999715388207867761e-04,5.172227968746128113e+00,1.500000000000000000e+01
6.798059085236292276e+01,-6.247688044013398212e+01,5.000000000000000000e-01,2.000583331185357139e-04,5.608065566361995380e+00,1.600000000000000000e+01
6.748059085236292276e+01,-6.197688044013398212e+01,5.000000000000000000e-01,6.185183144548478569e-03,4.998383947831783303e+00,2.300000000000000000e+01
6.748059085236292276e+01,-6.147688044013398212e+01,5.000000000000000000e-01,1.523999812484686522e-01,2.632960619908941258e+00,9.000000000000000000e+00
6.798059085236292276e+01,-6.197688044013398212e+01,5.000000000000000000e-01,5.766349656789016009e-03,4.358605531467523164e+00,2.600000000000000000e+01
6.798059085236292276e+01,-6.147688044013398212e+01,5.000000000000000000e-01,1.523999701758128045e-01,4.304674146789384537e+00,9.000000000000000000e+00
6.848059085236292276e+01,-6.297688044013398212e+01,5.000000000000000000e-01,2.000186278170446030e-04,6.843171924790333094e+00,3.600000000000000000e+01
6.848059085236292276e+01,-6.247688044013398212e+01,5.000000000000000000e-01,2.000198458158131240e-04,5.841536093411991537e+00,2.200000000000000000e+01
6.898059085236292276e+01,-6.297688044013398212e+01,5.000000000000000000e-01,2.000635301706133015e-04,7.369173917100017235e+00,2.700000000000000000e+01
6.898059085236292276e+01,-6.247688044013398212e+01,5.000000000000000000e-01,2.000322487012873188e-04,5.746411056286401475e+00,2.900000000000000000e+01
6.848059085236292276e+01,-6.197688044013398212e+01,5.000000000000000000e-01,5.744166786302429620e-03,5.386924278657960308e+00,2.300000000000000000e+01
6.848059085236292276e+01,-6.147688044013398212e+01,5.000000000000000000e-01,1.524000218832066156e-01,4.150014627624369012e+00,1.200000000000000000e+01
6.898059085236292276e+01,-6.197688044013398212e+01,5.000000000000000000e-01,5.801809477846031626e-03,5.936285234948766032e+00,2.600000000000000000e+01
6.898059085236292276e+01,-6.147688044013398212e+01,5.000000000000000000e-01,3.291554605052535276e+00,2.887686429959228196e+00,3.000000000000000000e+01
6.748059085236292276e+01,-6.097688044013398212e+01,5.000000000000000000e-01,1.523999793066253550e-01,3.330346347727513590e-01,1.800000000000000000e+01
6.748059085236292276e+01,-6.047688044013398212e+01,5.000000000000000000e-01,2.108004816112234170e-01,2.701570988794609551e+00,2.900000000000000000e+01
6.798059085236292276e+01,-6.097688044013398212e+01,5.000000000000000000e-01,1.523999752741119207e-01,4.732211849878265042e-07,7.000000000000000000e+00
6.798059085236292276e+01,-6.047688044013398212e+01,5.000000000000000000e-01,1.523997855901297882e-01,5.910083000770782746e-07,6.000000000000000000e+00
6.748059085236292276e+01,-5.997688044013398212e+01,1.000000000000000000e+00,1.523999589264746213e-01,1.196811566431083440e+00,3.700000000000000000e+01
6.848059085236292276e+01,-6.097688044013398212e+01,5.000000000000000000e-01,1.524000032623852030e-01,4.814081264829352058e+00,1.100000000000000000e+01
6.848059085236292276e+01,-6.047688044013398212e+01,5.000000000000000000e-01,1.524000305847645897e-01,2.992316762706614952e-07,7.000000000000000000e+00
6.898059085236292276e+01,-6.097688044013398212e+01,5.000000000000000000e-01,1.524000115556304880e-01,4.470219830551267926e+00,2.800000000000000000e+01
6.898059085236292276e+01,-6.047688044013398212e+01,5.000000000000000000e-01,1.524000912885007664e-01,5.722454909311706750e+00,1.500000000000000000e+01
6.848059085236292276e+01,-5.997688044013398212e+01,5.000000000000000000e-01,1.523998341675892598e-01,4.678829358565849361e+00,1.500000000000000000e+01
6.848059085236292276e+01,-5.947688044013398212e+01,5.000000000000000000e-01,1.047160945737589444e+00,3.787654162868729912e+00,7.000000000000000000e+00
6.898059085236292276e+01,-5.997688044013398212e+01,5.000000000000000000e-01,1.523999879436822302e-01,5.251630894053252341e+00,1.200000000000000000e+01
6.898059085236292276e+01,-5.947688044013398212e+01,5.000000000000000000e-01,4.665491416852875162e+00,1.404353542829198886e+00,1.200000000000000000e+01
6.748059085236292276e+01,-5.897688044013398212e+01,1.000000000000000000e+00,1.523999799538906241e-01,2.008114638740732261e-07,1.500000000000000000e+01
6.748059085236292276e+01,-5.797688044013398212e+01,1.000000000000000000e+00,1.523999255136336828e-01,3.104049230984173846e-07,1.600000000000000000e+01
6.848059085236292276e+01,-5.897688044013398212e+01,5.000000000000000000e-01,1.524000194791469698e-01,4.588760162104779994e+00,1.100000000000000000e+01
6.898059085236292276e+01,-5.897688044013398212e+01,5.000000000000000000e-01,1.524000167846679688e-01,5.573785678899525919e+00,8.000000000000000000e+00
6.898059085236292276e+01,-5.847688044013398212e+01,5.000000000000000000e-01,4.761343003551878006e+00,1.218130967827045552e+00,1.300000000000000000e+01
6.848059085236292276e+01,-5.747688044013398212e+01,5.000000000000000000e-01,1.524000212475587479e-01,1.358076789914619553e-07,7.000000000000000000e+00
6.898059085236292276e+01,-5.797688044013398212e+01,5.000000000000000000e-01,4.793413428506058338e+00,1.562848155286395091e+00,1.300000000000000000e+01
6.898059085236292276e+01,-5.747688044013398212e+01,5.000000000000000000e-01,1.523999460832518582e-01,5.756643788445845011e+00,7.000000000000000000e+00
6.748059085236292276e+01,-5.597688044013398212e+01,5.000000000000000000e-01,1.523999200267448784e-01,3.327567021926824964e-07,1.000000000000000000e+01
6.748059085236292276e+01,-5.547688044013398212e+01,5.000000000000000000e-01,7.493301270169071548e-01,5.016359003011292117e+00,1.140000000000000000e+02
6.798059085236292276e+01,-5.597688044013398212e+01,5.000000000000000000e-01,1.523998890260632455e-01,1.921639520563456216e-07,7.000000000000000000e+00
6.798059085236292276e+01,-5.547688044013398212e+01,5.000000000000000000e-01,7.053801042880090133e-01,4.754636672831451527e+00,8.800000000000000000e+01
6.898059085236292276e+01,-5.697688044013398212e+01,5.000000000000000000e-01,1.523999358811281013e-01,6.515252632097300101e+00,6.000000000000000000e+00
6.898059085236292276e+01,-5.647688044013398212e+01,5.000000000000000000e-01,1.523998636636766935e-01,6.377960310657737608e+00,5.000000000000000000e+00
6.848059085236292276e+01,-5.597688044013398212e+01,5.000000000000000000e-01,1.523999457473438346e-01,4.853308824998200599e+00,6.000000000000000000e+00
6.848059085236292276e+01,-5.547688044013398212e+01,5.000000000000000000e-01,7.384220609293573601e-01,4.038466613568246544e+00,7.200000000000000000e+01
6.898059085236292276e+01,-5.597688044013398212e+01,5.000000000000000000e-01,1.523999690581690492e-01,6.259882980922865769e+00,9.000000000000000000e+00
6.898059085236292276e+01,-5.547688044013398212e+01,5.000000000000000000e-01,6.558001562575903609e-01,4.152758954984865802e+00,8.500000000000000000e+01
6.748059085236292276e+01,-5.497688044013398212e+01,5.000000000000000000e-01,1.399637376036962033e+00,1.671823133800334427e+00,6.300000000000000000e+01
6.798059085236292276e+01,-5.497688044013398212e+01,5.000000000000000000e-01,1.614005841339090086e+00,4.462288937781570652e+00,7.100000000000000000e+01
6.848059085236292276e+01,-5.497688044013398212e+01,5.000000000000000000e-01,1.432099476178417374e+00,4.776549653233254311e+00,8.500000000000000000e+01
6.898059085236292276e+01,-5.497688044013398212e+01,5.000000000000000000e-01,1.401209347900638225e+00,4.453072497997540680e+00,6.300000000000000000e+01
6.948059085236292276e+01,-1.789768804401339821e+02,2.000000000000000000e+00,5.229615663777283097e-02,3.067220496041155042e-03,1.400000000000000000e+01
6.948059085236292276e+01,-1.769768804401339821e+02,2.000000000000000000e+00,5.576192215826995813e-02,3.311029968062678686e-03,9.000000000000000000e+00
6.948059085236292276e+01,-1.629768804401339821e+02,2.000000000000000000e+00,1.109030075432196200e-01,4.414999588721088553e-03,2.500000000000000000e+01
6.948059085236292276e+01,-1.609768804401339821e+02,2.000000000000000000e+00,1.179422000699556633e-01,3.001913091003852174e-03,1.400000000000000000e+01
6.948059085236292276e+01,-1.549768804401339821e+02,2.000000000000000000e+00,1.405094108819077425e-01,4.751161487735910960e-03,3.400000000000000000e+01
6.948059085236292276e+01,-1.524768804401339821e+02,5.000000000000000000e-01,5.616108643121452637e+00,1.803393496880629776e+00,1.400000000000000000e+01
6.948059085236292276e+01,-1.519768804401339821e+02,1.000000000000000000e+00,1.510197263203671147e-01,1.461128225125118973e-03,5.000000000000000000e+00
7.048059085236292276e+01,-1.529768804401339821e+02,1.000000000000000000e+00,1.472174565475978802e-01,2.080438657392047475e-03,6.000000000000000000e+00
7.048059085236292276e+01,-1.519768804401339821e+02,1.000000000000000000e+00,1.500457512700030804e-01,2.354567218247893834e-03,7.000000000000000000e+00
6.948059085236292276e+01,-1.509768804401339821e+02,2.000000000000000000e+00,1.523996805364801754e-01,8.147474078457062063e-07,3.200000000000000000e+01
6.948059085236292276e+01,-1.489768804401339821e+02,2.000000000000000000e+00,1.523996772382735787e-01,1.201098618008877850e-06,3.000000000000000000e+01
6.948059085236292276e+01,-1.469768804401339821e+02,2.000000000000000000e+00,1.007495885566754706e-01,5.165091822656060760e-02,8.300000000000000000e+01
6.948059085236292276e+01,-1.449768804401339821e+02,2.000000000000000000e+00,1.997672029461217136e-04,5.235167259127891659e-03,8.500000000000000000e+01
6.948059085236292276e+01,-1.429768804401339821e+02,2.000000000000000000e+00,1.997404208206710161e-04,9.352175496468663387e-07,9.200000000000000000e+01
6.948059085236292276e+01,-1.409768804401339821e+02,2.000000000000000000e+00,1.997522779508820179e-04,7.583015250389681019e-07,1.470000000000000000e+02
6.948059085236292276e+01,-1.389768804401339821e+02,2.000000000000000000e+00,1.997697820547372717e-04,5.890025803645556040e-07,2.140000000000000000e+02
6.948059085236292276e+01,-1.369768804401339821e+02,2.000000000000000000e+00,1.998379581278353356e-04,4.965946667989608234e-07,2.800000000000000000e+02
6.948059085236292276e+01,-1.349768804401339821e+02,2.000000000000000000e+00,1.998791668583225708e-04,4.631606617529432455e-07,3.340000000000000000e+02
6.948059085236292276e+01,-1.329768804401339821e+02,2.000000000000000000e+00,1.997990052274189912e-04,5.655771453838716583e-07,2.920000000000000000e+02
6.948059085236292276e+01,-1.309768804401339821e+02,2.000000000000000000e+00,1.997324902610841892e-04,7.126622478703821800e-07,3.000000000000000000e+02
6.948059085236292276e+01,-1.289768804401339821e+02,2.000000000000000000e+00,1.997305194198754517e-04,6.789134947856158633e-07,3.050000000000000000e+02
6.948059085236292276e+01,-1.269768804401339821e+02,2.000000000000000000e+00,2.000166567033279108e-04,1.522000883097669455e-01,3.660000000000000000e+02
6.948059085236292276e+01,-1.249768804401339821e+02,2.000000000000000000e+00,1.523998446916619010e-01,3.743720391469196329e-07,3.050000000000000000e+02
6.948059085236292276e+01,-1.229768804401339821e+02,2.000000000000000000e+00,1.523998135187917546e-01,5.677278140936437012e-07,2.330000000000000000e+02
6.948059085236292276e+01,-1.209768804401339821e+02,2.000000000000000000e+00,1.523997600025453758e-01,7.439108389017956569e-07,1.740000000000000000e+02
6.948059085236292276e+01,-1.189768804401339821e+02,2.000000000000000000e+00,1.523998032292399607e-01,6.514619728115178532e-07,1.310000000000000000e+02
6.948059085236292276e+01,-1.169768804401339821e+02,2.000000000000000000e+00,1.523997848412368405e-01,6.686369957709104028e-07,9.600000000000000000e+01
6.948059085236292276e+01,-1.149768804401339821e+02,2.000000000000000000e+00,1.523996558568019855e-01,7.086894497077000921e-07,7.800000000000000000e+01
6.948059085236292276e+01,-1.129768804401339821e+02,2.000000000000000000e+00,1.523998356862477088e-01,6.884579293320314264e-07,5.600000000000000000e+01
6.948059085236292276e+01,-1.109768804401339821e+02,2.000000000000000000e+00,1.523998594623049985e-01,4.540549247422642765e-07,7.200000000000000000e+01
6.948059085236292276e+01,-1.089768804401339821e+02,2.000000000000000000e+00,1.523998598019759565e-01,4.032380092056087051e-07,3.700000000000000000e+01
6.948059085236292276e+01,-1.069768804401339821e+02,2.000000000000000000e+00,1.523999179079506550e-01,6.241311628907286746e-07,3.500000000000000000e+01
6.948059085236292276e+01,-1.049768804401339821e+02,2.000000000000000000e+00,1.523999008619053297e-01,4.666018671717342414e-07,5.200000000000000000e+01
6.948059085236292276e+01,-1.029768804401339821e+02,1.000000000000000000e+00,1.523998904595549320e-01,4.406882827545643977e-07,6.000000000000000000e+00
6.948059085236292276e+01,-1.014768804401339821e+02,5.000000000000000000e-01,6.119566241412729424e-01,3.032637948395221716e+00,3.200000000000000000e+01
6.998059085236292276e+01,-1.014768804401339821e+02,5.000000000000000000e-01,6.259995764783897743e-01,3.069240853897312160e+00,6.500000000000000000e+01
7.048059085236292276e+01,-1.029768804401339821e+02,1.000000000000000000e+00,1.523999036318879341e-01,4.099195134443789357e-07,2.100000000000000000e+01
7.048059085236292276e+01,-1.014768804401339821e+02,5.000000000000000000e-01,5.507408325939004978e-01,3.106384264567898512e+00,4.300000000000000000e+01
7.098059085236292276e+01,-1.014768804401339821e+02,5.000000000000000000e-01,5.932709470317215628e-01,3.076729697987636847e+00,5.500000000000000000e+01
6.948059085236292276e+01,-9.997688044013398212e+01,5.000000000000000000e-01,5.232985643547888088e+00,3.262682688165472911e+00,2.600000000000000000e+01
6.948059085236292276e+01,-9.947688044013398212e+01,5.000000000000000000e-01,5.427798038624844779e+00,2.346839656211823666e+00,5.200000000000000000e+01
6.998059085236292276e+01,-9.997688044013398212e+01,5.000000000000000000e-01,5.878231779703161131e+00,2.593561965206437669e+00,4.000000000000000000e+01
6.998059085236292276e+01,-9.947688044013398212e+01,5.000000000000000000e-01,5.096054465358385244e+00,2.541215208364302924e+00,4.100000000000000000e+01
7.048059085236292276e+01,-9.997688044013398212e+01,5.000000000000000000e-01,5.959679601562645423e+00,2.643694889841031959e+00,3.200000000000000000e+01
7.048059085236292276e+01,-9.947688044013398212e+01,5.000000000000000000e-01,5.350078510005671362e+00,1.904521794885582153e+00,4.400000000000000000e+01
6.948059085236292276e+01,-9.847688044013398212e+01,5.000000000000000000e-01,3.645598406701767935e+00,1.269037384479665853e+00,2.700000000000000000e+01
6.998059085236292276e+01,-9.847688044013398212e+01,5.000000000000000000e-01,3.057802859099379766e+00,1.832823334205568422e+00,2.700000000000000000e+01
6.948059085236292276e+01,-9.797688044013398212e+01,1.000000000000000000e+00,3.030032920236124916e+00,6.703552856070915666e-02,5.000000000000000000e+00
7.048059085236292276e+01,-9.897688044013398212e+01,5.000000000000000000e-01,6.461466527844344832e+00,1.211772333325884077e+00,3.600000000000000000e+01
7.048059085236292276e+01,-9.847688044013398212e+01,5.000000000000000000e-01,3.236770419000913002e+00,1.539590520015389430e+00,3.700000000000000000e+01
7.098059085236292276e+01,-9.897688044013398212e+01,5.000000000000000000e-01,5.333104203912344410e+00,2.879106150318983204e+00,3.500000000000000000e+01
7.098059085236292276e+01,-9.847688044013398212e+01,5.000000000000000000e-01,4.163806081506110424e+00,3.569639398367283611e+00,1.070000000000000000e+02
6.948059085236292276e+01,-8.347688044013398212e+01,5.000000000000000000e-01,1.101442699615184262e+00,3.950561066976479019e+00,1.380000000000000000e+02
6.998059085236292276e+01,-8.347688044013398212e+01,5.000000000000000000e-01,1.160942261521402452e+00,3.722459642159393844e+00,1.420000000000000000e+02
7.048059085236292276e+01,-8.347688044013398212e+01,5.000000000000000000e-01,9.413660219016841690e-01,3.990815630412241966e+00,1.550000000000000000e+02
7.098059085236292276e+01,-8.347688044013398212e+01,5.000000000000000000e-01,1.150202224832224562e+00,3.770953024870403514e+00,1.580000000000000000e+02
6.948059085236292276e+01,-8.297688044013398212e+01,2.000000000000000000e+00,3.527984200627871658e-01,3.097306827138931462e-01,1.100000000000000000e+01
6.948059085236292276e+01,-8.097688044013398212e+01,1.000000000000000000e+00,1.679582343099699226e-01,7.723035293212697772e-01,5.100000000000000000e+01
6.948059085236292276e+01,-7.997688044013398212e+01,1.000000000000000000e+00,1.523999119224388465e-01,1.462387252681995875e-07,8.000000000000000000e+00
7.048059085236292276e+01,-8.097688044013398212e+01,1.000000000000000000e+00,1.625519703484551715e-01,7.315014946805752372e-01,4.100000000000000000e+01
7.048059085236292276e+01,-7.997688044013398212e+01,1.000000000000000000e+00,1.523998729481674808e-01,9.447178896948571492e-07,6.000000000000000000e+00
6.948059085236292276e+01,-7.697688044013398212e+01,2.000000000000000000e+00,1.116296962927334935e+00,2.169864570107868929e-01,2.800000000000000000e+01
6.948059085236292276e+01,-7.497688044013398212e+01,1.000000000000000000e+00,1.366519287147804906e-01,1.097495044499226191e+00,3.080000000000000000e+02
6.948059085236292276e+01,-7.397688044013398212e+01,1.000000000000000000e+00,1.999210618019775564e-04,2.692915843649501539e-07,7.500000000000000000e+01
7.048059085236292276e+01,-7.497688044013398212e+01,1.000000000000000000e+00,1.235807484199554634e-01,1.120050880518894232e+00,3.070000000000000000e+02
7.048059085236292276e+01,-7.397688044013398212e+01,1.000000000000000000e+00,1.999551686742151446e-04,2.840299826445402687e-07,9.000000000000000000e+01
6.948059085236292276e+01,-7.297688044013398212e+01,2.000000000000000000e+00,1.999353765883782276e-04,4.944549194085931694e-07,2.170000000000000000e+02
6.948059085236292276e+01,-7.097688044013398212e+01,2.000000000000000000e+00,1.999143570221129204e-04,4.944439452536587756e-07,1.930000000000000000e+02
6.948059085236292276e+01,-6.897688044013398212e+01,2.000000000000000000e+00,1.999018404677421648e-04,4.829622940238974347e-07,1.990000000000000000e+02
6.948059085236292276e+01,-6.697688044013398212e+01,2.000000000000000000e+00,1.999386903521453316e-04,2.303009705828366633e-07,3.220000000000000000e+02
6.948059085236292276e+01,-6.497688044013398212e+01,1.000000000000000000e+00,1.999413394642897965e-04,2.869882423631902376e-07,7.800000000000000000e+01
6.948059085236292276e+01,-6.397688044013398212e+01,5.000000000000000000e-01,1.999393706397789572e-04,5.683209507738091304e+00,2.500000000000000000e+01
6.948059085236292276e+01,-6.347688044013398212e+01,5.000000000000000000e-01,1.999354662377032462e-04,7.537155616998865604e+00,2.700000000000000000e+01
6.998059085236292276e+01,-6.397688044013398212e+01,5.000000000000000000e-01,1.999466275263372895e-04,7.230281784721976912e+00,2.000000000000000000e+01
6.998059085236292276e+01,-6.347688044013398212e+01,5.000000000000000000e-01,1.999532521548719080e-04,6.869870381472855669e+00,2.700000000000000000e+01
7.048059085236292276e+01,-6.497688044013398212e+01,1.000000000000000000e+00,1.999196619424381538e-04,2.405496236423997156e-07,8.300000000000000000e+01
7.048059085236292276e+01,-6.397688044013398212e+01,1.000000000000000000e+00,1.999232426132202479e-04,2.795289128609932013e-07,7.200000000000000000e+01
6.948059085236292276e+01,-6.297688044013398212e+01,5.000000000000000000e-01,2.000073559722537198e-04,6.888202666482217573e+00,2.100000000000000000e+01
6.948059085236292276e+01,-6.247688044013398212e+01,5.000000000000000000e-01,2.001225560436026339e-04,6.273559636648421645e+00,3.200000000000000000e+01
6.998059085236292276e+01,-6.297688044013398212e+01,5.000000000000000000e-01,1.998769464015559549e-04,6.208090450300396412e+00,3.100000000000000000e+01
6.998059085236292276e+01,-6.247688044013398212e+01,5.000000000000000000e-01,2.001290187938487009e-04,6.581448649782155158e+00,3.100000000000000000e+01
6.948059085236292276e+01,-6.197688044013398212e+01,5.000000000000000000e-01,4.466985911127364234e-02,6.327791338074063354e+00,4.700000000000000000e+01
6.948059085236292276e+01,-6.147688044013398212e+01,5.000000000000000000e-01,1.524000767966833259e-01,6.229903135094980726e+00,1.800000000000000000e+01
6.998059085236292276e+01,-6.197688044013398212e+01,5.000000000000000000e-01,5.798737664449878787e-03,5.083144857297972052e+00,3.800000000000000000e+01
6.998059085236292276e+01,-6.147688044013398212e+01,5.000000000000000000e-01,1.524000589143163498e-01,5.480674052491908199e+00,1.400000000000000000e+01
7.048059085236292276e+01,-6.297688044013398212e+01,5.000000000000000000e-01,2.000041752175274359e-04,6.885602456095270441e+00,1.300000000000000000e+01
7.048059085236292276e+01,-6.247688044013398212e+01,5.000000000000000000e-01,1.999319516821529310e-04,6.824610428987842425e+00,2.500000000000000000e+01
7.098059085236292276e+01,-6.297688044013398212e+01,5.000000000000000000e-01,1.998984985357221743e-04,2.751340344886335325e-07,1.500000000000000000e+01
7.098059085236292276e+01,-6.247688044013398212e+01,5.000000000000000000e-01,1.999719444798486734e-04,6.802497284954102774e+00,1.600000000000000000e+01
7.048059085236292276e+01,-6.197688044013398212e+01,5.000000000000000000e-01,5.265276992114831418e-03,6.422565183500565489e+00,2.500000000000000000e+01
7.048059085236292276e+01,-6.147688044013398212e+01,5.000000000000000000e-01,1.524000172701230338e-01,6.439961910699772751e+00,1.400000000000000000e+01
7.098059085236292276e+01,-6.197688044013398212e+01,5.000000000000000000e-01,4.518083453309529665e-03,1.478820202693439390e-01,2.400000000000000000e+01
7.098059085236292276e+01,-6.147688044013398212e+01,5.000000000000000000e-01,1.523999592014596283e-01,6.422313011814085648e+00,1.800000000000000000e+01
6.948059085236292276e+01,-6.097688044013398212e+01,5.000000000000000000e-01,1.524000305554379930e-01,5.658309979653348698e+00,3.200000000000000000e+01
6.948059085236292276e+01,-6.047688044013398212e+01,5.000000000000000000e-01,1.524000254026418588e-01,5.813285310844023002e+00,1.600000000000000000e+01
6.998059085236292276e+01,-6.097688044013398212e+01,5.000000000000000000e-01,1.524000985628552185e-01,5.651151888043260740e+00,3.400000000000000000e+01
6.998059085236292276e+01,-6.047688044013398212e+01,5.000000000000000000e-01,1.831052587017818201e-01,5.951047711720308442e+00,2.300000000000000000e+01
6.948059085236292276e+01,-5.997688044013398212e+01,5.000000000000000000e-01,1.523999909627463123e-01,5.172083512529407123e+00,1.300000000000000000e+01
6.948059085236292276e+01,-5.947688044013398212e+01,5.000000000000000000e-01,4.916407110648647105e+00,1.385589391639302725e+00,6.000000000000000000e+00
6.998059085236292276e+01,-5.997688044013398212e+01,5.000000000000000000e-01,1.524000398478858043e-01,5.207094635431894325e+00,1.700000000000000000e+01
6.998059085236292276e+01,-5.947688044013398212e+01,5.000000000000000000e-01,4.997405342771723546e+00,1.149753853530035563e+00,6.000000000000000000e+00
7.048059085236292276e+01,-6.097688044013398212e+01,5.000000000000000000e-01,1.524000233259828474e-01,5.868383642174425319e+00,2.500000000000000000e+01
7.048059085236292276e+01,-6.047688044013398212e+01,5.000000000000000000e-01,1.524001359165770286e-01,6.496087013625134077e+00,1.300000000000000000e+01
7.098059085236292276e+01,-6.097688044013398212e+01,5.000000000000000000e-01,8.392036213750572182e-01,4.406345113227877697e+00,6.600000000000000000e+01
7.098059085236292276e+01,-6.047688044013398212e+01,5.000000000000000000e-01,1.523999662372833852e-01,5.361456527413559492e+00,1.300000000000000000e+01
7.048059085236292276e+01,-5.997688044013398212e+01,5.000000000000000000e-01,1.524000419334376188e-01,6.392112289320598606e+00,7.000000000000000000e+00
7.048059085236292276e+01,-5.947688044013398212e+01,5.000000000000000000e-01,4.881191779311587098e+00,2.445077850658465834e-01,7.000000000000000000e+00
7.098059085236292276e+01,-5.997688044013398212e+01,5.000000000000000000e-01,1.524000267051925372e-01,5.611810804393858376e+00,1.500000000000000000e+01
7.098059085236292276e+01,-5.947688044013398212e+01,5.000000000000000000e-01,1.523999959909946023e-01,5.036086201135714369e+00,1.000000000000000000e+01
6.948059085236292276e+01,-5.897688044013398212e+01,5.000000000000000000e-01,4.790385392282178856e+00,1.533370476050904152e+00,5.000000000000000000e+00
6.948059085236292276e+01,-5.847688044013398212e+01,5.000000000000000000e-01,4.857029595365379926e+00,1.908185770058280717e+00,8.000000000000000000e+00
6.998059085236292276e+01,-5.897688044013398212e+01,5.000000000000000000e-01,5.135432260057036125e+00,1.282139624118846299e+00,8.000000000000000000e+00
6.948059085236292276e+01,-5.747688044013398212e+01,5.000000000000000000e-01,1.524000584127724878e-01,4.410752140193707760e-07,7.000000000000000000e+00
6.998059085236292276e+01,-5.797688044013398212e+01,5.000000000000000000e-01,1.523998550957579856e-01,6.049197501066911009e+00,8.000000000000000000e+00
7.048059085236292276e+01,-5.897688044013398212e+01,5.000000000000000000e-01,1.524000593476870224e-01,5.278711199987404790e+00,1.200000000000000000e+01
7.098059085236292276e+01,-5.897688044013398212e+01,5.000000000000000000e-01,5.098446007641981303e+00,4.026010515094489151e-01,1.000000000000000000e+01
7.048059085236292276e+01,-5.747688044013398212e+01,5.000000000000000000e-01,1.524000220606655243e-01,5.467954315718781544e-07,6.000000000000000000e+00
7.098059085236292276e+01,-5.797688044013398212e+01,5.000000000000000000e-01,1.523999633317648095e-01,7.582145808426865585e-08,5.000000000000000000e+00
7.098059085236292276e+01,-5.747688044013398212e+01,5.000000000000000000e-01,1.523996878303712776e-01,5.163757050286044148e-07,6.000000000000000000e+00
6.948059085236292276e+01,-5.647688044013398212e+01,5.000000000000000000e-01,1.523998877037247845e-01,5.262476825080401710e+00,5.000000000000000000e+00
6.948059085236292276e+01,-5.597688044013398212e+01,5.000000000000000000e-01,1.524000135037258674e-01,6.073483172993352497e+00,1.000000000000000000e+01
6.948059085236292276e+01,-5.547688044013398212e+01,5.000000000000000000e-01,5.937893681564069270e-01,4.206958608183811066e+00,7.800000000000000000e+01
6.998059085236292276e+01,-5.597688044013398212e+01,5.000000000000000000e-01,1.523999399453671855e-01,2.389591009510638742e-07,8.000000000000000000e+00
6.998059085236292276e+01,-5.547688044013398212e+01,5.000000000000000000e-01,5.721596075078484445e-01,4.204664666994626820e+00,8.700000000000000000e+01
7.048059085236292276e+01,-5.697688044013398212e+01,1.000000000000000000e+00,1.523999168326383713e-01,4.921191346096698283e-07,9.000000000000000000e+00
7.048059085236292276e+01,-5.597688044013398212e+01,5.000000000000000000e-01,1.523998929908073063e-01,2.262883180559338570e-07,8.000000000000000000e+00
7.048059085236292276e+01,-5.547688044013398212e+01,5.000000000000000000e-01,7.273952194760296974e-01,4.090348822143469398e+00,8.500000000000000000e+01
7.098059085236292276e+01,-5.597688044013398212e+01,5.000000000000000000e-01,1.523998611667805869e-01,2.705623269871892944e-07,1.000000000000000000e+01
7.098059085236292276e+01,-5.547688044013398212e+01,5.000000000000000000e-01,6.572250091092136648e-01,4.118224253603711027e+00,6.900000000000000000e+01
6.948059085236292276e+01,-5.497688044013398212e+01,5.000000000000000000e-01,1.557731267953557097e+00,4.774888382940069675e+00,8.500000000000000000e+01
6.998059085236292276e+01,-5.497688044013398212e+01,5.000000000000000000e-01,1.670740376873229849e+00,4.735235684810841228e+00,7.500000000000000000e+01
7.048059085236292276e+01,-5.497688044013398212e+01,5.000000000000000000e-01,1.730086699723853538e+00,5.034999070797237408e+00,9.100000000000000000e+01
7.098059085236292276e+01,-5.497688044013398212e+01,5.000000000000000000e-01,1.659170675349443735e+00,4.482157976329078863e+00,7.100000000000000000e+01
7.148059085236292276e+01,-1.789768804401339821e+02,2.000000000000000000e+00,5.359231405228337408e-02,9.205594426291430210e-04,6.000000000000000000e+00
7.148059085236292276e+01,-1.629768804401339821e+02,2.000000000000000000e+00,1.110573355773438742e-01,3.875482242490985163e-03,1.800000000000000000e+01
7.148059085236292276e+01,-1.549768804401339821e+02,2.000000000000000000e+00,1.405039697282828293e-01,4.481412754011648847e-03,3.200000000000000000e+01
7.148059085236292276e+01,-1.529768804401339821e+02,2.000000000000000000e+00,1.467452529393465654e-01,5.272297424309430047e-03,2.400000000000000000e+01
7.148059085236292276e+01,-1.509768804401339821e+02,2.000000000000000000e+00,1.523997373754201468e-01,1.025695438611196053e-06,3.400000000000000000e+01
7.148059085236292276e+01,-1.489768804401339821e+02,2.000000000000000000e+00,1.523995411115603160e-01,1.032625042279855521e-06,3.000000000000000000e+01
7.148059085236292276e+01,-1.469768804401339821e+02,2.000000000000000000e+00,1.523998550791691164e-01,6.512892082033427954e-07,5.000000000000000000e+01
7.148059085236292276e+01,-1.449768804401339821e+02,2.000000000000000000e+00,1.999536469703855237e-04,1.318622361057902870e-01,9.400000000000000000e+01
7.148059085236292276e+01,-1.429768804401339821e+02,2.000000000000000000e+00,1.998588643319365588e-04,6.055963218676296833e-07,1.060000000000000000e+02
7.148059085236292276e+01,-1.409768804401339821e+02,2.000000000000000000e+00,1.998263053431870216e-04,5.991175227926302891e-07,1.330000000000000000e+02
7.148059085236292276e+01,-1.389768804401339821e+02,2.000000000000000000e+00,1.998565204732294484e-04,5.317825104711459971e-07,1.950000000000000000e+02
7.148059085236292276e+01,-1.369768804401339821e+02,2.000000000000000000e+00,1.998591772413682685e-04,5.567803361694600994e-07,2.920000000000000000e+02
7.148059085236292276e+01,-1.349768804401339821e+02,2.000000000000000000e+00,1.998614093090988922e-04,4.627425989500884556e-07,3.450000000000000000e+02
7.148059085236292276e+01,-1.329768804401339821e+02,2.000000000000000000e+00,1.998296420649303576e-04,5.381454801445468075e-07,2.880000000000000000e+02
7.148059085236292276e+01,-1.309768804401339821e+02,2.000000000000000000e+00,1.997038119201377526e-04,6.450810484892545351e-07,2.930000000000000000e+02
7.148059085236292276e+01,-1.289768804401339821e+02,2.000000000000000000e+00,1.997543075752616860e-04,6.841668493073828263e-07,2.990000000000000000e+02
7.148059085236292276e+01,-1.269768804401339821e+02,2.000000000000000000e+00,1.998647280179621680e-04,1.522001981565242468e-01,3.680000000000000000e+02
7.148059085236292276e+01,-1.249768804401339821e+02,2.000000000000000000e+00,1.523998195897121044e-01,4.172332024043878818e-07,3.230000000000000000e+02
7.148059085236292276e+01,-1.229768804401339821e+02,2.000000000000000000e+00,1.523998214928903305e-01,4.647981723948646504e-07,2.520000000000000000e+02
7.148059085236292276e+01,-1.209768804401339821e+02,2.000000000000000000e+00,1.523998081516749481e-01,6.049351122527912850e-07,1.800000000000000000e+02
7.148059085236292276e+01,-1.189768804401339821e+02,2.000000000000000000e+00,1.523997223553664182e-01,7.790737146518011969e-07,1.400000000000000000e+02
7.148059085236292276e+01,-1.169768804401339821e+02,2.000000000000000000e+00,1.523998166104494345e-01,6.988189333867467212e-07,1.110000000000000000e+02
7.148059085236292276e+01,-1.149768804401339821e+02,2.000000000000000000e+00,1.523997495738937391e-01,8.232614489844802819e-07,8.900000000000000000e+01
7.148059085236292276e+01,-1.129768804401339821e+02,2.000000000000000000e+00,1.523998577683713107e-01,7.539421338353946567e-07,8.800000000000000000e+01
7.148059085236292276e+01,-1.109768804401339821e+02,2.000000000000000000e+00,1.523998432983352802e-01,6.301307399203537329e-07,4.700000000000000000e+01
7.148059085236292276e+01,-1.089768804401339821e+02,2.000000000000000000e+00,1.523997976188843084e-01,6.488915430535868722e-07,7.000000000000000000e+01
7.148059085236292276e+01,-1.069768804401339821e+02,2.000000000000000000e+00,1.523999478633995541e-01,7.061489907256301990e-07,2.400000000000000000e+01
7.148059085236292276e+01,-1.049768804401339821e+02,2.000000000000000000e+00,1.523997527594485035e-01,7.771394118505359216e-07,2.800000000000000000e+01
7.148059085236292276e+01,-1.029768804401339821e+02,1.000000000000000000e+00,1.523999896075197147e-01,3.929877042951890331e-07,1.000000000000000000e+01
7.148059085236292276e+01,-1.019768804401339821e+02,5.000000000000000000e-01,1.523997687912710397e-01,3.290121538823687075e-07,5.000000000000000000e+00
7.148059085236292276e+01,-1.014768804401339821e+02,5.000000000000000000e-01,5.394442895914874914e-01,3.115983122364776037e+00,4.400000000000000000e+01
7.198059085236292276e+01,-1.014768804401339821e+02,5.000000000000000000e-01,5.030039839664728341e-01,3.139753468542815007e+00,5.900000000000000000e+01
7.248059085236292276e+01,-1.029768804401339821e+02,1.000000000000000000e+00,1.523997832551936271e-01,6.094499037101464012e-07,8.000000000000000000e+00
7.248059085236292276e+01,-1.014768804401339821e+02,5.000000000000000000e-01,6.498727637155671255e-01,1.736068208032954363e+00,4.300000000000000000e+01
7.298059085236292276e+01,-1.014768804401339821e+02,5.000000000000000000e-01,6.019456737066730678e-01,3.045842301540893082e+00,5.400000000000000000e+01
7.148059085236292276e+01,-9.847688044013398212e+01,5.000000000000000000e-01,4.559237074056373018e+00,3.753128482239873165e+00,9.100000000000000000e+01
7.198059085236292276e+01,-9.847688044013398212e+01,5.000000000000000000e-01,4.965683559063872821e+00,3.761392627655501641e+00,6.800000000000000000e+01
7.148059085236292276e+01,-9.797688044013398212e+01,5.000000000000000000e-01,3.024242822372953832e+00,4.052221499258815918e+00,2.600000000000000000e+01
7.198059085236292276e+01,-9.797688044013398212e+01,5.000000000000000000e-01,3.139096180268257541e+00,4.310446335904062565e+00,4.500000000000000000e+01
7.248059085236292276e+01,-9.847688044013398212e+01,5.000000000000000000e-01,4.908336017575503973e+00,3.686851912038918044e+00,7.800000000000000000e+01
7.298059085236292276e+01,-9.847688044013398212e+01,5.000000000000000000e-01,4.031500573994765801e+00,3.956489926158361037e+00,1.130000000000000000e+02
7.248059085236292276e+01,-9.797688044013398212e+01,5.000000000000000000e-01,3.161700470251663120e+00,4.225666096267971739e+00,2.600000000000000000e+01
7.148059085236292276e+01,-8.347688044013398212e+01,5.000000000000000000e-01,9.709660557192812957e-01,4.207424955803211297e+00,1.470000000000000000e+02
7.198059085236292276e+01,-8.347688044013398212e+01,5.000000000000000000e-01,1.451407280889496887e+00,3.500770895424010654e+00,1.470000000000000000e+02
7.248059085236292276e+01,-8.347688044013398212e+01,5.000000000000000000e-01,1.152826298188285081e+00,3.834080715965401787e+00,1.260000000000000000e+02
7.298059085236292276e+01,-8.347688044013398212e+01,5.000000000000000000e-01,1.776623832784841817e+00,3.597502762650147012e+00,1.520000000000000000e+02
7.248059085236292276e+01,-8.297688044013398212e+01,5.000000000000000000e-01,2.058045864105224609e-01,1.419817649624323108e-01,6.000000000000000000e+00
7.298059085236292276e+01,-8.297688044013398212e+01,5.000000000000000000e-01,3.820100406626867340e-01,1.798156622639248248e+00,1.700000000000000000e+01
7.298059085236292276e+01,-8.247688044013398212e+01,5.000000000000000000e-01,8.053879462430889591e-01,1.319992208348145457e+00,2.000000000000000000e+01
7.248059085236292276e+01,-8.197688044013398212e+01,1.000000000000000000e+00,3.528579090678610197e-01,1.273906720859679487e+00,2.900000000000000000e+01
7.148059085236292276e+01,-8.097688044013398212e+01,1.000000000000000000e+00,1.709211751657375433e-01,7.631545414782402448e-01,5.200000000000000000e+01
7.248059085236292276e+01,-8.097688044013398212e+01,1.000000000000000000e+00,2.292385101318359375e-01,8.028673701720552280e-01,7.100000000000000000e+01
7.248059085236292276e+01,-7.997688044013398212e+01,1.000000000000000000e+00,1.523998766929834936e-01,8.080064372306683396e-07,5.000000000000000000e+00
7.148059085236292276e+01,-7.897688044013398212e+01,1.000000000000000000e+00,4.300576188671615618e+00,5.872640129957469313e-01,5.000000000000000000e+00
7.148059085236292276e+01,-7.797688044013398212e+01,1.000000000000000000e+00,4.285278165799705441e+00,5.973947465015427838e-01,1.500000000000000000e+01
7.248059085236292276e+01,-7.797688044013398212e+01,1.000000000000000000e+00,4.082900245312133691e+00,6.671145356191967579e-01,1.500000000000000000e+01
7.198059085236292276e+01,-7.697688044013398212e+01,5.000000000000000000e-01,1.063453065579414991e+00,2.414022808656488550e+00,7.000000000000000000e+00
7.148059085236292276e+01,-7.597688044013398212e+01,1.000000000000000000e+00,1.156531001402459680e+00,2.080966978572873494e-01,2.600000000000000000e+01
7.248059085236292276e+01,-7.697688044013398212e+01,5.000000000000000000e-01,1.025612344052712954e+00,3.393923618417160615e-01,4.600000000000000000e+01
7.298059085236292276e+01,-7.697688044013398212e+01,5.000000000000000000e-01,4.230056320261776470e+00,5.339203754156711668e-01,1.000000000000000000e+01
7.298059085236292276e+01,-7.547688044013398212e+01,5.000000000000000000e-01,1.255351689558807493e+00,1.110653145859059610e-01,1.200000000000000000e+01
7.148059085236292276e+01,-7.497688044013398212e+01,1.000000000000000000e+00,1.515278494746470916e-01,1.109857694839175846e+00,3.290000000000000000e+02
7.148059085236292276e+01,-7.397688044013398212e+01,1.000000000000000000e+00,1.999205172217966117e-04,2.920030289898904469e-07,8.400000000000000000e+01
7.248059085236292276e+01,-7.497688044013398212e+01,1.000000000000000000e+00,1.233313793237043043e-01,1.101564309384169382e+00,3.210000000000000000e+02
7.248059085236292276e+01,-7.397688044013398212e+01,1.000000000000000000e+00,1.998471519104150326e-04,2.653017879161614738e-07,8.300000000000000000e+01
7.148059085236292276e+01,-7.297688044013398212e+01,2.000000000000000000e+00,1.999343933360542389e-04,3.188948311694142328e-07,3.200000000000000000e+02
7.148059085236292276e+01,-7.097688044013398212e+01,2.000000000000000000e+00,1.999282498378995962e-04,2.491274553983850466e-07,2.740000000000000000e+02
7.148059085236292276e+01,-6.897688044013398212e+01,2.000000000000000000e+00,1.999611421688030077e-04,3.030181303283749957e-07,3.060000000000000000e+02
7.148059085236292276e+01,-6.697688044013398212e+01,2.000000000000000000e+00,1.999086821716270727e-04,2.938987989050453192e-07,3.440000000000000000e+02
7.148059085236292276e+01,-6.497688044013398212e+01,2.000000000000000000e+00,1.999105320653615792e-04,3.109648996524219493e-07,2.990000000000000000e+02
7.148059085236292276e+01,-6.297688044013398212e+01,5.000000000000000000e-01,1.999864881549573534e-04,1.459672891001965751e-07,1.500000000000000000e+01
7.148059085236292276e+01,-6.247688044013398212e+01,5.000000000000000000e-01,1.998669427769605988e-04,1.362043134970717162e+00,1.700000000000000000e+01
7.198059085236292276e+01,-6.297688044013398212e+01,5.000000000000000000e-01,1.999267301333595981e-04,6.520167790027079135e+00,1.600000000000000000e+01
7.198059085236292276e+01,-6.247688044013398212e+01,5.000000000000000000e-01,1.999066630595791594e-04,6.315109375241506839e+00,1.400000000000000000e+01
7.148059085236292276e+01,-6.197688044013398212e+01,1.000000000000000000e+00,4.761506271481420229e-03,2.755867765279579329e-01,6.900000000000000000e+01
7.248059085236292276e+01,-6.297688044013398212e+01,5.000000000000000000e-01,1.999576893148002910e-04,6.224264277923186484e+00,1.600000000000000000e+01
7.248059085236292276e+01,-6.247688044013398212e+01,5.000000000000000000e-01,1.999434850894488136e-04,6.182345983708521509e+00,1.600000000000000000e+01
7.298059085236292276e+01,-6.297688044013398212e+01,5.000000000000000000e-01,1.998998639283359525e-04,2.025809938703455160e+00,1.500000000000000000e+01
7.298059085236292276e+01,-6.247688044013398212e+01,5.000000000000000000e-01,1.999723603171984164e-04,8.631763641329703082e-04,1.700000000000000000e+01
7.248059085236292276e+01,-6.197688044013398212e+01,5.000000000000000000e-01,4.302152254695545963e-03,1.480980049928686815e-01,2.400000000000000000e+01
7.248059085236292276e+01,-6.147688044013398212e+01,5.000000000000000000e-01,1.523999331497112308e-01,3.228459675565055864e+00,1.000000000000000000e+01
7.298059085236292276e+01,-6.197688044013398212e+01,5.000000000000000000e-01,4.303804612622919024e-03,1.480961716382376281e-01,2.100000000000000000e+01
7.298059085236292276e+01,-6.147688044013398212e+01,5.000000000000000000e-01,1.523999225047566186e-01,5.740619917731860866e+00,1.300000000000000000e+01
7.148059085236292276e+01,-6.097688044013398212e+01,5.000000000000000000e-01,1.523999475769461098e-01,5.913274721062121708e-01,2.200000000000000000e+01
7.148059085236292276e+01,-6.047688044013398212e+01,5.000000000000000000e-01,1.523999088317428696e-01,5.543671825801203212e+00,1.000000000000000000e+01
7.198059085236292276e+01,-6.097688044013398212e+01,5.000000000000000000e-01,1.523999656358391575e-01,4.647200254100247729e-01,1.500000000000000000e+01
7.198059085236292276e+01,-6.047688044013398212e+01,5.000000000000000000e-01,1.524000503284887453e-01,5.102524486819783878e-01,1.200000000000000000e+01
7.148059085236292276e+01,-5.997688044013398212e+01,5.000000000000000000e-01,1.523998773688535202e-01,4.038170750359244110e+00,6.000000000000000000e+00
7.148059085236292276e+01,-5.947688044013398212e+01,5.000000000000000000e-01,1.524000611044945275e-01,4.843349339677453180e+00,1.000000000000000000e+01
7.198059085236292276e+01,-5.997688044013398212e+01,5.000000000000000000e-01,1.523999076365711025e-01,1.003207728583754843e-06,8.000000000000000000e+00
7.248059085236292276e+01,-6.097688044013398212e+01,1.000000000000000000e+00,1.523999740218174859e-01,5.102524799173561165e-01,7.500000000000000000e+01
7.248059085236292276e+01,-5.997688044013398212e+01,1.000000000000000000e+00,1.523999581141790571e-01,8.480526568765966999e-07,1.600000000000000000e+01
7.148059085236292276e+01,-5.897688044013398212e+01,2.000000000000000000e+00,1.523998778637634111e-01,8.225524603666656276e-07,5.600000000000000000e+01
7.148059085236292276e+01,-5.697688044013398212e+01,1.000000000000000000e+00,1.523999635623451421e-01,3.318525230722180197e-07,1.300000000000000000e+01
7.148059085236292276e+01,-5.597688044013398212e+01,5.000000000000000000e-01,1.523998918774856770e-01,2.347135301672409469e-07,7.000000000000000000e+00
7.148059085236292276e+01,-5.547688044013398212e+01,5.000000000000000000e-01,9.483957973020500365e-01,5.428689286539716718e+00,1.000000000000000000e+02
7.198059085236292276e+01,-5.597688044013398212e+01,5.000000000000000000e-01,1.523998799852805952e-01,3.045112417776607572e-07,6.000000000000000000e+00
7.198059085236292276e+01,-5.547688044013398212e+01,5.000000000000000000e-01,1.272557167882916396e+00,4.822639166094645269e+00,1.280000000000000000e+02
7.248059085236292276e+01,-5.697688044013398212e+01,1.000000000000000000e+00,1.523998529885105258e-01,5.825373752266216343e-07,1.300000000000000000e+01
7.248059085236292276e+01,-5.597688044013398212e+01,5.000000000000000000e-01,1.523999000278564719e-01,1.541089336976053659e-07,5.000000000000000000e+00
7.248059085236292276e+01,-5.547688044013398212e+01,5.000000000000000000e-01,1.525667672904670091e+00,4.764557378670221333e+00,1.490000000000000000e+02
7.298059085236292276e+01,-5.597688044013398212e+01,5.000000000000000000e-01,1.523998297550708259e-01,3.796282576074005988e-07,6.000000000000000000e+00
7.298059085236292276e+01,-5.547688044013398212e+01,5.000000000000000000e-01,7.104252021059007660e-01,4.723893321281713575e+00,1.060000000000000000e+02
7.148059085236292276e+01,-5.497688044013398212e+01,5.000000000000000000e-01,1.389285950750520193e+00,1.729206903218152291e+00,6.200000000000000000e+01
7.198059085236292276e+01,-5.497688044013398212e+01,5.000000000000000000e-01,1.396020845546914524e+00,1.457605446780538161e+00,1.600000000000000000e+01
7.248059085236292276e+01,-5.497688044013398212e+01,5.000000000000000000e-01,1.395160854618152646e+00,1.536778307181647429e+00,5.400000000000000000e+01
7.298059085236292276e+01,-5.497688044013398212e+01,5.000000000000000000e-01,1.701626828001038705e+00,5.051535380403103126e+00,9.400000000000000000e+01
7.348059085236292276e+01,-1.789768804401339821e+02,2.000000000000000000e+00,5.358215929326322347e-02,1.125941283426086514e-03,9.000000000000000000e+00
7.348059085236292276e+01,-1.769768804401339821e+02,2.000000000000000000e+00,5.538866624397709160e-02,2.537917201367020925e-03,1.000000000000000000e+01
7.348059085236292276e+01,-1.629768804401339821e+02,2.000000000000000000e+00,1.111254159697241811e-01,3.658689190368810684e-03,2.300000000000000000e+01
7.348059085236292276e+01,-1.609768804401339821e+02,2.000000000000000000e+00,1.148616924280786711e-01,2.198398202525986278e-03,5.000000000000000000e+00
7.348059085236292276e+01,-1.549768804401339821e+02,2.000000000000000000e+00,1.402148912322518370e-01,3.269000820446066324e-03,2.900000000000000000e+01
7.348059085236292276e+01,-1.529768804401339821e+02,2.000000000000000000e+00,1.450837598198957967e-01,5.892791977493261335e-03,2.800000000000000000e+01
7.348059085236292276e+01,-1.509768804401339821e+02,2.000000000000000000e+00,1.523995268331628239e-01,1.151014775407910307e-06,3.300000000000000000e+01
7.348059085236292276e+01,-1.489768804401339821e+02,2.000000000000000000e+00,1.523997618964174627e-01,8.598485596866822789e-07,3.900000000000000000e+01
7.348059085236292276e+01,-1.469768804401339821e+02,2.000000000000000000e+00,1.523998715618951338e-01,9.499197582696350395e-07,5.200000000000000000e+01
7.348059085236292276e+01,-1.449768804401339821e+02,2.000000000000000000e+00,2.000910210080419915e-04,1.522000019148214700e-01,8.500000000000000000e+01
7.348059085236292276e+01,-1.429768804401339821e+02,2.000000000000000000e+00,1.997991944048926991e-04,7.589534106067111034e-07,9.700000000000000000e+01
7.348059085236292276e+01,-1.409768804401339821e+02,2.000000000000000000e+00,1.998854747829348247e-04,5.802187427406341538e-07,1.300000000000000000e+02
7.348059085236292276e+01,-1.389768804401339821e+02,2.000000000000000000e+00,1.998994602084636139e-04,5.904207085238920381e-07,1.740000000000000000e+02
7.348059085236292276e+01,-1.369768804401339821e+02,2.000000000000000000e+00,1.998848111167905674e-04,5.717058986665242686e-07,2.390000000000000000e+02
7.348059085236292276e+01,-1.349768804401339821e+02,2.000000000000000000e+00,1.998838227579291527e-04,4.461599775185121075e-07,3.350000000000000000e+02
7.348059085236292276e+01,-1.329768804401339821e+02,2.000000000000000000e+00,1.998989131053896420e-04,5.517909615449065504e-07,3.050000000000000000e+02
7.348059085236292276e+01,-1.309768804401339821e+02,2.000000000000000000e+00,1.997321273636831762e-04,7.954177213775838386e-07,2.890000000000000000e+02
7.348059085236292276e+01,-1.289768804401339821e+02,2.000000000000000000e+00,1.997063648069286046e-04,8.525552239735390003e-07,2.910000000000000000e+02
7.348059085236292276e+01,-1.269768804401339821e+02,2.000000000000000000e+00,1.997832271697585983e-04,4.539993701847269518e-03,3.130000000000000000e+02
7.348059085236292276e+01,-1.249768804401339821e+02,2.000000000000000000e+00,1.501954707824897095e-01,2.204726327995731872e-03,3.680000000000000000e+02
7.348059085236292276e+01,-1.229768804401339821e+02,2.000000000000000000e+00,1.523998365041638325e-01,4.195653796057463580e-07,2.850000000000000000e+02
7.348059085236292276e+01,-1.209768804401339821e+02,2.000000000000000000e+00,1.523998103514614400e-01,4.925265124078315182e-07,2.060000000000000000e+02
7.348059085236292276e+01,-1.189768804401339821e+02,2.000000000000000000e+00,1.523997887550510022e-01,6.474230500042033043e-07,1.590000000000000000e+02
7.348059085236292276e+01,-1.169768804401339821e+02,2.000000000000000000e+00,1.523998140483810992e-01,5.557628264263314577e-07,1.310000000000000000e+02
7.348059085236292276e+01,-1.149768804401339821e+02,2.000000000000000000e+00,1.523998126873468695e-01,8.176982930763188051e-07,9.700000000000000000e+01
7.348059085236292276e+01,-1.129768804401339821e+02,2.000000000000000000e+00,1.523998759998788088e-01,7.732462424803188128e-07,7.600000000000000000e+01
7.348059085236292276e+01,-1.109768804401339821e+02,2.000000000000000000e+00,1.523998802947290621e-01,6.000285823759554660e-07,6.100000000000000000e+01
7.348059085236292276e+01,-1.089768804401339821e+02,2.000000000000000000e+00,1.523998438145679479e-01,8.265325688316949027e-07,5.600000000000000000e+01
7.348059085236292276e+01,-1.069768804401339821e+02,2.000000000000000000e+00,1.523999075936165737e-01,5.836661155778077870e-07,7.000000000000000000e+01
7.348059085236292276e+01,-1.049768804401339821e+02,2.000000000000000000e+00,1.523998615279230917e-01,4.449592442556937755e-07,3.200000000000000000e+01
7.348059085236292276e+01,-1.029768804401339821e+02,1.000000000000000000e+00,1.524000924111552635e-01,4.278966360127256507e-07,6.000000000000000000e+00
7.348059085236292276e+01,-1.014768804401339821e+02,5.000000000000000000e-01,5.878581304573649025e-01,2.839363645498907296e+00,5.400000000000000000e+01
7.398059085236292276e+01,-1.014768804401339821e+02,5.000000000000000000e-01,6.704279522634134514e-01,2.971408253038336778e+00,6.000000000000000000e+01
7.448059085236292276e+01,-1.029768804401339821e+02,1.000000000000000000e+00,1.524001680430863703e-01,5.763900349509132326e-07,7.000000000000000000e+00
7.448059085236292276e+01,-1.014768804401339821e+02,5.000000000000000000e-01,6.516671518814589614e-01,2.976751082066209086e+00,5.900000000000000000e+01
7.498059085236292276e+01,-1.014768804401339821e+02,5.000000000000000000e-01,6.283824435244048656e-01,3.096075282707214882e+00,8.500000000000000000e+01
7.348059085236292276e+01,-9.847688044013398212e+01,5.000000000000000000e-01,3.998555802733537945e+00,4.275030366141256977e+00,1.300000000000000000e+02
7.398059085236292276e+01,-9.847688044013398212e+01,5.000000000000000000e-01,3.549527481169030274e+00,4.523395938110300385e+00,1.160000000000000000e+02
7.348059085236292276e+01,-9.797688044013398212e+01,1.000000000000000000e+00,6.101103990458978110e+00,1.452831890279267846e+00,1.500000000000000000e+01
7.448059085236292276e+01,-9.847688044013398212e+01,5.000000000000000000e-01,4.448606890887028875e+00,3.928394209530270409e+00,8.600000000000000000e+01
7.498059085236292276e+01,-9.847688044013398212e+01,5.000000000000000000e-01,4.614030138958923999e+00,3.782108054608588787e+00,1.010000000000000000e+02
7.448059085236292276e+01,-9.797688044013398212e+01,5.000000000000000000e-01,3.033196300034749271e+00,3.700792811011716310e+00,3.100000000000000000e+01
7.498059085236292276e+01,-9.797688044013398212e+01,5.000000000000000000e-01,3.090474872162663811e+00,3.488438149666973853e+00,1.100000000000000000e+01
7.348059085236292276e+01,-8.397688044013398212e+01,5.000000000000000000e-01,2.746742640283630799e+00,1.561728298747501853e+00,8.000000000000000000e+01
7.348059085236292276e+01,-8.347688044013398212e+01,5.000000000000000000e-01,3.092467082074236817e+00,2.111089365869113887e+00,6.500000000000000000e+01
7.398059085236292276e+01,-8.397688044013398212e+01,5.000000000000000000e-01,2.422687179698021165e+00,1.907687693267658080e+00,6.900000000000000000e+01
7.398059085236292276e+01,-8.347688044013398212e+01,5.000000000000000000e-01,4.515433649848394460e+00,1.119981837371923028e+00,3.500000000000000000e+01
7.448059085236292276e+01,-8.397688044013398212e+01,5.000000000000000000e-01,2.081627313222212727e+00,2.084878291481484958e+00,5.200000000000000000e+01
7.448059085236292276e+01,-8.347688044013398212e+01,5.000000000000000000e-01,3.001736332754770142e+00,2.179354481865743320e+00,7.000000000000000000e+01
7.498059085236292276e+01,-8.347688044013398212e+01,5.000000000000000000e-01,1.024634160764382962e+00,3.825998032206208599e+00,1.650000000000000000e+02
7.348059085236292276e+01,-8.297688044013398212e+01,1.000000000000000000e+00,1.266341191918162634e+00,1.141307179120085946e+00,5.500000000000000000e+01
7.348059085236292276e+01,-8.197688044013398212e+01,1.000000000000000000e+00,7.087706381672516098e-01,1.007343210267999112e+00,8.500000000000000000e+01
7.448059085236292276e+01,-8.297688044013398212e+01,5.000000000000000000e-01,1.459744310789786503e+00,9.676461458453777809e-01,1.500000000000000000e+01
7.448059085236292276e+01,-8.247688044013398212e+01,5.000000000000000000e-01,1.229951233166210356e+00,8.825410886011242351e-01,2.300000000000000000e+01
7.498059085236292276e+01,-8.297688044013398212e+01,5.000000000000000000e-01,4.988440495155171406e-01,1.935193746875674137e+00,6.200000000000000000e+01
7.498059085236292276e+01,-8.247688044013398212e+01,5.000000000000000000e-01,3.570750226571155483e-01,1.699568964773271462e+00,5.500000000000000000e+01
7.448059085236292276e+01,-8.197688044013398212e+01,1.000000000000000000e+00,5.857360153931465696e-01,1.050047673796029146e+00,1.210000000000000000e+02
7.348059085236292276e+01,-8.097688044013398212e+01,1.000000000000000000e+00,2.734099459074796901e-01,7.219214572749995673e-01,5.700000000000000000e+01
7.448059085236292276e+01,-8.097688044013398212e+01,1.000000000000000000e+00,2.371139366555265471e-01,8.155484767990510697e-01,7.500000000000000000e+01
7.498059085236292276e+01,-7.947688044013398212e+01,5.000000000000000000e-01,2.461828890549784710e+00,2.539515543013391330e+00,9.000000000000000000e+00
7.348059085236292276e+01,-7.897688044013398212e+01,1.000000000000000000e+00,4.186043441295623779e+00,5.187328155171897492e-01,1.100000000000000000e+01
7.348059085236292276e+01,-7.797688044013398212e+01,1.000000000000000000e+00,4.154720923960685042e+00,4.554675868583029086e-01,6.000000000000000000e+00
7.448059085236292276e+01,-7.897688044013398212e+01,1.000000000000000000e+00,4.045073571749100871e+00,1.121935539228088530e+00,2.600000000000000000e+01
7.448059085236292276e+01,-7.797688044013398212e+01,1.000000000000000000e+00,4.053226143901504486e+00,2.946824848071392111e-01,2.000000000000000000e+01
7.398059085236292276e+01,-7.697688044013398212e+01,5.000000000000000000e-01,1.563359819424689823e+00,2.763400909209364542e+00,5.000000000000000000e+00
7.398059085236292276e+01,-7.647688044013398212e+01,5.000000000000000000e-01,1.151463548617606580e+00,4.845348027866349661e-01,1.400000000000000000e+01
7.348059085236292276e+01,-7.547688044013398212e+01,5.000000000000000000e-01,7.137855974182474306e-01,6.060096043100140495e-01,1.200000000000000000e+01
7.398059085236292276e+01,-7.547688044013398212e+01,5.000000000000000000e-01,1.120164652049906895e+00,3.375264024466112733e+00,1.600000000000000000e+01
7.448059085236292276e+01,-7.697688044013398212e+01,5.000000000000000000e-01,1.505142482178693397e+00,2.645122528866574285e+00,4.800000000000000000e+01
7.448059085236292276e+01,-7.647688044013398212e+01,5.000000000000000000e-01,1.524086176973111106e+00,2.546835617242107830e+00,2.160000000000000000e+02
7.498059085236292276e+01,-7.697688044013398212e+01,5.000000000000000000e-01,2.914864468832714661e-01,3.882567346363829053e+00,1.000000000000000000e+01
7.498059085236292276e+01,-7.647688044013398212e+01,5.000000000000000000e-01,1.043114096231263943e+00,3.431602334160539947e+00,1.300000000000000000e+01
7.448059085236292276e+01,-7.547688044013398212e+01,5.000000000000000000e-01,1.266943029584065350e+00,3.488346288333685763e+00,1.300000000000000000e+01
7.498059085236292276e+01,-7.547688044013398212e+01,5.000000000000000000e-01,1.112935089721961646e+00,2.163208800216638750e+00,1.000000000000000000e+01
7.348059085236292276e+01,-7.497688044013398212e+01,1.000000000000000000e+00,1.185625468123330389e-01,1.142779710752865663e+00,3.150000000000000000e+02
7.348059085236292276e+01,-7.397688044013398212e+01,1.000000000000000000e+00,1.998807346241804339e-04,2.874967076405053699e-07,8.400000000000000000e+01
7.448059085236292276e+01,-7.497688044013398212e+01,1.000000000000000000e+00,1.301924389947970440e-01,1.120807259927412813e+00,2.990000000000000000e+02
7.448059085236292276e+01,-7.397688044013398212e+01,1.000000000000000000e+00,1.999051916129109539e-04,4.737259875856882855e-07,8.600000000000000000e+01
7.348059085236292276e+01,-7.297688044013398212e+01,2.000000000000000000e+00,1.999180321515137029e-04,3.843799806224623694e-07,2.990000000000000000e+02
7.348059085236292276e+01,-7.097688044013398212e+01,2.000000000000000000e+00,1.999303781741623601e-04,2.978932618136252795e-07,2.850000000000000000e+02
7.348059085236292276e+01,-6.897688044013398212e+01,2.000000000000000000e+00,1.999213757145401670e-04,3.143119720161295389e-07,3.040000000000000000e+02
7.348059085236292276e+01,-6.697688044013398212e+01,2.000000000000000000e+00,1.999134253927614571e-04,2.758543201864189012e-07,3.330000000000000000e+02
7.348059085236292276e+01,-6.497688044013398212e+01,2.000000000000000000e+00,1.998903148198838517e-04,5.263278799905071574e-07,3.130000000000000000e+02
7.348059085236292276e+01,-6.297688044013398212e+01,2.000000000000000000e+00,1.999659432732059372e-04,1.522002908461392856e-01,2.560000000000000000e+02
7.348059085236292276e+01,-6.097688044013398212e+01,1.000000000000000000e+00,1.523999100472424040e-01,5.102530085278254024e-01,6.600000000000000000e+01
7.348059085236292276e+01,-5.997688044013398212e+01,1.000000000000000000e+00,1.523998779949562454e-01,9.338811090818563976e-01,4.400000000000000000e+01
7.448059085236292276e+01,-6.097688044013398212e+01,1.000000000000000000e+00,1.524000530543578036e-01,1.093064837905318942e+00,9.900000000000000000e+01
7.448059085236292276e+01,-5.997688044013398212e+01,1.000000000000000000e+00,1.679060685860930824e-01,1.154225902878799781e+00,6.000000000000000000e+01
7.348059085236292276e+01,-5.897688044013398212e+01,2.000000000000000000e+00,1.523998765671567557e-01,4.303664600802115103e-07,3.700000000000000000e+01
7.348059085236292276e+01,-5.697688044013398212e+01,1.000000000000000000e+00,1.523999341470239632e-01,6.534864042118115890e-07,1.200000000000000000e+01
7.348059085236292276e+01,-5.597688044013398212e+01,5.000000000000000000e-01,1.523999950522034186e-01,1.401469458012227776e-06,5.000000000000000000e+00
7.348059085236292276e+01,-5.547688044013398212e+01,5.000000000000000000e-01,7.150825849920818822e-01,4.117544420713133313e+00,9.800000000000000000e+01
7.398059085236292276e+01,-5.597688044013398212e+01,5.000000000000000000e-01,1.523997699960049079e-01,4.846300116767565669e-07,6.000000000000000000e+00
7.398059085236292276e+01,-5.547688044013398212e+01,5.000000000000000000e-01,6.760857501421664306e-01,4.105130312202560638e+00,7.600000000000000000e+01
7.448059085236292276e+01,-5.697688044013398212e+01,1.000000000000000000e+00,1.523998389690861543e-01,4.477292498972218482e-07,1.100000000000000000e+01
7.448059085236292276e+01,-5.597688044013398212e+01,5.000000000000000000e-01,1.523999023528213037e-01,2.475104683430373598e-07,6.000000000000000000e+00
7.448059085236292276e+01,-5.547688044013398212e+01,5.000000000000000000e-01,7.189005541137947208e-01,4.116110660442003244e+00,9.400000000000000000e+01
7.498059085236292276e+01,-5.547688044013398212e+01,5.000000000000000000e-01,6.315367875800601549e-01,4.147120604501457031e+00,9.900000000000000000e+01
7.348059085236292276e+01,-5.497688044013398212e+01,5.000000000000000000e-01,1.589536015160711857e+00,4.955715294570961049e+00,8.700000000000000000e+01
7.398059085236292276e+01,-5.497688044013398212e+01,5.000000000000000000e-01,1.710821855521398982e+00,4.341940380295298496e+00,7.900000000000000000e+01
7.448059085236292276e+01,-5.497688044013398212e+01,5.000000000000000000e-01,1.697502147290571139e+00,4.908999283159173110e+00,9.400000000000000000e+01
7.498059085236292276e+01,-5.497688044013398212e+01,5.000000000000000000e-01,1.435126667202259121e+00,4.857386488743204112e+00,1.000000000000000000e+02
7.548059085236292276e+01,-1.789768804401339821e+02,2.000000000000000000e+00,5.421112721826846365e-02,3.031684570225373632e-04,5.000000000000000000e+00
7.548059085236292276e+01,-1.769768804401339821e+02,2.000000000000000000e+00,5.527377793893952646e-02,3.775490987929508435e-03,1.900000000000000000e+01
7.548059085236292276e+01,-1.629768804401339821e+02,2.000000000000000000e+00,1.116735024993022185e-01,1.863369238760195779e-03,2.300000000000000000e+01
7.548059085236292276e+01,-1.609768804401339821e+02,2.000000000000000000e+00,1.149370637687286284e-01,4.291129712211752545e-03,1.000000000000000000e+01
7.548059085236292276e+01,-1.549768804401339821e+02,2.000000000000000000e+00,1.405825981451704065e-01,2.349872646449785440e-03,2.000000000000000000e+01
7.548059085236292276e+01,-1.529768804401339821e+02,2.000000000000000000e+00,1.440489365439399927e-01,4.345239761422731162e-03,1.900000000000000000e+01
7.548059085236292276e+01,-1.509768804401339821e+02,2.000000000000000000e+00,1.510010771975677513e-01,1.400564162807593771e-03,2.400000000000000000e+01
7.548059085236292276e+01,-1.489768804401339821e+02,2.000000000000000000e+00,1.523997769720057960e-01,5.131231768373822888e-07,4.100000000000000000e+01
7.548059085236292276e+01,-1.469768804401339821e+02,2.000000000000000000e+00,1.523998996832102715e-01,1.002510765790720626e-06,4.900000000000000000e+01
7.548059085236292276e+01,-1.449768804401339821e+02,2.000000000000000000e+00,1.614279776263849572e-03,1.507862687987328310e-01,9.500000000000000000e+01
7.548059085236292276e+01,-1.429768804401339821e+02,2.000000000000000000e+00,1.998198279662410926e-04,7.330489806500696450e-07,8.400000000000000000e+01
7.548059085236292276e+01,-1.409768804401339821e+02,2.000000000000000000e+00,1.998861673270013793e-04,7.426961074585684570e-07,1.090000000000000000e+02
7.548059085236292276e+01,-1.389768804401339821e+02,2.000000000000000000e+00,1.999282165542126731e-04,6.620944135171669132e-07,1.670000000000000000e+02
7.548059085236292276e+01,-1.369768804401339821e+02,2.000000000000000000e+00,1.999181073697897551e-04,5.110506188899075104e-07,2.290000000000000000e+02
7.548059085236292276e+01,-1.349768804401339821e+02,2.000000000000000000e+00,1.999614640146418873e-04,3.820269525389664769e-07,3.070000000000000000e+02
7.548059085236292276e+01,-1.329768804401339821e+02,2.000000000000000000e+00,1.999778014706521335e-04,4.283475234401364334e-07,3.240000000000000000e+02
7.548059085236292276e+01,-1.309768804401339821e+02,2.000000000000000000e+00,1.997719928680474712e-04,7.541141820777196112e-07,2.940000000000000000e+02
7.548059085236292276e+01,-1.289768804401339821e+02,2.000000000000000000e+00,1.997131437216914662e-04,6.632829102737433820e-07,2.780000000000000000e+02
7.548059085236292276e+01,-1.269768804401339821e+02,2.000000000000000000e+00,1.997807242382520945e-04,6.535356520176503845e-07,2.990000000000000000e+02
7.548059085236292276e+01,-1.249768804401339821e+02,2.000000000000000000e+00,2.000421043321765177e-04,1.522000428844523801e-01,3.780000000000000000e+02
7.548059085236292276e+01,-1.229768804401339821e+02,2.000000000000000000e+00,1.523998256945415797e-01,4.058072544665947134e-07,3.110000000000000000e+02
7.548059085236292276e+01,-1.209768804401339821e+02,2.000000000000000000e+00,1.523997806291946533e-01,5.420380500553712011e-07,2.590000000000000000e+02
7.548059085236292276e+01,-1.189768804401339821e+02,2.000000000000000000e+00,1.523998294654112517e-01,5.956354413583220264e-07,1.950000000000000000e+02
7.548059085236292276e+01,-1.169768804401339821e+02,2.000000000000000000e+00,1.523998685723722268e-01,6.988659072282299434e-07,1.480000000000000000e+02
7.548059085236292276e+01,-1.149768804401339821e+02,2.000000000000000000e+00,1.523998251570403417e-01,8.245745993507025418e-07,1.170000000000000000e+02
7.548059085236292276e+01,-1.129768804401339821e+02,2.000000000000000000e+00,1.523998572797229945e-01,5.767533372835753624e-07,9.800000000000000000e+01
7.548059085236292276e+01,-1.109768804401339821e+02,2.000000000000000000e+00,1.523998217046345915e-01,8.768315217511091220e-07,7.800000000000000000e+01
7.548059085236292276e+01,-1.089768804401339821e+02,2.000000000000000000e+00,1.523998600515152069e-01,9.547836219703231819e-07,8.200000000000000000e+01
7.548059085236292276e+01,-1.069768804401339821e+02,2.000000000000000000e+00,1.523999046664892276e-01,8.936740512888174948e-07,4.700000000000000000e+01
7.548059085236292276e+01,-1.049768804401339821e+02,2.000000000000000000e+00,1.523998993459028672e-01,7.557314355421951291e-07,5.000000000000000000e+01
7.548059085236292276e+01,-1.029768804401339821e+02,1.000000000000000000e+00,1.523999863688363932e-01,7.689090275597720847e-07,1.500000000000000000e+01
7.548059085236292276e+01,-1.014768804401339821e+02,5.000000000000000000e-01,5.744391147456888724e-01,1.823619168887794739e+00,5.400000000000000000e+01
7.598059085236292276e+01,-1.014768804401339821e+02,5.000000000000000000e-01,7.624324208005123227e-01,2.882306368890572568e+00,6.900000000000000000e+01
7.648059085236292276e+01,-1.029768804401339821e+02,1.000000000000000000e+00,1.523999734514096538e-01,9.686464261249305707e-07,1.400000000000000000e+01
7.648059085236292276e+01,-1.019768804401339821e+02,5.000000000000000000e-01,1.523998334631573859e-01,5.557248146381699172e-07,1.000000000000000000e+01
7.648059085236292276e+01,-1.014768804401339821e+02,5.000000000000000000e-01,5.972398965267791127e-01,3.043224696692800268e+00,6.100000000000000000e+01
7.698059085236292276e+01,-1.014768804401339821e+02,5.000000000000000000e-01,5.992303469362331159e-01,1.803638656921739081e+00,7.200000000000000000e+01
7.548059085236292276e+01,-9.847688044013398212e+01,5.000000000000000000e-01,4.058298706526841215e+00,4.050192280876144579e+00,1.280000000000000000e+02
7.598059085236292276e+01,-9.847688044013398212e+01,5.000000000000000000e-01,4.219017238579608531e+00,3.919594692000405445e+00,9.600000000000000000e+01
7.598059085236292276e+01,-9.797688044013398212e+01,5.000000000000000000e-01,3.019464725922725190e+00,3.804606561356334904e+00,1.100000000000000000e+01
7.648059085236292276e+01,-9.847688044013398212e+01,5.000000000000000000e-01,4.563235891062522143e+00,3.996001466701306626e+00,9.400000000000000000e+01
7.698059085236292276e+01,-9.847688044013398212e+01,5.000000000000000000e-01,3.786682840754212354e+00,4.567843089614946450e+00,1.070000000000000000e+02
7.648059085236292276e+01,-9.797688044013398212e+01,5.000000000000000000e-01,3.370849076061630534e+00,3.316596081783432126e+00,3.100000000000000000e+01
7.698059085236292276e+01,-9.797688044013398212e+01,5.000000000000000000e-01,5.999054911236485488e+00,2.811721324586391013e+00,2.500000000000000000e+01
7.548059085236292276e+01,-8.347688044013398212e+01,5.000000000000000000e-01,9.084593797298869955e-01,3.932862517188401519e+00,1.470000000000000000e+02
7.598059085236292276e+01,-8.347688044013398212e+01,5.000000000000000000e-01,9.148984263993831245e-01,3.723881611662586799e+00,1.660000000000000000e+02
7.648059085236292276e+01,-8.347688044013398212e+01,5.000000000000000000e-01,9.135820907461144058e-01,3.804995110512590983e+00,1.740000000000000000e+02
7.698059085236292276e+01,-8.347688044013398212e+01,5.000000000000000000e-01,9.145411238930698516e-01,3.750423939681640562e+00,1.570000000000000000e+02
7.548059085236292276e+01,-8.297688044013398212e+01,1.000000000000000000e+00,4.914636070544942115e+00,1.990284569673024251e-01,2.600000000000000000e+01
7.548059085236292276e+01,-8.197688044013398212e+01,1.000000000000000000e+00,5.097995865496380397e+00,5.134559448899471690e-01,9.000000000000000000e+00
7.648059085236292276e+01,-8.297688044013398212e+01,1.000000000000000000e+00,4.914636135101318359e+00,1.143919708100904487e+00,3.100000000000000000e+01
7.648059085236292276e+01,-8.197688044013398212e+01,1.000000000000000000e+00,5.261522538124856929e+00,1.085873442218272089e+00,1.400000000000000000e+01
7.548059085236292276e+01,-8.097688044013398212e+01,5.000000000000000000e-01,2.007145296947757396e-01,7.373915528485924797e-01,1.200000000000000000e+01
7.548059085236292276e+01,-8.047688044013398212e+01,5.000000000000000000e-01,1.562170341193563350e-01,6.484661517502143369e+00,8.000000000000000000e+00
7.598059085236292276e+01,-8.097688044013398212e+01,5.000000000000000000e-01,2.278536790815248181e-01,7.135374012718200820e-01,1.200000000000000000e+01
7.598059085236292276e+01,-8.047688044013398212e+01,5.000000000000000000e-01,1.658739190639231253e-01,5.850067962180081516e+00,6.000000000000000000e+00
7.548059085236292276e+01,-7.997688044013398212e+01,5.000000000000000000e-01,1.523999586344017554e-01,6.191774994376209484e+00,7.000000000000000000e+00
7.548059085236292276e+01,-7.947688044013398212e+01,5.000000000000000000e-01,4.021596671271035817e+00,2.322953821700552979e+00,1.200000000000000000e+01
7.598059085236292276e+01,-7.997688044013398212e+01,5.000000000000000000e-01,1.523999478391425966e-01,5.926728215754574869e+00,1.000000000000000000e+01
7.598059085236292276e+01,-7.947688044013398212e+01,5.000000000000000000e-01,4.441539490120834266e+00,1.629002770711861281e+00,9.000000000000000000e+00
7.648059085236292276e+01,-8.097688044013398212e+01,1.000000000000000000e+00,1.561788106892293970e-01,7.596244755424810258e-01,2.300000000000000000e+01
7.648059085236292276e+01,-7.947688044013398212e+01,5.000000000000000000e-01,9.987937289906045901e-01,3.990525586869072328e+00,7.000000000000000000e+00
7.548059085236292276e+01,-7.897688044013398212e+01,1.000000000000000000e+00,3.936725648990058168e+00,1.299540730092074270e+00,3.000000000000000000e+01
7.548059085236292276e+01,-7.797688044013398212e+01,1.000000000000000000e+00,3.863539204017027551e+00,5.451229071546928040e-01,5.600000000000000000e+01
7.648059085236292276e+01,-7.897688044013398212e+01,5.000000000000000000e-01,4.211715178052160446e+00,8.544687601753739870e-01,1.300000000000000000e+01
7.648059085236292276e+01,-7.847688044013398212e+01,5.000000000000000000e-01,3.882239146515833905e+00,2.122973081589034638e+00,1.500000000000000000e+01
7.698059085236292276e+01,-7.897688044013398212e+01,5.000000000000000000e-01,4.567501819180542988e+00,1.547799537106610224e+00,7.000000000000000000e+00
7.698059085236292276e+01,-7.847688044013398212e+01,5.000000000000000000e-01,4.336060070183441972e+00,1.083842184758696092e+00,9.000000000000000000e+00
7.648059085236292276e+01,-7.797688044013398212e+01,1.000000000000000000e+00,4.023018995485371896e+00,1.385185716550306090e+00,4.900000000000000000e+01
7.548059085236292276e+01,-7.697688044013398212e+01,1.000000000000000000e+00,4.099227643815503974e+00,4.620506809069837573e-01,3.200000000000000000e+01
7.548059085236292276e+01,-7.547688044013398212e+01,5.000000000000000000e-01,1.182283909321209858e+00,1.886143408000582333e-01,1.100000000000000000e+01
7.598059085236292276e+01,-7.597688044013398212e+01,5.000000000000000000e-01,4.321310070739988518e+00,3.319122998653298851e-01,8.000000000000000000e+00
7.598059085236292276e+01,-7.547688044013398212e+01,5.000000000000000000e-01,1.200574214650838689e+00,3.505201605445924073e+00,2.400000000000000000e+01
7.648059085236292276e+01,-7.697688044013398212e+01,1.000000000000000000e+00,4.399462458610110538e+00,1.012440793464449484e+00,3.600000000000000000e+01
7.648059085236292276e+01,-7.547688044013398212e+01,5.000000000000000000e-01,1.096516660371991803e+00,3.341782924487366024e+00,2.400000000000000000e+01
7.698059085236292276e+01,-7.597688044013398212e+01,5.000000000000000000e-01,4.551085644166336763e+00,2.153665617011757405e-01,6.000000000000000000e+00
7.698059085236292276e+01,-7.547688044013398212e+01,5.000000000000000000e-01,8.158941258647460781e-01,3.741781674551444503e+00,1.600000000000000000e+01
7.548059085236292276e+01,-7.497688044013398212e+01,1.000000000000000000e+00,1.137703175366565206e-01,1.148255806338698060e+00,3.000000000000000000e+02
7.548059085236292276e+01,-7.397688044013398212e+01,5.000000000000000000e-01,1.999465270161593367e-04,3.158320494023314495e-07,2.100000000000000000e+01
7.548059085236292276e+01,-7.347688044013398212e+01,5.000000000000000000e-01,1.999375959881089014e-04,4.162732732058018748e+00,2.500000000000000000e+01
7.598059085236292276e+01,-7.397688044013398212e+01,5.000000000000000000e-01,1.999418151260812183e-04,3.445248033528969245e-07,2.500000000000000000e+01
7.598059085236292276e+01,-7.347688044013398212e+01,5.000000000000000000e-01,2.000110820732459247e-04,5.824169254440715982e+00,1.900000000000000000e+01
7.648059085236292276e+01,-7.497688044013398212e+01,5.000000000000000000e-01,3.427977125596626817e-01,9.619424845368609311e-01,1.330000000000000000e+02
7.648059085236292276e+01,-7.447688044013398212e+01,5.000000000000000000e-01,1.148879881621978115e-03,5.038641109812966867e+00,3.300000000000000000e+01
7.698059085236292276e+01,-7.497688044013398212e+01,5.000000000000000000e-01,2.808827427311394453e-01,3.563797256248498968e+00,1.450000000000000000e+02
7.698059085236292276e+01,-7.447688044013398212e+01,5.000000000000000000e-01,1.231924440077136751e-03,4.918353538260336499e+00,2.700000000000000000e+01
7.648059085236292276e+01,-7.397688044013398212e+01,5.000000000000000000e-01,1.999782545677764067e-04,4.885805191127940539e+00,3.400000000000000000e+01
7.648059085236292276e+01,-7.347688044013398212e+01,5.000000000000000000e-01,1.999381465798884543e-04,2.976892891685143927e-01,2.000000000000000000e+01
7.698059085236292276e+01,-7.397688044013398212e+01,5.000000000000000000e-01,1.999717376862442163e-04,4.992099086648928541e+00,2.700000000000000000e+01
7.698059085236292276e+01,-7.347688044013398212e+01,5.000000000000000000e-01,1.998695592802412937e-04,5.246611818810249517e+00,2.200000000000000000e+01
7.548059085236292276e+01,-7.297688044013398212e+01,2.000000000000000000e+00,1.999306309775628065e-04,5.293548041907013366e-07,3.030000000000000000e+02
7.548059085236292276e+01,-7.097688044013398212e+01,2.000000000000000000e+00,1.999015366016543283e-04,3.954521827109649772e-07,3.070000000000000000e+02
7.548059085236292276e+01,-6.897688044013398212e+01,2.000000000000000000e+00,1.999063168890202801e-04,3.250049727121506749e-07,3.100000000000000000e+02
7.548059085236292276e+01,-6.697688044013398212e+01,2.000000000000000000e+00,1.999190133489037234e-04,3.232675660935660326e-07,3.350000000000000000e+02
7.548059085236292276e+01,-6.497688044013398212e+01,5.000000000000000000e-01,1.999350573482772120e-04,2.939493962406114491e-07,2.600000000000000000e+01
7.548059085236292276e+01,-6.447688044013398212e+01,5.000000000000000000e-01,1.999334194762170114e-04,4.933201871378211756e+00,2.600000000000000000e+01
7.598059085236292276e+01,-6.497688044013398212e+01,5.000000000000000000e-01,1.998760924922571346e-04,6.787822837187264646e+00,1.800000000000000000e+01
7.598059085236292276e+01,-6.447688044013398212e+01,5.000000000000000000e-01,1.998350180119956630e-04,7.710711465992559077e+00,2.500000000000000000e+01
7.548059085236292276e+01,-6.397688044013398212e+01,5.000000000000000000e-01,1.999906216195945720e-04,6.861621463571926149e+00,1.900000000000000000e+01
7.548059085236292276e+01,-6.347688044013398212e+01,5.000000000000000000e-01,1.999093860540313125e-04,5.957428953283726791e+00,2.000000000000000000e+01
7.598059085236292276e+01,-6.397688044013398212e+01,5.000000000000000000e-01,1.999153966856681455e-04,6.778798709184225224e+00,1.700000000000000000e+01
7.598059085236292276e+01,-6.347688044013398212e+01,5.000000000000000000e-01,1.998547249684179405e-04,6.333694173945936257e+00,2.600000000000000000e+01
7.648059085236292276e+01,-6.497688044013398212e+01,5.000000000000000000e-01,1.998397711737709415e-04,3.776528054721950411e-07,2.100000000000000000e+01
7.648059085236292276e+01,-6.447688044013398212e+01,5.000000000000000000e-01,1.999050188680406793e-04,6.957602815850434830e+00,2.700000000000000000e+01
7.698059085236292276e+01,-6.497688044013398212e+01,5.000000000000000000e-01,1.999193167585566755e-04,2.885783652040174729e-07,2.100000000000000000e+01
7.698059085236292276e+01,-6.447688044013398212e+01,5.000000000000000000e-01,1.998553913608702552e-04,6.714777766163692263e+00,2.300000000000000000e+01
7.648059085236292276e+01,-6.397688044013398212e+01,5.000000000000000000e-01,1.998822900554753199e-04,6.668330372259359429e+00,1.800000000000000000e+01
7.648059085236292276e+01,-6.347688044013398212e+01,5.000000000000000000e-01,1.998707871276206196e-04,6.315745544161736724e+00,1.900000000000000000e+01
7.698059085236292276e+01,-6.397688044013398212e+01,5.000000000000000000e-01,1.999290535245279389e-04,5.858725623360089507e+00,2.200000000000000000e+01
7.698059085236292276e+01,-6.347688044013398212e+01,5.000000000000000000e-01,1.999159966862507022e-04,4.517767095907728958e+00,2.500000000000000000e+01
7.548059085236292276e+01,-6.297688044013398212e+01,2.000000000000000000e+00,2.000059725526082241e-04,1.522008939820509998e-01,2.240000000000000000e+02
7.548059085236292276e+01,-6.097688044013398212e+01,5.000000000000000000e-01,1.524002505909783645e-01,4.621119240938177386e-01,4.000000000000000000e+01
7.548059085236292276e+01,-6.047688044013398212e+01,5.000000000000000000e-01,6.562963896846040202e-01,4.139075611937456101e-01,6.000000000000000000e+00
7.598059085236292276e+01,-6.097688044013398212e+01,5.000000000000000000e-01,1.587844992712722780e-01,4.537759852735100408e-01,2.700000000000000000e+01
7.598059085236292276e+01,-6.047688044013398212e+01,5.000000000000000000e-01,1.056268623092011527e+00,3.341248083576628058e+00,1.360000000000000000e+02
7.548059085236292276e+01,-5.997688044013398212e+01,5.000000000000000000e-01,6.657487246954120197e-01,7.071128305627604194e-01,1.300000000000000000e+01
7.598059085236292276e+01,-5.997688044013398212e+01,5.000000000000000000e-01,1.860515854218207643e+00,2.651007056381716076e+00,1.900000000000000000e+01
7.648059085236292276e+01,-6.097688044013398212e+01,5.000000000000000000e-01,1.776911794838767489e-01,4.643454521541329760e-01,3.200000000000000000e+01
7.648059085236292276e+01,-6.047688044013398212e+01,5.000000000000000000e-01,1.997192967493519378e+00,3.254827474379813346e+00,1.940000000000000000e+02
7.698059085236292276e+01,-6.097688044013398212e+01,5.000000000000000000e-01,1.523999794255082030e-01,3.873742911728298433e-01,2.200000000000000000e+01
7.698059085236292276e+01,-6.047688044013398212e+01,5.000000000000000000e-01,1.989550217928015008e-01,4.663632438121155244e-01,2.500000000000000000e+01
7.648059085236292276e+01,-5.997688044013398212e+01,5.000000000000000000e-01,9.712793789448548321e-01,3.780387966395664101e+00,5.000000000000000000e+01
7.698059085236292276e+01,-5.997688044013398212e+01,5.000000000000000000e-01,1.565569836566309547e-01,4.371121170639735709e-01,1.800000000000000000e+01
7.698059085236292276e+01,-5.947688044013398212e+01,5.000000000000000000e-01,1.524002926939376223e-01,4.796634136643684876e-01,1.100000000000000000e+01
7.548059085236292276e+01,-5.897688044013398212e+01,2.000000000000000000e+00,1.523999119414191361e-01,5.038843523201115282e-01,3.900000000000000000e+01
7.548059085236292276e+01,-5.697688044013398212e+01,1.000000000000000000e+00,1.523998343030426861e-01,1.395898054229460783e-06,1.200000000000000000e+01
7.548059085236292276e+01,-5.547688044013398212e+01,5.000000000000000000e-01,7.323819652718650541e-01,4.040687485303518400e+00,9.500000000000000000e+01
7.598059085236292276e+01,-5.597688044013398212e+01,5.000000000000000000e-01,1.523999406898816633e-01,9.823527820640443053e-07,7.000000000000000000e+00
7.598059085236292276e+01,-5.547688044013398212e+01,5.000000000000000000e-01,6.442598362230264053e-01,4.132176445351068317e+00,9.100000000000000000e+01
7.648059085236292276e+01,-5.697688044013398212e+01,1.000000000000000000e+00,1.523997338863717077e-01,1.102844252892642984e-06,1.000000000000000000e+01
7.648059085236292276e+01,-5.597688044013398212e+01,5.000000000000000000e-01,1.523998882742116368e-01,3.824788068207407576e-07,7.000000000000000000e+00
7.648059085236292276e+01,-5.547688044013398212e+01,5.000000000000000000e-01,7.287551241757912468e-01,5.466943919578986844e+00,1.170000000000000000e+02
7.698059085236292276e+01,-5.547688044013398212e+01,5.000000000000000000e-01,1.013328675298398096e+00,4.539881041853163879e+00,1.340000000000000000e+02
7.548059085236292276e+01,-5.497688044013398212e+01,5.000000000000000000e-01,1.642698366065881599e+00,4.391493594790642163e+00,8.800000000000000000e+01
7.598059085236292276e+01,-5.497688044013398212e+01,5.000000000000000000e-01,1.677259240966301412e+00,4.681275631774731494e+00,7.800000000000000000e+01
7.648059085236292276e+01,-5.497688044013398212e+01,5.000000000000000000e-01,1.368338422924752162e+00,3.916948689286142038e+00,6.800000000000000000e+01
7.698059085236292276e+01,-5.497688044013398212e+01,5.000000000000000000e-01,1.429441074796154787e+00,1.669093927445588488e+00,4.700000000000000000e+01
7.748059085236292276e+01,-1.769768804401339821e+02,2.000000000000000000e+00,5.559522155443419322e-02,4.069045100259294223e-03,1.600000000000000000e+01
7.748059085236292276e+01,-1.609768804401339821e+02,2.000000000000000000e+00,1.126365529606400406e-01,6.112714216472248108e-03,1.900000000000000000e+01
7.748059085236292276e+01,-1.549768804401339821e+02,2.000000000000000000e+00,1.404260624387903000e-01,7.352050728139380986e-04,8.000000000000000000e+00
7.748059085236292276e+01,-1.529768804401339821e+02,2.000000000000000000e+00,1.423878414364526113e-01,5.638450618234563949e-03,3.400000000000000000e+01
7.748059085236292276e+01,-1.509768804401339821e+02,2.000000000000000000e+00,1.499347827507048758e-01,2.475810837521907892e-03,2.000000000000000000e+01
7.748059085236292276e+01,-1.489768804401339821e+02,2.000000000000000000e+00,1.523997868219035823e-01,1.248341166437683114e-06,4.100000000000000000e+01
7.748059085236292276e+01,-1.469768804401339821e+02,2.000000000000000000e+00,1.523997453806597291e-01,8.364758181944598192e-07,3.900000000000000000e+01
7.748059085236292276e+01,-1.449768804401339821e+02,2.000000000000000000e+00,2.531901538186458536e-02,1.270813891353309300e-01,9.500000000000000000e+01
7.748059085236292276e+01,-1.429768804401339821e+02,2.000000000000000000e+00,1.998569287300355768e-04,3.252309794134155239e-04,9.000000000000000000e+01
7.748059085236292276e+01,-1.409768804401339821e+02,2.000000000000000000e+00,1.997940504399053907e-04,8.564634961238937194e-07,1.010000000000000000e+02
7.748059085236292276e+01,-1.389768804401339821e+02,2.000000000000000000e+00,1.999367420669528937e-04,6.772585160241871658e-07,1.540000000000000000e+02
7.748059085236292276e+01,-1.369768804401339821e+02,2.000000000000000000e+00,1.999277907694718746e-04,6.041206577655946867e-07,1.990000000000000000e+02
7.748059085236292276e+01,-1.349768804401339821e+02,2.000000000000000000e+00,1.999114106496779897e-04,5.230718654325450245e-07,2.960000000000000000e+02
7.748059085236292276e+01,-1.329768804401339821e+02,2.000000000000000000e+00,1.998921938788811195e-04,4.328972689649098187e-07,3.300000000000000000e+02
7.748059085236292276e+01,-1.309768804401339821e+02,2.000000000000000000e+00,1.997952635917362276e-04,6.534869128568040336e-07,2.820000000000000000e+02
7.748059085236292276e+01,-1.289768804401339821e+02,2.000000000000000000e+00,1.996915907989560315e-04,6.982468606864461816e-07,2.850000000000000000e+02
7.748059085236292276e+01,-1.269768804401339821e+02,2.000000000000000000e+00,1.997438314462751663e-04,6.668849563684631221e-07,3.010000000000000000e+02
7.748059085236292276e+01,-1.249768804401339821e+02,2.000000000000000000e+00,1.998406691534171495e-04,8.395328775180835312e-02,3.290000000000000000e+02
7.748059085236292276e+01,-1.229768804401339821e+02,2.000000000000000000e+00,1.523995569013523732e-01,6.655321852788720349e-07,3.670000000000000000e+02
7.748059085236292276e+01,-1.209768804401339821e+02,2.000000000000000000e+00,1.523998323123124110e-01,5.064317355474301507e-07,2.670000000000000000e+02
7.748059085236292276e+01,-1.189768804401339821e+02,2.000000000000000000e+00,1.523998818690861512e-01,5.237847569006248705e-07,2.210000000000000000e+02
7.748059085236292276e+01,-1.169768804401339821e+02,2.000000000000000000e+00,1.523997926470879172e-01,6.074451014415060968e-07,1.760000000000000000e+02
7.748059085236292276e+01,-1.149768804401339821e+02,2.000000000000000000e+00,1.523998117069287339e-01,6.704267712653866340e-07,1.460000000000000000e+02
7.748059085236292276e+01,-1.129768804401339821e+02,2.000000000000000000e+00,1.523998129840011262e-01,9.190631993782893971e-07,1.300000000000000000e+02
7.748059085236292276e+01,-1.109768804401339821e+02,2.000000000000000000e+00,1.523998457538121853e-01,9.672229115686992174e-07,1.040000000000000000e+02
7.748059085236292276e+01,-1.089768804401339821e+02,2.000000000000000000e+00,1.523998630978905255e-01,9.572537431334904312e-07,6.900000000000000000e+01
7.748059085236292276e+01,-1.069768804401339821e+02,2.000000000000000000e+00,1.523998327322093616e-01,8.343935425925153027e-07,8.400000000000000000e+01
7.748059085236292276e+01,-1.049768804401339821e+02,2.000000000000000000e+00,1.523998888202826585e-01,9.542009720142630158e-07,6.100000000000000000e+01
7.748059085236292276e+01,-1.029768804401339821e+02,1.000000000000000000e+00,1.523998265522473194e-01,1.222103348907932485e-06,9.000000000000000000e+00
7.748059085236292276e+01,-1.019768804401339821e+02,5.000000000000000000e-01,1.523998084211072579e-01,6.630468760704388842e-07,5.000000000000000000e+00
7.748059085236292276e+01,-1.014768804401339821e+02,5.000000000000000000e-01,5.705418111072451115e-01,3.110175034854962384e+00,6.900000000000000000e+01
7.798059085236292276e+01,-1.014768804401339821e+02,5.000000000000000000e-01,6.753287445584862381e-01,2.996360772294298425e+00,7.000000000000000000e+01
7.848059085236292276e+01,-1.029768804401339821e+02,1.000000000000000000e+00,1.524001857293089957e-01,8.668532228695013941e-07,8.000000000000000000e+00
7.848059085236292276e+01,-1.014768804401339821e+02,5.000000000000000000e-01,8.490931549528044631e-01,2.827158470396398116e+00,7.000000000000000000e+01
7.898059085236292276e+01,-1.014768804401339821e+02,5.000000000000000000e-01,6.310050587314479653e-01,1.776866997065931431e+00,7.300000000000000000e+01
7.848059085236292276e+01,-9.947688044013398212e+01,5.000000000000000000e-01,6.205966654021090712e+00,2.821240109599664869e+00,1.300000000000000000e+01
7.898059085236292276e+01,-9.997688044013398212e+01,5.000000000000000000e-01,5.701198927122234750e+00,2.481443712495721599e+00,4.300000000000000000e+01
7.898059085236292276e+01,-9.947688044013398212e+01,5.000000000000000000e-01,5.445178054211717189e+00,3.733253214889958649e+00,3.800000000000000000e+01
7.748059085236292276e+01,-9.847688044013398212e+01,5.000000000000000000e-01,3.878841656145359362e+00,4.195833341543393047e+00,1.340000000000000000e+02
7.798059085236292276e+01,-9.847688044013398212e+01,5.000000000000000000e-01,3.449905955941228175e+00,4.962638261644649162e+00,1.080000000000000000e+02
7.848059085236292276e+01,-9.897688044013398212e+01,5.000000000000000000e-01,5.628886112564484456e+00,3.680408339675758533e+00,5.500000000000000000e+01
7.848059085236292276e+01,-9.847688044013398212e+01,5.000000000000000000e-01,3.443874180302268773e+00,4.393884062585161843e+00,8.600000000000000000e+01
7.898059085236292276e+01,-9.897688044013398212e+01,5.000000000000000000e-01,4.914636411650851855e+00,4.252406650454295445e+00,6.000000000000000000e+00
7.898059085236292276e+01,-9.847688044013398212e+01,5.000000000000000000e-01,3.389650947710789897e+00,1.519898449825863640e+00,5.300000000000000000e+01
7.848059085236292276e+01,-9.797688044013398212e+01,1.000000000000000000e+00,2.868931126098716256e+00,4.510817248951140002e-01,1.400000000000000000e+01
7.748059085236292276e+01,-8.347688044013398212e+01,5.000000000000000000e-01,9.178320462003632940e-01,3.910985053209149243e+00,1.650000000000000000e+02
7.798059085236292276e+01,-8.347688044013398212e+01,5.000000000000000000e-01,1.138010278363944305e+00,4.429601820321483530e+00,1.780000000000000000e+02
7.848059085236292276e+01,-8.347688044013398212e+01,5.000000000000000000e-01,1.070312464926070239e+00,3.873813377342101738e+00,1.630000000000000000e+02
7.898059085236292276e+01,-8.347688044013398212e+01,5.000000000000000000e-01,1.144700588926706120e+00,4.209777952813026580e+00,1.840000000000000000e+02
7.748059085236292276e+01,-8.297688044013398212e+01,5.000000000000000000e-01,5.039560064788934923e+00,1.225501606193033055e+00,2.700000000000000000e+01
7.748059085236292276e+01,-8.247688044013398212e+01,5.000000000000000000e-01,5.219752342973379200e+00,1.096518150121567281e+00,2.000000000000000000e+01
7.798059085236292276e+01,-8.297688044013398212e+01,5.000000000000000000e-01,8.586838150740754017e-02,6.038579285080731829e+00,2.300000000000000000e+01
7.798059085236292276e+01,-8.247688044013398212e+01,5.000000000000000000e-01,1.976825020330124083e-01,7.223999303483495948e-01,2.400000000000000000e+01
7.748059085236292276e+01,-8.197688044013398212e+01,1.000000000000000000e+00,2.690255882553273525e-01,6.415768488716673268e-01,2.900000000000000000e+01
7.848059085236292276e+01,-8.297688044013398212e+01,1.000000000000000000e+00,1.288078991871737244e-01,2.240501194478610181e-01,2.100000000000000000e+01
7.848059085236292276e+01,-8.197688044013398212e+01,1.000000000000000000e+00,2.318946891614918349e-01,1.209632516931344048e-01,9.000000000000000000e+00
7.748059085236292276e+01,-8.097688044013398212e+01,1.000000000000000000e+00,1.598708049218068861e-01,7.729391430083505377e-01,4.800000000000000000e+01
7.748059085236292276e+01,-7.997688044013398212e+01,5.000000000000000000e-01,1.523999786857322403e-01,4.621922857772631232e-07,8.000000000000000000e+00
7.848059085236292276e+01,-8.097688044013398212e+01,1.000000000000000000e+00,1.524001666563460644e-01,7.743319221317823686e-01,5.400000000000000000e+01
7.848059085236292276e+01,-7.997688044013398212e+01,1.000000000000000000e+00,1.523998834523347112e-01,2.559379529698535549e-07,1.200000000000000000e+01
7.748059085236292276e+01,-7.897688044013398212e+01,5.000000000000000000e-01,1.056288825285900623e+00,5.148366882858619320e+00,7.000000000000000000e+00
7.748059085236292276e+01,-7.847688044013398212e+01,5.000000000000000000e-01,4.512906390968061565e+00,1.570942428263522928e+00,1.400000000000000000e+01
7.748059085236292276e+01,-7.797688044013398212e+01,1.000000000000000000e+00,4.414300476869213341e+00,7.852135524374883602e-01,1.700000000000000000e+01
7.848059085236292276e+01,-7.897688044013398212e+01,1.000000000000000000e+00,1.523999231907628982e-01,3.945761043733231332e-07,1.000000000000000000e+01
7.748059085236292276e+01,-7.697688044013398212e+01,1.000000000000000000e+00,4.625561162709137975e+00,4.552081977611681651e-01,2.500000000000000000e+01
7.748059085236292276e+01,-7.597688044013398212e+01,5.000000000000000000e-01,4.548075199127197266e+00,5.885373816458780993e-01,6.000000000000000000e+00
7.748059085236292276e+01,-7.547688044013398212e+01,5.000000000000000000e-01,1.113468181136805457e+00,3.650461221096819919e+00,1.400000000000000000e+01
7.798059085236292276e+01,-7.597688044013398212e+01,5.000000000000000000e-01,5.643460684951624451e-01,4.731911563176453228e+00,1.200000000000000000e+01
7.798059085236292276e+01,-7.547688044013398212e+01,5.000000000000000000e-01,1.184121809646742518e+00,3.719483644674350664e+00,2.100000000000000000e+01
7.848059085236292276e+01,-7.647688044013398212e+01,5.000000000000000000e-01,4.974271709426572485e+00,2.059131384707315604e-01,6.000000000000000000e+00
7.848059085236292276e+01,-7.547688044013398212e+01,5.000000000000000000e-01,1.265104652604326363e+00,3.422709776033335594e+00,1.800000000000000000e+01
7.898059085236292276e+01,-7.547688044013398212e+01,5.000000000000000000e-01,7.869971017631729460e-01,4.420749393290492879e-01,1.100000000000000000e+01
7.748059085236292276e+01,-7.497688044013398212e+01,1.000000000000000000e+00,1.523997969432592525e-01,1.186845598738703433e+00,3.400000000000000000e+02
7.748059085236292276e+01,-7.397688044013398212e+01,1.000000000000000000e+00,1.998971016382356024e-04,5.157555850621056530e-07,8.700000000000000000e+01
7.848059085236292276e+01,-7.497688044013398212e+01,1.000000000000000000e+00,1.130821934638963217e-01,1.150192694515907332e+00,3.070000000000000000e+02
7.848059085236292276e+01,-7.397688044013398212e+01,1.000000000000000000e+00,1.999087012406697229e-04,5.159970213108931811e-07,8.400000000000000000e+01
7.748059085236292276e+01,-7.297688044013398212e+01,2.000000000000000000e+00,1.998905764530878315e-04,5.298914132663705596e-07,2.910000000000000000e+02
7.748059085236292276e+01,-7.097688044013398212e+01,2.000000000000000000e+00,1.998610449934101643e-04,4.657868408308838033e-07,2.940000000000000000e+02
7.748059085236292276e+01,-6.897688044013398212e+01,2.000000000000000000e+00,1.999393541187721723e-04,3.376986011197904373e-07,2.960000000000000000e+02
7.748059085236292276e+01,-6.697688044013398212e+01,2.000000000000000000e+00,1.999392704477464980e-04,3.459472310840538967e-07,3.340000000000000000e+02
7.748059085236292276e+01,-6.497688044013398212e+01,5.000000000000000000e-01,1.998886120095910712e-04,3.044533005702731998e-07,2.100000000000000000e+01
7.748059085236292276e+01,-6.447688044013398212e+01,5.000000000000000000e-01,1.999770212932183819e-04,5.790757428037681009e+00,1.900000000000000000e+01
7.798059085236292276e+01,-6.497688044013398212e+01,5.000000000000000000e-01,1.999606036288940512e-04,6.394715074339544891e+00,2.800000000000000000e+01
7.798059085236292276e+01,-6.447688044013398212e+01,5.000000000000000000e-01,1.999177894142612042e-04,6.351534792215467462e+00,2.400000000000000000e+01
7.748059085236292276e+01,-6.397688044013398212e+01,5.000000000000000000e-01,2.000021687464936804e-04,5.741227073339896236e+00,2.100000000000000000e+01
7.748059085236292276e+01,-6.347688044013398212e+01,5.000000000000000000e-01,1.999618312507500824e-04,5.991514295534069667e+00,1.800000000000000000e+01
7.798059085236292276e+01,-6.397688044013398212e+01,5.000000000000000000e-01,1.999424358151813516e-04,3.089061398510801193e-01,2.000000000000000000e+01
7.798059085236292276e+01,-6.347688044013398212e+01,5.000000000000000000e-01,1.999609241934763358e-04,5.926034139661791933e+00,2.000000000000000000e+01
7.848059085236292276e+01,-6.497688044013398212e+01,5.000000000000000000e-01,1.999215926971054103e-04,3.554263570570872881e-07,2.300000000000000000e+01
7.848059085236292276e+01,-6.447688044013398212e+01,5.000000000000000000e-01,1.999546315152755829e-04,6.627012444658667789e+00,1.900000000000000000e+01
7.898059085236292276e+01,-6.497688044013398212e+01,5.000000000000000000e-01,1.999988466172109122e-04,3.944511369202707840e-07,2.000000000000000000e+01
7.898059085236292276e+01,-6.447688044013398212e+01,5.000000000000000000e-01,1.999855406695339008e-04,6.627144107820497787e+00,3.000000000000000000e+01
7.848059085236292276e+01,-6.397688044013398212e+01,5.000000000000000000e-01,1.999870203293507734e-04,6.359396438596253809e+00,2.300000000000000000e+01
7.848059085236292276e+01,-6.347688044013398212e+01,5.000000000000000000e-01,1.999560292102427802e-04,5.970494361215093804e+00,1.800000000000000000e+01
7.898059085236292276e+01,-6.397688044013398212e+01,5.000000000000000000e-01,1.999740130878890963e-04,5.207755037555323874e+00,2.400000000000000000e+01
7.898059085236292276e+01,-6.347688044013398212e+01,5.000000000000000000e-01,1.999934858048390998e-04,6.677483636723327898e+00,3.700000000000000000e+01
7.748059085236292276e+01,-6.297688044013398212e+01,1.000000000000000000e+00,1.998749507856168004e-04,1.634249471885550978e-03,5.700000000000000000e+01
7.748059085236292276e+01,-6.197688044013398212e+01,1.000000000000000000e+00,6.193664016238021111e-03,1.462066501662380169e-01,6.300000000000000000e+01
7.848059085236292276e+01,-6.297688044013398212e+01,5.000000000000000000e-01,1.999109818662248017e-04,5.771248784170772694e+00,2.100000000000000000e+01
7.848059085236292276e+01,-6.247688044013398212e+01,5.000000000000000000e-01,2.000050647350537503e-04,5.617390755536392888e+00,2.400000000000000000e+01
7.898059085236292276e+01,-6.297688044013398212e+01,5.000000000000000000e-01,1.999385026586253443e-04,6.015506272161013079e+00,1.400000000000000000e+01
7.898059085236292276e+01,-6.247688044013398212e+01,5.000000000000000000e-01,1.999473182109134993e-04,1.322716059733663801e-03,1.400000000000000000e+01
7.848059085236292276e+01,-6.197688044013398212e+01,5.000000000000000000e-01,5.929268213649541326e-03,5.527607473618046718e+00,2.000000000000000000e+01
7.848059085236292276e+01,-6.147688044013398212e+01,5.000000000000000000e-01,1.523999321630767345e-01,5.335904280321944526e+00,1.200000000000000000e+01
7.898059085236292276e+01,-6.197688044013398212e+01,5.000000000000000000e-01,5.910024673569757962e-03,5.782081819803646106e+00,2.400000000000000000e+01
7.898059085236292276e+01,-6.147688044013398212e+01,5.000000000000000000e-01,1.523998983261020679e-01,2.222696457720996221e-07,1.000000000000000000e+01
7.748059085236292276e+01,-6.097688044013398212e+01,2.000000000000000000e+00,1.523999190363289902e-01,5.102525827825991067e-01,1.680000000000000000e+02
7.748059085236292276e+01,-5.897688044013398212e+01,1.000000000000000000e+00,1.523998987409971306e-01,1.444595667976500408e-06,1.100000000000000000e+01
7.748059085236292276e+01,-5.797688044013398212e+01,1.000000000000000000e+00,1.523999972651376988e-01,1.433617124152464228e-06,2.000000000000000000e+01
7.848059085236292276e+01,-5.897688044013398212e+01,5.000000000000000000e-01,1.524005697629484679e-01,6.053542682867698588e+00,6.000000000000000000e+00
7.848059085236292276e+01,-5.847688044013398212e+01,5.000000000000000000e-01,1.523998661409714239e-01,6.480840941357620011e+00,7.000000000000000000e+00
7.898059085236292276e+01,-5.897688044013398212e+01,5.000000000000000000e-01,1.524000683382492893e-01,6.093451435585719445e+00,9.000000000000000000e+00
7.898059085236292276e+01,-5.847688044013398212e+01,5.000000000000000000e-01,1.523997681329105625e-01,4.495258004721947032e-07,6.000000000000000000e+00
7.848059085236292276e+01,-5.797688044013398212e+01,5.000000000000000000e-01,1.523998807241072062e-01,4.173910016917203869e+00,7.000000000000000000e+00
7.848059085236292276e+01,-5.747688044013398212e+01,5.000000000000000000e-01,1.523997508327671058e-01,2.526845435946167839e-07,5.000000000000000000e+00
7.898059085236292276e+01,-5.797688044013398212e+01,5.000000000000000000e-01,1.524000292746887086e-01,6.519495702505910373e+00,1.200000000000000000e+01
7.898059085236292276e+01,-5.747688044013398212e+01,5.000000000000000000e-01,1.523998829038637481e-01,2.430874360692669711e-07,6.000000000000000000e+00
7.748059085236292276e+01,-5.697688044013398212e+01,1.000000000000000000e+00,1.523998899279006558e-01,1.074158723246565472e-06,1.200000000000000000e+01
7.748059085236292276e+01,-5.597688044013398212e+01,5.000000000000000000e-01,1.523999456671933928e-01,1.013592592080669874e-06,6.000000000000000000e+00
7.748059085236292276e+01,-5.547688044013398212e+01,5.000000000000000000e-01,9.393956043512261544e-01,5.237585200561374776e+00,1.480000000000000000e+02
7.798059085236292276e+01,-5.597688044013398212e+01,5.000000000000000000e-01,1.523998338367868466e-01,3.308023387438296936e-07,8.000000000000000000e+00
7.798059085236292276e+01,-5.547688044013398212e+01,5.000000000000000000e-01,9.869216966838083582e-01,5.032545459977265878e+00,1.160000000000000000e+02
7.848059085236292276e+01,-5.697688044013398212e+01,1.000000000000000000e+00,1.523998853532421427e-01,1.381304524067372697e-06,2.000000000000000000e+01
7.848059085236292276e+01,-5.547688044013398212e+01,5.000000000000000000e-01,6.438605165029938071e-01,4.135927371208795833e+00,9.600000000000000000e+01
7.898059085236292276e+01,-5.597688044013398212e+01,5.000000000000000000e-01,1.523998160858499595e-01,3.957218339123436124e-07,7.000000000000000000e+00
7.898059085236292276e+01,-5.547688044013398212e+01,5.000000000000000000e-01,7.125192882137576511e-01,4.099537608598877725e+00,9.600000000000000000e+01
7.748059085236292276e+01,-5.497688044013398212e+01,5.000000000000000000e-01,1.401704010586115379e+00,1.677438243189955491e+00,6.600000000000000000e+01
7.798059085236292276e+01,-5.497688044013398212e+01,5.000000000000000000e-01,1.409580019768636783e+00,4.520024386184533505e+00,7.400000000000000000e+01
7.848059085236292276e+01,-5.497688044013398212e+01,5.000000000000000000e-01,1.542818472089857007e+00,4.853378285089954502e+00,1.030000000000000000e+02
7.898059085236292276e+01,-5.497688044013398212e+01,5.000000000000000000e-01,1.726492975066017177e+00,4.419200166605486757e+00,1.130000000000000000e+02
7.948059085236292276e+01,-1.769768804401339821e+02,2.000000000000000000e+00,5.659200940655271378e-02,2.104318047702322114e-03,1.300000000000000000e+01
7.948059085236292276e+01,-1.609768804401339821e+02,2.000000000000000000e+00,1.129163313997398888e-01,4.720994389263391544e-03,2.400000000000000000e+01
7.948059085236292276e+01,-1.589768804401339821e+02,2.000000000000000000e+00,1.190191104394227040e-01,4.605396157575533667e-03,8.000000000000000000e+00
7.948059085236292276e+01,-1.529768804401339821e+02,2.000000000000000000e+00,1.410636593180318310e-01,5.062837194905273064e-03,3.200000000000000000e+01
7.948059085236292276e+01,-1.509768804401339821e+02,2.000000000000000000e+00,1.474110591474539211e-01,4.988892603042555107e-03,2.800000000000000000e+01
7.948059085236292276e+01,-1.489768804401339821e+02,2.000000000000000000e+00,1.523996351997992937e-01,6.471561796450586712e-07,3.400000000000000000e+01
7.948059085236292276e+01,-1.469768804401339821e+02,2.000000000000000000e+00,1.523995721149413174e-01,1.179585277150119182e-06,4.000000000000000000e+01
7.948059085236292276e+01,-1.449768804401339821e+02,2.000000000000000000e+00,1.523998794959554870e-01,4.548600490983378819e-07,5.700000000000000000e+01
7.948059085236292276e+01,-1.429768804401339821e+02,2.000000000000000000e+00,2.000414603449129913e-04,1.521998331580380892e-01,9.100000000000000000e+01
7.948059085236292276e+01,-1.409768804401339821e+02,2.000000000000000000e+00,1.998625072364035196e-04,8.128800539131174428e-07,1.040000000000000000e+02
7.948059085236292276e+01,-1.389768804401339821e+02,2.000000000000000000e+00,1.997517615800248390e-04,8.011582411704464089e-07,1.320000000000000000e+02
7.948059085236292276e+01,-1.369768804401339821e+02,2.000000000000000000e+00,1.997838168318111284e-04,7.098621071399582698e-07,1.680000000000000000e+02
7.948059085236292276e+01,-1.349768804401339821e+02,2.000000000000000000e+00,1.998437973742550611e-04,6.166275050567548988e-07,2.510000000000000000e+02
7.948059085236292276e+01,-1.329768804401339821e+02,2.000000000000000000e+00,1.998874660895211372e-04,4.679338638568847006e-07,3.250000000000000000e+02
7.948059085236292276e+01,-1.309768804401339821e+02,2.000000000000000000e+00,1.998386231312506258e-04,5.066725535722127038e-07,3.090000000000000000e+02
7.948059085236292276e+01,-1.289768804401339821e+02,2.000000000000000000e+00,1.997057660760859221e-04,7.885530133866502922e-07,2.960000000000000000e+02
7.948059085236292276e+01,-1.269768804401339821e+02,2.000000000000000000e+00,1.996433438533174007e-04,7.165408544507147117e-07,3.040000000000000000e+02
7.948059085236292276e+01,-1.249768804401339821e+02,2.000000000000000000e+00,1.997541519411338948e-04,6.514237120539727918e-07,2.980000000000000000e+02
7.948059085236292276e+01,-1.229768804401339821e+02,2.000000000000000000e+00,1.999882555864473889e-04,1.522001464286827921e-01,3.490000000000000000e+02
7.948059085236292276e+01,-1.209768804401339821e+02,2.000000000000000000e+00,1.523998737214524724e-01,4.113732784971624312e-07,3.400000000000000000e+02
7.948059085236292276e+01,-1.189768804401339821e+02,2.000000000000000000e+00,1.523998773047998689e-01,4.381903957184629661e-07,2.580000000000000000e+02
7.948059085236292276e+01,-1.169768804401339821e+02,2.000000000000000000e+00,1.523998185907167180e-01,6.626034619039433693e-07,2.220000000000000000e+02
7.948059085236292276e+01,-1.149768804401339821e+02,2.000000000000000000e+00,1.523998619467787918e-01,7.862093687194260383e-07,1.810000000000000000e+02
7.948059085236292276e+01,-1.129768804401339821e+02,2.000000000000000000e+00,1.523998643796885821e-01,6.859858820429387549e-07,1.570000000000000000e+02
7.948059085236292276e+01,-1.109768804401339821e+02,2.000000000000000000e+00,1.523999117803347403e-01,7.819185521285021423e-07,1.210000000000000000e+02
7.948059085236292276e+01,-1.089768804401339821e+02,2.000000000000000000e+00,1.523999028016611024e-01,9.763142038432537362e-07,1.040000000000000000e+02
7.948059085236292276e+01,-1.069768804401339821e+02,2.000000000000000000e+00,1.523998827661115496e-01,8.698896233061415018e-07,7.900000000000000000e+01
7.948059085236292276e+01,-1.049768804401339821e+02,2.000000000000000000e+00,1.523999225296620297e-01,8.867531010592344387e-07,6.000000000000000000e+01
7.948059085236292276e+01,-1.029768804401339821e+02,1.000000000000000000e+00,1.523999796600196410e-01,9.945454202131553956e-07,2.200000000000000000e+01
7.948059085236292276e+01,-1.014768804401339821e+02,5.000000000000000000e-01,7.003401658409386110e-01,2.934030156797007294e+00,7.800000000000000000e+01
7.998059085236292276e+01,-1.019768804401339821e+02,5.000000000000000000e-01,1.523999641017526885e-01,9.427298701680797421e-07,9.000000000000000000e+00
7.998059085236292276e+01,-1.014768804401339821e+02,5.000000000000000000e-01,6.537223241808232110e-01,2.863333525426544401e+00,8.400000000000000000e+01
8.048059085236292276e+01,-1.029768804401339821e+02,1.000000000000000000e+00,1.523999579652071945e-01,1.119671911659070318e-06,1.000000000000000000e+01
8.048059085236292276e+01,-1.014768804401339821e+02,5.000000000000000000e-01,5.963531299111224371e-01,1.817421000405457843e+00,8.200000000000000000e+01
8.098059085236292276e+01,-1.019768804401339821e+02,5.000000000000000000e-01,1.524002285296245651e-01,7.631619148018575771e-07,5.000000000000000000e+00
8.098059085236292276e+01,-1.014768804401339821e+02,5.000000000000000000e-01,6.403317995370425564e-01,2.384708661267059604e+00,7.100000000000000000e+01
7.948059085236292276e+01,-9.997688044013398212e+01,5.000000000000000000e-01,5.248939716880719253e+00,3.485900945094667414e+00,2.700000000000000000e+01
7.948059085236292276e+01,-9.947688044013398212e+01,5.000000000000000000e-01,5.637846697380933136e+00,2.220291288315053180e+00,5.400000000000000000e+01
7.998059085236292276e+01,-9.997688044013398212e+01,5.000000000000000000e-01,5.361692996428753410e+00,2.906297998725807297e+00,3.600000000000000000e+01
7.998059085236292276e+01,-9.947688044013398212e+01,5.000000000000000000e-01,5.613296784015026297e+00,3.477244724353877992e+00,2.300000000000000000e+01
8.048059085236292276e+01,-9.997688044013398212e+01,5.000000000000000000e-01,5.299305524930199240e+00,2.435930915540086339e+00,1.800000000000000000e+01
8.048059085236292276e+01,-9.947688044013398212e+01,5.000000000000000000e-01,5.106266022270379068e+00,2.357486300531774326e+00,4.700000000000000000e+01
7.948059085236292276e+01,-9.847688044013398212e+01,5.000000000000000000e-01,3.632998899999718478e+00,1.267079652742812090e+00,4.000000000000000000e+01
7.998059085236292276e+01,-9.847688044013398212e+01,5.000000000000000000e-01,3.084873756899149111e+00,1.637237195220003105e+00,5.600000000000000000e+01
7.948059085236292276e+01,-9.797688044013398212e+01,1.000000000000000000e+00,2.997342017480291609e+00,2.372042056376444386e-01,7.000000000000000000e+00
8.048059085236292276e+01,-9.897688044013398212e+01,5.000000000000000000e-01,5.066138220064461350e+00,1.516131949126759082e+00,2.200000000000000000e+01
8.048059085236292276e+01,-9.847688044013398212e+01,5.000000000000000000e-01,3.118570103384089354e+00,1.794375871505883513e+00,6.300000000000000000e+01
8.098059085236292276e+01,-9.897688044013398212e+01,5.000000000000000000e-01,5.163342330071373887e+00,1.532155550549740397e+00,2.800000000000000000e+01
8.098059085236292276e+01,-9.847688044013398212e+01,5.000000000000000000e-01,3.503737140284774565e+00,4.186197093666134350e+00,1.100000000000000000e+02
7.948059085236292276e+01,-8.347688044013398212e+01,5.000000000000000000e-01,8.955615261338705224e-01,4.139632971876658907e+00,1.860000000000000000e+02
7.998059085236292276e+01,-8.347688044013398212e+01,5.000000000000000000e-01,1.046649769193659374e+00,4.093185266450812598e+00,1.960000000000000000e+02
8.048059085236292276e+01,-8.347688044013398212e+01,5.000000000000000000e-01,1.085111068994873751e+00,4.117239889749468418e+00,1.630000000000000000e+02
8.098059085236292276e+01,-8.347688044013398212e+01,5.000000000000000000e-01,1.042902542584838610e+00,4.184294229845882285e+00,2.070000000000000000e+02
7.948059085236292276e+01,-8.297688044013398212e+01,2.000000000000000000e+00,2.847473838718057593e-01,2.867308348423520670e-01,1.600000000000000000e+01
7.948059085236292276e+01,-8.097688044013398212e+01,1.000000000000000000e+00,1.676631134046079608e-01,7.530543749853247926e-01,4.700000000000000000e+01
7.948059085236292276e+01,-7.997688044013398212e+01,1.000000000000000000e+00,1.523998145157506312e-01,4.255463465774322884e-07,1.000000000000000000e+01
8.048059085236292276e+01,-8.097688044013398212e+01,1.000000000000000000e+00,1.524000587343694590e-01,7.819833724851017465e-01,4.100000000000000000e+01
8.098059085236292276e+01,-7.997688044013398212e+01,5.000000000000000000e-01,1.523999437188705564e-01,3.630451701486236971e-07,6.000000000000000000e+00
8.098059085236292276e+01,-7.947688044013398212e+01,5.000000000000000000e-01,1.524004570221180188e-01,4.966955756710037306e+00,7.000000000000000000e+00
7.948059085236292276e+01,-7.897688044013398212e+01,1.000000000000000000e+00,1.523997462224656319e-01,3.904045109415221759e-07,5.000000000000000000e+00
7.998059085236292276e+01,-7.747688044013398212e+01,5.000000000000000000e-01,4.352325225372303485e+00,1.534897339984668818e-01,6.000000000000000000e+00
8.098059085236292276e+01,-7.847688044013398212e+01,5.000000000000000000e-01,1.524001830289942738e-01,5.375448952731561647e+00,8.000000000000000000e+00
8.048059085236292276e+01,-7.797688044013398212e+01,1.000000000000000000e+00,4.180642168949464832e+00,6.811439954792026796e-01,2.500000000000000000e+01
7.948059085236292276e+01,-7.697688044013398212e+01,1.000000000000000000e+00,1.524002601708112914e-01,4.692665650485013940e-01,1.000000000000000000e+01
7.948059085236292276e+01,-7.597688044013398212e+01,1.000000000000000000e+00,6.539979955323098615e-01,7.046134533318568760e-01,2.100000000000000000e+01
8.048059085236292276e+01,-7.647688044013398212e+01,5.000000000000000000e-01,3.920136017925434313e+00,1.161350757574441506e+00,1.000000000000000000e+01
8.098059085236292276e+01,-7.697688044013398212e+01,5.000000000000000000e-01,4.267282364462907651e+00,5.160102359450453591e-01,7.000000000000000000e+00
8.098059085236292276e+01,-7.647688044013398212e+01,5.000000000000000000e-01,2.834348806857335257e-01,4.501602278541629865e+00,1.400000000000000000e+01
8.048059085236292276e+01,-7.547688044013398212e+01,5.000000000000000000e-01,6.437330269383332304e-01,1.820842019716310434e+00,1.500000000000000000e+01
8.098059085236292276e+01,-7.597688044013398212e+01,5.000000000000000000e-01,4.803037397128034902e-01,4.566342223027913150e+00,1.300000000000000000e+01
8.098059085236292276e+01,-7.547688044013398212e+01,5.000000000000000000e-01,1.121219292737243967e+00,3.952626148647320647e+00,1.500000000000000000e+01
7.948059085236292276e+01,-7.497688044013398212e+01,1.000000000000000000e+00,1.364328263717420331e-01,1.097629023856821151e+00,3.190000000000000000e+02
7.948059085236292276e+01,-7.397688044013398212e+01,1.000000000000000000e+00,1.999093945454166689e-04,4.348896922579115198e-07,8.300000000000000000e+01
8.048059085236292276e+01,-7.497688044013398212e+01,1.000000000000000000e+00,1.345471022059879784e-01,1.158001440025265616e+00,3.080000000000000000e+02
8.048059085236292276e+01,-7.397688044013398212e+01,5.000000000000000000e-01,1.998597856991857105e-04,8.013540551577043574e-07,2.000000000000000000e+01
8.048059085236292276e+01,-7.347688044013398212e+01,5.000000000000000000e-01,1.998543035271360571e-04,3.559529190474140011e-07,1.800000000000000000e+01
8.098059085236292276e+01,-7.397688044013398212e+01,5.000000000000000000e-01,1.999265282353057671e-04,4.995942161909116663e+00,2.000000000000000000e+01
8.098059085236292276e+01,-7.347688044013398212e+01,5.000000000000000000e-01,1.998821615928569829e-04,4.987362783159613677e+00,2.200000000000000000e+01
7.948059085236292276e+01,-7.297688044013398212e+01,2.000000000000000000e+00,1.999057749566546249e-04,5.428436031795769168e-07,3.010000000000000000e+02
7.948059085236292276e+01,-7.097688044013398212e+01,2.000000000000000000e+00,1.998965668755125938e-04,4.337059199999322972e-07,2.900000000000000000e+02
7.948059085236292276e+01,-6.897688044013398212e+01,2.000000000000000000e+00,1.998478021519052962e-04,3.982024568009224531e-07,3.040000000000000000e+02
7.948059085236292276e+01,-6.697688044013398212e+01,2.000000000000000000e+00,1.998739072451627462e-04,3.690223302043997306e-07,3.250000000000000000e+02
7.948059085236292276e+01,-6.497688044013398212e+01,1.000000000000000000e+00,1.999421542108414886e-04,3.890644961757061537e-07,8.000000000000000000e+01
7.948059085236292276e+01,-6.397688044013398212e+01,5.000000000000000000e-01,1.998406943470421135e-04,5.894899930806119848e+00,2.300000000000000000e+01
7.948059085236292276e+01,-6.347688044013398212e+01,5.000000000000000000e-01,1.998875820119039412e-04,7.486846847710143749e+00,2.400000000000000000e+01
7.998059085236292276e+01,-6.397688044013398212e+01,5.000000000000000000e-01,1.998788590844273070e-04,6.821935113790802419e+00,2.000000000000000000e+01
7.998059085236292276e+01,-6.347688044013398212e+01,5.000000000000000000e-01,1.999117162775121469e-04,9.832086491073614987e-01,1.800000000000000000e+01
8.048059085236292276e+01,-6.497688044013398212e+01,1.000000000000000000e+00,1.999207709091344043e-04,3.997138347200336530e-07,7.900000000000000000e+01
8.048059085236292276e+01,-6.397688044013398212e+01,5.000000000000000000e-01,1.999963969299578428e-04,2.178581350875674616e-07,1.700000000000000000e+01
8.048059085236292276e+01,-6.347688044013398212e+01,5.000000000000000000e-01,2.000322623428196669e-04,7.058345094812809251e+00,2.400000000000000000e+01
8.098059085236292276e+01,-6.397688044013398212e+01,5.000000000000000000e-01,1.999280269175507494e-04,4.455425556271208620e-07,1.400000000000000000e+01
8.098059085236292276e+01,-6.347688044013398212e+01,5.000000000000000000e-01,1.999468948685745318e-04,2.982533120476915656e-07,1.600000000000000000e+01
7.948059085236292276e+01,-6.297688044013398212e+01,5.000000000000000000e-01,1.999084386032912164e-04,7.173558981978391813e+00,2.700000000000000000e+01
7.948059085236292276e+01,-6.247688044013398212e+01,5.000000000000000000e-01,2.000841230664463064e-04,6.480256037507420075e+00,2.700000000000000000e+01
7.998059085236292276e+01,-6.297688044013398212e+01,5.000000000000000000e-01,1.998851494697954424e-04,7.726931638522653856e+00,3.000000000000000000e+01
7.998059085236292276e+01,-6.247688044013398212e+01,5.000000000000000000e-01,2.001297307177019036e-04,7.028815325247411039e+00,2.200000000000000000e+01
7.948059085236292276e+01,-6.197688044013398212e+01,5.000000000000000000e-01,4.298001787093719273e-03,1.481020399485265260e-01,2.200000000000000000e+01
7.948059085236292276e+01,-6.147688044013398212e+01,5.000000000000000000e-01,1.523999476758048088e-01,7.447217781841535711e+00,1.400000000000000000e+01
7.998059085236292276e+01,-6.197688044013398212e+01,5.000000000000000000e-01,4.015651565249722318e-03,1.546509628540339243e+00,1.700000000000000000e+01
7.998059085236292276e+01,-6.147688044013398212e+01,5.000000000000000000e-01,1.524000032229744228e-01,7.996929974853662415e+00,1.600000000000000000e+01
8.048059085236292276e+01,-6.297688044013398212e+01,5.000000000000000000e-01,1.998920003281945466e-04,6.685178057701466336e+00,1.800000000000000000e+01
8.048059085236292276e+01,-6.247688044013398212e+01,5.000000000000000000e-01,1.999869389481230889e-04,6.631816832923244753e+00,2.700000000000000000e+01
8.098059085236292276e+01,-6.297688044013398212e+01,5.000000000000000000e-01,2.000076376722503824e-04,7.719857347154748632e-07,1.300000000000000000e+01
8.098059085236292276e+01,-6.247688044013398212e+01,5.000000000000000000e-01,1.999181929051019324e-04,1.506703093437743949e-03,1.300000000000000000e+01
8.048059085236292276e+01,-6.197688044013398212e+01,5.000000000000000000e-01,5.274520967196939282e-03,5.158625892271278879e+00,2.500000000000000000e+01
8.048059085236292276e+01,-6.147688044013398212e+01,5.000000000000000000e-01,1.523999579858181797e-01,7.004970753805137562e+00,1.600000000000000000e+01
8.098059085236292276e+01,-6.197688044013398212e+01,5.000000000000000000e-01,9.396376089948761667e-03,1.430038580423421690e-01,2.200000000000000000e+01
8.098059085236292276e+01,-6.147688044013398212e+01,5.000000000000000000e-01,1.524000903022111331e-01,6.807124596879003953e+00,1.500000000000000000e+01
7.948059085236292276e+01,-6.097688044013398212e+01,5.000000000000000000e-01,2.223787594954944324e-01,6.483078500488910656e+00,3.000000000000000000e+01
7.948059085236292276e+01,-6.047688044013398212e+01,5.000000000000000000e-01,1.524001837185847419e-01,7.069286019852820679e+00,2.200000000000000000e+01
7.998059085236292276e+01,-6.097688044013398212e+01,5.000000000000000000e-01,1.523998650191192572e-01,7.906909444779253171e+00,1.400000000000000000e+01
7.998059085236292276e+01,-6.047688044013398212e+01,5.000000000000000000e-01,1.523997477910820630e-01,7.788640590588103763e+00,1.200000000000000000e+01
7.948059085236292276e+01,-5.997688044013398212e+01,1.000000000000000000e+00,1.523999666124264962e-01,1.173785613622913004e-06,3.200000000000000000e+01
8.048059085236292276e+01,-6.097688044013398212e+01,5.000000000000000000e-01,1.523999105435664414e-01,6.552766478140025441e+00,1.800000000000000000e+01
8.048059085236292276e+01,-6.047688044013398212e+01,5.000000000000000000e-01,1.524000544586647798e-01,7.160518653690516544e+00,1.200000000000000000e+01
8.098059085236292276e+01,-6.097688044013398212e+01,5.000000000000000000e-01,1.523999464862678954e-01,2.211757093615211112e+00,1.500000000000000000e+01
8.098059085236292276e+01,-6.047688044013398212e+01,5.000000000000000000e-01,1.523999053417590122e-01,3.913697904678396178e+00,1.200000000000000000e+01
8.048059085236292276e+01,-5.997688044013398212e+01,5.000000000000000000e-01,1.523999646049338241e-01,6.508135907986437374e+00,1.500000000000000000e+01
8.048059085236292276e+01,-5.947688044013398212e+01,5.000000000000000000e-01,1.524000059621086756e-01,1.151814542743601066e-06,6.000000000000000000e+00
8.098059085236292276e+01,-5.997688044013398212e+01,5.000000000000000000e-01,1.523999881899081588e-01,3.938134842152768211e+00,9.000000000000000000e+00
7.948059085236292276e+01,-5.897688044013398212e+01,2.000000000000000000e+00,1.523999090799201817e-01,8.096729467998997620e-07,7.000000000000000000e+01
7.948059085236292276e+01,-5.697688044013398212e+01,1.000000000000000000e+00,1.523996871287348343e-01,8.510942968997792235e-07,1.700000000000000000e+01
7.948059085236292276e+01,-5.597688044013398212e+01,5.000000000000000000e-01,1.523999015336405805e-01,7.038928450109338542e-07,6.000000000000000000e+00
7.948059085236292276e+01,-5.547688044013398212e+01,5.000000000000000000e-01,6.695229411125183105e-01,4.159237222346886753e+00,1.010000000000000000e+02
7.998059085236292276e+01,-5.597688044013398212e+01,5.000000000000000000e-01,1.523999672894187363e-01,5.682889081537467746e-07,6.000000000000000000e+00
7.998059085236292276e+01,-5.547688044013398212e+01,5.000000000000000000e-01,7.297928399188693405e-01,4.086306246064332903e+00,9.400000000000000000e+01
8.048059085236292276e+01,-5.697688044013398212e+01,1.000000000000000000e+00,1.523999015379585431e-01,1.055806117505886377e-06,2.000000000000000000e+01
8.048059085236292276e+01,-5.597688044013398212e+01,5.000000000000000000e-01,1.523997960834062582e-01,3.569829131189194982e-07,6.000000000000000000e+00
8.048059085236292276e+01,-5.547688044013398212e+01,5.000000000000000000e-01,7.869905680402649040e-01,4.046261992258061824e+00,9.400000000000000000e+01
8.098059085236292276e+01,-5.597688044013398212e+01,5.000000000000000000e-01,1.523999166521613213e-01,1.331211794380893210e-06,8.000000000000000000e+00
8.098059085236292276e+01,-5.547688044013398212e+01,5.000000000000000000e-01,5.830036267796963045e-01,4.231242735079187689e+00,9.500000000000000000e+01
7.948059085236292276e+01,-5.497688044013398212e+01,5.000000000000000000e-01,1.521384393643093969e+00,4.444867598349585336e+00,9.700000000000000000e+01
7.998059085236292276e+01,-5.497688044013398212e+01,5.000000000000000000e-01,1.685978390931213822e+00,4.274311142190319934e+00,9.300000000000000000e+01
8.048059085236292276e+01,-5.497688044013398212e+01,5.000000000000000000e-01,1.382604153467398511e+00,4.438977446456631171e+00,8.200000000000000000e+01
8.098059085236292276e+01,-5.497688044013398212e+01,5.000000000000000000e-01,1.532145914541112486e+00,4.211991264212638697e+00,8.500000000000000000e+01
8.148059085236292276e+01,-1.609768804401339821e+02,2.000000000000000000e+00,1.135874872523505302e-01,2.722712629582527133e-03,1.300000000000000000e+01
8.148059085236292276e+01,-1.529768804401339821e+02,2.000000000000000000e+00,1.414586615959274596e-01,2.661149160254172585e-03,2.600000000000000000e+01
8.148059085236292276e+01,-1.509768804401339821e+02,2.000000000000000000e+00,1.453809128703339171e-01,5.146208424775144952e-03,2.300000000000000000e+01
8.148059085236292276e+01,-1.489768804401339821e+02,2.000000000000000000e+00,1.523985648326885989e-01,2.207139057075480082e-06,2.300000000000000000e+01
8.148059085236292276e+01,-1.469768804401339821e+02,2.000000000000000000e+00,1.523996675119202726e-01,6.981051892396283876e-07,4.700000000000000000e+01
8.148059085236292276e+01,-1.449768804401339821e+02,2.000000000000000000e+00,1.523997445176008547e-01,1.237081876992451868e-06,4.800000000000000000e+01
8.148059085236292276e+01,-1.429768804401339821e+02,2.000000000000000000e+00,3.539903936959024749e-04,1.520463364271010531e-01,9.900000000000000000e+01
8.148059085236292276e+01,-1.409768804401339821e+02,2.000000000000000000e+00,1.997625282242232350e-04,7.986843792551320993e-07,8.900000000000000000e+01
8.148059085236292276e+01,-1.389768804401339821e+02,2.000000000000000000e+00,1.997328213821703057e-04,9.852408463073396034e-07,1.080000000000000000e+02
8.148059085236292276e+01,-1.369768804401339821e+02,2.000000000000000000e+00,1.997377089676177829e-04,8.947334366515900892e-07,1.620000000000000000e+02
8.148059085236292276e+01,-1.349768804401339821e+02,2.000000000000000000e+00,1.998302765468196131e-04,6.054302233771179185e-07,2.030000000000000000e+02
8.148059085236292276e+01,-1.329768804401339821e+02,2.000000000000000000e+00,1.998498366891254710e-04,5.364884565928370024e-07,2.870000000000000000e+02
8.148059085236292276e+01,-1.309768804401339821e+02,2.000000000000000000e+00,1.998894136646001021e-04,4.311549826496892650e-07,3.330000000000000000e+02
8.148059085236292276e+01,-1.289768804401339821e+02,2.000000000000000000e+00,1.997502077871526947e-04,6.086216977063685363e-07,3.050000000000000000e+02
8.148059085236292276e+01,-1.269768804401339821e+02,2.000000000000000000e+00,1.996972431253555506e-04,7.284255370739454224e-07,2.930000000000000000e+02
8.148059085236292276e+01,-1.249768804401339821e+02,2.000000000000000000e+00,1.997034537096098353e-04,6.204378532159823996e-07,3.020000000000000000e+02
8.148059085236292276e+01,-1.229768804401339821e+02,2.000000000000000000e+00,1.998358263772814780e-04,6.391503969416234554e-07,3.110000000000000000e+02
8.148059085236292276e+01,-1.209768804401339821e+02,2.000000000000000000e+00,2.002981569205234899e-04,1.521999033556348246e-01,3.720000000000000000e+02
8.148059085236292276e+01,-1.189768804401339821e+02,2.000000000000000000e+00,1.523999006929154520e-01,3.754082777696066131e-07,3.260000000000000000e+02
8.148059085236292276e+01,-1.169768804401339821e+02,2.000000000000000000e+00,1.523998734234292551e-01,4.930857815665934396e-07,2.580000000000000000e+02
8.148059085236292276e+01,-1.149768804401339821e+02,2.000000000000000000e+00,1.523997973090630009e-01,6.676167062513727046e-07,2.120000000000000000e+02
8.148059085236292276e+01,-1.129768804401339821e+02,2.000000000000000000e+00,1.523998867292086778e-01,7.238405834719685572e-07,1.910000000000000000e+02
8.148059085236292276e+01,-1.109768804401339821e+02,2.000000000000000000e+00,1.523999226894320880e-01,8.465464653439891407e-07,1.470000000000000000e+02
8.148059085236292276e+01,-1.089768804401339821e+02,2.000000000000000000e+00,1.523998865212057297e-01,5.689360591532022227e-07,1.370000000000000000e+02
8.148059085236292276e+01,-1.069768804401339821e+02,2.000000000000000000e+00,1.523999128293392624e-01,7.863733200996758654e-07,9.500000000000000000e+01
8.148059085236292276e+01,-1.049768804401339821e+02,2.000000000000000000e+00,1.523999200604240767e-01,7.370741057222129911e-07,9.200000000000000000e+01
8.148059085236292276e+01,-1.029768804401339821e+02,1.000000000000000000e+00,1.523999954241016808e-01,1.097148961820559876e-06,2.000000000000000000e+01
8.148059085236292276e+01,-1.014768804401339821e+02,5.000000000000000000e-01,5.971683062140258347e-01,2.981489500498666345e+00,8.500000000000000000e+01
8.198059085236292276e+01,-1.014768804401339821e+02,5.000000000000000000e-01,6.300130517725259782e-01,1.786761635369597867e+00,7.400000000000000000e+01
8.248059085236292276e+01,-1.029768804401339821e+02,1.000000000000000000e+00,1.523999707626838840e-01,4.939144886417778935e-07,2.300000000000000000e+01
8.248059085236292276e+01,-1.019768804401339821e+02,5.000000000000000000e-01,1.523999438955424834e-01,4.076346344084047502e-07,9.000000000000000000e+00
8.248059085236292276e+01,-1.014768804401339821e+02,5.000000000000000000e-01,4.844753292314208371e-01,1.948952655870322070e+00,8.200000000000000000e+01
8.298059085236292276e+01,-1.019768804401339821e+02,5.000000000000000000e-01,1.523997365162523820e-01,4.248992594435563319e-07,6.000000000000000000e+00
8.298059085236292276e+01,-1.014768804401339821e+02,5.000000000000000000e-01,7.021168394504351262e-01,2.976946821344836014e+00,1.010000000000000000e+02
8.148059085236292276e+01,-9.847688044013398212e+01,5.000000000000000000e-01,4.360672942543173392e+00,3.750126854640667418e+00,9.800000000000000000e+01
8.198059085236292276e+01,-9.847688044013398212e+01,5.000000000000000000e-01,4.753337381977360998e+00,4.039640604204165264e+00,7.400000000000000000e+01
8.148059085236292276e+01,-9.797688044013398212e+01,5.000000000000000000e-01,3.176091432077708276e+00,4.121822836822800262e+00,4.500000000000000000e+01
8.198059085236292276e+01,-9.797688044013398212e+01,5.000000000000000000e-01,3.071239786086643608e+00,4.276033486164399378e+00,4.800000000000000000e+01
8.248059085236292276e+01,-9.847688044013398212e+01,5.000000000000000000e-01,4.819125162213651059e+00,3.923796320223677192e+00,1.010000000000000000e+02
8.298059085236292276e+01,-9.847688044013398212e+01,5.000000000000000000e-01,3.629948868907201920e+00,5.107933609800991981e+00,1.110000000000000000e+02
8.248059085236292276e+01,-9.797688044013398212e+01,5.000000000000000000e-01,3.140935628187762063e+00,4.223453585100502394e+00,3.900000000000000000e+01
8.298059085236292276e+01,-9.797688044013398212e+01,5.000000000000000000e-01,3.439087631118169064e+00,3.819312623744180790e+00,1.300000000000000000e+01
8.298059085236292276e+01,-9.747688044013398212e+01,5.000000000000000000e-01,3.667516615715130435e+00,3.816325369226884590e+00,6.000000000000000000e+00
8.148059085236292276e+01,-8.347688044013398212e+01,5.000000000000000000e-01,1.058886216797751523e+00,3.993948243469729320e+00,1.800000000000000000e+02
8.198059085236292276e+01,-8.347688044013398212e+01,5.000000000000000000e-01,1.126376276252078368e+00,4.124903221192598224e+00,1.640000000000000000e+02
8.248059085236292276e+01,-8.347688044013398212e+01,5.000000000000000000e-01,1.304092497589568023e+00,3.842753552900681324e+00,1.550000000000000000e+02
8.298059085236292276e+01,-8.397688044013398212e+01,5.000000000000000000e-01,1.303726478796311872e+00,3.088606500537410149e+00,8.000000000000000000e+00
8.298059085236292276e+01,-8.347688044013398212e+01,5.000000000000000000e-01,1.447497331328516657e+00,3.880059783895366543e+00,1.970000000000000000e+02
8.148059085236292276e+01,-8.297688044013398212e+01,2.000000000000000000e+00,3.375564996530637241e-01,5.925396708398527057e-01,1.200000000000000000e+02
8.148059085236292276e+01,-8.097688044013398212e+01,1.000000000000000000e+00,1.524002107807937989e-01,7.835218262208564211e-01,5.000000000000000000e+01
8.148059085236292276e+01,-7.997688044013398212e+01,5.000000000000000000e-01,1.523998521736073530e-01,3.974230016532331433e+00,5.000000000000000000e+00
8.148059085236292276e+01,-7.947688044013398212e+01,5.000000000000000000e-01,1.523999368296742318e-01,4.651524612912645296e+00,5.000000000000000000e+00
8.198059085236292276e+01,-7.997688044013398212e+01,5.000000000000000000e-01,1.523997997185518594e-01,2.452105671013615762e-07,7.000000000000000000e+00
8.198059085236292276e+01,-7.947688044013398212e+01,5.000000000000000000e-01,1.839649561083465557e+00,2.869933923059360126e+00,8.000000000000000000e+00
8.248059085236292276e+01,-8.097688044013398212e+01,1.000000000000000000e+00,1.524001472787439582e-01,7.929447706924614980e-01,6.600000000000000000e+01
8.248059085236292276e+01,-7.997688044013398212e+01,5.000000000000000000e-01,1.524000119804137243e-01,3.810233878197246238e+00,5.000000000000000000e+00
8.248059085236292276e+01,-7.947688044013398212e+01,5.000000000000000000e-01,4.374972293325806838e+00,2.735089743355292313e-01,1.200000000000000000e+01
8.298059085236292276e+01,-7.997688044013398212e+01,5.000000000000000000e-01,1.524000118604357523e-01,3.823850937979424103e+00,5.000000000000000000e+00
8.298059085236292276e+01,-7.947688044013398212e+01,5.000000000000000000e-01,1.524000601797399490e-01,4.720743517096511965e+00,6.000000000000000000e+00
8.148059085236292276e+01,-7.897688044013398212e+01,5.000000000000000000e-01,1.524002432231115201e-01,4.823886981564413645e+00,1.100000000000000000e+01
8.148059085236292276e+01,-7.847688044013398212e+01,5.000000000000000000e-01,1.524001803197649885e-01,4.250828314992650903e+00,1.300000000000000000e+01
8.198059085236292276e+01,-7.897688044013398212e+01,5.000000000000000000e-01,4.263251185363863272e+00,8.285245985214082509e-01,1.100000000000000000e+01
8.198059085236292276e+01,-7.847688044013398212e+01,5.000000000000000000e-01,1.712186438618023665e+00,3.332303239137950790e+00,8.000000000000000000e+00
8.148059085236292276e+01,-7.797688044013398212e+01,1.000000000000000000e+00,4.051372910696927399e+00,1.024657074153497938e+00,5.400000000000000000e+01
8.248059085236292276e+01,-7.897688044013398212e+01,5.000000000000000000e-01,9.427437423075367695e-01,3.401817780083018494e+00,1.200000000000000000e+01
8.248059085236292276e+01,-7.847688044013398212e+01,5.000000000000000000e-01,4.039726299358733286e+00,1.144188703005092123e+00,7.000000000000000000e+00
8.298059085236292276e+01,-7.897688044013398212e+01,5.000000000000000000e-01,1.523998682872575172e-01,4.660458355178160872e+00,5.000000000000000000e+00
8.298059085236292276e+01,-7.847688044013398212e+01,5.000000000000000000e-01,4.179213755284447274e+00,5.130544684358939733e-01,1.800000000000000000e+01
8.248059085236292276e+01,-7.797688044013398212e+01,1.000000000000000000e+00,4.068324294165720723e+00,5.228444706245714002e-01,4.800000000000000000e+01
8.148059085236292276e+01,-7.697688044013398212e+01,1.000000000000000000e+00,4.273085373912181240e+00,3.904033115028946455e-01,4.000000000000000000e+01
8.148059085236292276e+01,-7.597688044013398212e+01,5.000000000000000000e-01,4.480848305143304344e+00,8.514849760442988469e-02,6.000000000000000000e+00
8.148059085236292276e+01,-7.547688044013398212e+01,5.000000000000000000e-01,8.591427287731918661e-01,4.074381287161429555e+00,2.800000000000000000e+01
8.198059085236292276e+01,-7.547688044013398212e+01,5.000000000000000000e-01,1.166619382562289475e+00,3.593703290418316598e+00,1.500000000000000000e+01
8.248059085236292276e+01,-7.697688044013398212e+01,1.000000000000000000e+00,4.327177630717349288e+00,3.845937644236530062e-01,1.800000000000000000e+01
8.248059085236292276e+01,-7.597688044013398212e+01,5.000000000000000000e-01,4.619410946372475735e+00,2.279204205860594357e-01,9.000000000000000000e+00
8.248059085236292276e+01,-7.547688044013398212e+01,5.000000000000000000e-01,8.492090626956015909e-01,4.720915287743255861e-01,1.200000000000000000e+01
8.298059085236292276e+01,-7.597688044013398212e+01,5.000000000000000000e-01,4.634185433066301485e+00,3.573378946440453063e-01,6.000000000000000000e+00
8.298059085236292276e+01,-7.547688044013398212e+01,5.000000000000000000e-01,1.215901368923961057e+00,3.476216464795693462e+00,1.600000000000000000e+01
8.148059085236292276e+01,-7.497688044013398212e+01,5.000000000000000000e-01,2.342207163852228768e-01,3.802055425850691783e+00,1.250000000000000000e+02
8.148059085236292276e+01,-7.447688044013398212e+01,5.000000000000000000e-01,2.343049590622037161e-04,5.067666099922138123e+00,3.100000000000000000e+01
8.198059085236292276e+01,-7.497688044013398212e+01,5.000000000000000000e-01,2.442612948705985554e-01,1.032114401370709089e+00,1.510000000000000000e+02
8.198059085236292276e+01,-7.447688044013398212e+01,5.000000000000000000e-01,1.035446794150255735e-03,4.783548773727052783e+00,2.700000000000000000e+01
8.148059085236292276e+01,-7.397688044013398212e+01,5.000000000000000000e-01,1.999515142578604408e-04,1.424620770980604585e-07,2.500000000000000000e+01
8.148059085236292276e+01,-7.347688044013398212e+01,5.000000000000000000e-01,1.998808165517562685e-04,4.691826323133507337e+00,2.300000000000000000e+01
8.198059085236292276e+01,-7.397688044013398212e+01,5.000000000000000000e-01,1.999468835409838109e-04,4.877985811689955931e+00,2.700000000000000000e+01
8.198059085236292276e+01,-7.347688044013398212e+01,5.000000000000000000e-01,1.999552771424717380e-04,5.120197850890460423e+00,3.000000000000000000e+01
8.248059085236292276e+01,-7.497688044013398212e+01,5.000000000000000000e-01,2.628160257848234371e-01,4.272068701809986990e+00,1.390000000000000000e+02
8.248059085236292276e+01,-7.447688044013398212e+01,5.000000000000000000e-01,7.426158155366957558e-04,4.926408107280336957e+00,3.100000000000000000e+01
8.298059085236292276e+01,-7.497688044013398212e+01,5.000000000000000000e-01,3.104588011814870541e-01,9.993495646649814823e-01,1.410000000000000000e+02
8.298059085236292276e+01,-7.447688044013398212e+01,5.000000000000000000e-01,2.317863871407421783e-03,5.000152092000233139e+00,3.100000000000000000e+01
8.248059085236292276e+01,-7.397688044013398212e+01,5.000000000000000000e-01,1.999523754658246225e-04,4.728227302778188701e+00,3.000000000000000000e+01
8.248059085236292276e+01,-7.347688044013398212e+01,5.000000000000000000e-01,1.999606500282524735e-04,4.673197396131391734e+00,2.600000000000000000e+01
8.298059085236292276e+01,-7.397688044013398212e+01,5.000000000000000000e-01,1.999220661497898841e-04,4.980927312305402310e+00,3.600000000000000000e+01
8.298059085236292276e+01,-7.347688044013398212e+01,5.000000000000000000e-01,1.999810650317179750e-04,5.031522480129757113e+00,3.000000000000000000e+01
8.148059085236292276e+01,-7.297688044013398212e+01,5.000000000000000000e-01,1.998639198429463804e-04,3.602000763769375169e-07,1.600000000000000000e+01
8.148059085236292276e+01,-7.247688044013398212e+01,5.000000000000000000e-01,1.998339795030723565e-04,3.506500685368507675e-07,1.600000000000000000e+01
8.198059085236292276e+01,-7.297688044013398212e+01,5.000000000000000000e-01,1.998680310596689881e-04,5.127258065544751275e+00,2.200000000000000000e+01
8.198059085236292276e+01,-7.247688044013398212e+01,5.000000000000000000e-01,1.999617921771168374e-04,5.231016511226020960e+00,2.300000000000000000e+01
8.148059085236292276e+01,-7.197688044013398212e+01,1.000000000000000000e+00,1.998176276678679587e-04,7.423234395250279463e-07,7.800000000000000000e+01
8.248059085236292276e+01,-7.297688044013398212e+01,5.000000000000000000e-01,1.999292363922045067e-04,4.963104212091911549e+00,1.800000000000000000e+01
8.248059085236292276e+01,-7.247688044013398212e+01,5.000000000000000000e-01,1.999056206664740040e-04,4.997470905386559359e+00,2.300000000000000000e+01
8.298059085236292276e+01,-7.297688044013398212e+01,5.000000000000000000e-01,1.999395919926113153e-04,5.021539615666310574e+00,2.800000000000000000e+01
8.298059085236292276e+01,-7.247688044013398212e+01,5.000000000000000000e-01,1.999276739974575889e-04,5.200569098049035333e+00,2.100000000000000000e+01
8.248059085236292276e+01,-7.197688044013398212e+01,1.000000000000000000e+00,1.998857741608794870e-04,4.451768714330947736e-07,7.500000000000000000e+01
8.148059085236292276e+01,-7.097688044013398212e+01,2.000000000000000000e+00,1.998152652550100382e-04,4.960314509028121259e-07,2.880000000000000000e+02
8.148059085236292276e+01,-6.897688044013398212e+01,2.000000000000000000e+00,1.997921171110750294e-04,4.799874347242440945e-07,2.960000000000000000e+02
8.148059085236292276e+01,-6.697688044013398212e+01,2.000000000000000000e+00,1.998867453638641933e-04,3.934703694419175272e-07,3.450000000000000000e+02
8.148059085236292276e+01,-6.497688044013398212e+01,2.000000000000000000e+00,1.999224354967428898e-04,4.566158173161915645e-07,2.940000000000000000e+02
8.148059085236292276e+01,-6.297688044013398212e+01,1.000000000000000000e+00,1.998915043608088691e-04,9.484935139359612936e-04,5.700000000000000000e+01
8.148059085236292276e+01,-6.197688044013398212e+01,5.000000000000000000e-01,4.179972124967435386e-03,6.280106237575274086e+00,2.300000000000000000e+01
8.148059085236292276e+01,-6.147688044013398212e+01,5.000000000000000000e-01,1.523999855321636898e-01,7.134283488707861665e+00,1.000000000000000000e+01
8.198059085236292276e+01,-6.197688044013398212e+01,5.000000000000000000e-01,6.017308477194394101e-03,1.807055243074987771e+00,1.600000000000000000e+01
8.198059085236292276e+01,-6.147688044013398212e+01,5.000000000000000000e-01,1.523999604335567748e-01,4.150747731912485250e-07,1.100000000000000000e+01
8.248059085236292276e+01,-6.297688044013398212e+01,5.000000000000000000e-01,1.999078249911967584e-04,1.301012765188626741e+00,1.700000000000000000e+01
8.248059085236292276e+01,-6.247688044013398212e+01,5.000000000000000000e-01,1.998546600897377400e-04,1.667782022816232876e-03,1.700000000000000000e+01
8.298059085236292276e+01,-6.297688044013398212e+01,5.000000000000000000e-01,1.998214882801718664e-04,6.754838374201099782e-07,1.200000000000000000e+01
8.298059085236292276e+01,-6.247688044013398212e+01,5.000000000000000000e-01,1.999978385022416151e-04,6.553717445620199200e+00,1.300000000000000000e+01
8.248059085236292276e+01,-6.197688044013398212e+01,5.000000000000000000e-01,6.176841342408501481e-03,8.484113995855306900e-01,1.900000000000000000e+01
8.248059085236292276e+01,-6.147688044013398212e+01,5.000000000000000000e-01,1.523999540959853627e-01,6.366231415921852488e-07,9.000000000000000000e+00
8.298059085236292276e+01,-6.197688044013398212e+01,5.000000000000000000e-01,2.854554220120368579e-02,6.133696174816776647e+00,2.500000000000000000e+01
8.298059085236292276e+01,-6.147688044013398212e+01,5.000000000000000000e-01,1.523999317835490752e-01,5.693274180278286245e+00,1.200000000000000000e+01
8.148059085236292276e+01,-6.097688044013398212e+01,2.000000000000000000e+00,1.523999094888114081e-01,5.102525862311815263e-01,2.090000000000000000e+02
8.148059085236292276e+01,-5.897688044013398212e+01,1.000000000000000000e+00,1.523999918900253436e-01,1.087946879613221896e-06,1.300000000000000000e+01
8.148059085236292276e+01,-5.797688044013398212e+01,1.000000000000000000e+00,1.523998764093841274e-01,8.113914501950425517e-07,2.500000000000000000e+01
8.248059085236292276e+01,-5.897688044013398212e+01,5.000000000000000000e-01,1.524000674459691784e-01,1.396895656036178934e-06,5.000000000000000000e+00
8.298059085236292276e+01,-5.897688044013398212e+01,5.000000000000000000e-01,1.523999777904584962e-01,2.834551572350463289e-07,9.000000000000000000e+00
8.298059085236292276e+01,-5.847688044013398212e+01,5.000000000000000000e-01,1.524000605624504234e-01,5.371632983629931246e+00,8.000000000000000000e+00
8.248059085236292276e+01,-5.797688044013398212e+01,5.000000000000000000e-01,1.524000458094207089e-01,5.727068894869853821e+00,1.000000000000000000e+01
8.248059085236292276e+01,-5.747688044013398212e+01,5.000000000000000000e-01,1.523999283847442265e-01,5.810592060274160531e+00,1.000000000000000000e+01
8.298059085236292276e+01,-5.797688044013398212e+01,5.000000000000000000e-01,1.524000599025687741e-01,5.387428770537548317e+00,1.100000000000000000e+01
8.298059085236292276e+01,-5.747688044013398212e+01,5.000000000000000000e-01,1.523998896450365625e-01,5.416576599110632273e+00,1.000000000000000000e+01
8.148059085236292276e+01,-5.697688044013398212e+01,1.000000000000000000e+00,1.523998816850009597e-01,8.945438394469817922e-07,1.600000000000000000e+01
8.148059085236292276e+01,-5.597688044013398212e+01,5.000000000000000000e-01,1.523998946358617879e-01,2.322150212119566959e-07,1.100000000000000000e+01
8.148059085236292276e+01,-5.547688044013398212e+01,5.000000000000000000e-01,7.248683501956658670e-01,4.627081321544764592e+00,1.150000000000000000e+02
8.198059085236292276e+01,-5.597688044013398212e+01,5.000000000000000000e-01,1.523999379261113951e-01,5.015038871958310551e-07,6.000000000000000000e+00
8.198059085236292276e+01,-5.547688044013398212e+01,5.000000000000000000e-01,9.760992763386651117e-01,4.703136545183123296e+00,1.700000000000000000e+02
8.248059085236292276e+01,-5.697688044013398212e+01,5.000000000000000000e-01,1.523997426631260588e-01,4.071256013382102523e+00,7.000000000000000000e+00
8.298059085236292276e+01,-5.647688044013398212e+01,5.000000000000000000e-01,1.523999593327352575e-01,5.989369403059996877e+00,5.000000000000000000e+00
8.248059085236292276e+01,-5.597688044013398212e+01,5.000000000000000000e-01,1.523998176121004744e-01,3.396442641301344878e-07,8.000000000000000000e+00
8.248059085236292276e+01,-5.547688044013398212e+01,5.000000000000000000e-01,8.095629970340056936e-01,4.940874521742129488e+00,1.560000000000000000e+02
8.298059085236292276e+01,-5.597688044013398212e+01,5.000000000000000000e-01,1.523998586278572931e-01,6.039970198478160412e+00,9.000000000000000000e+00
8.298059085236292276e+01,-5.547688044013398212e+01,5.000000000000000000e-01,6.935743023769398441e-01,4.693487418021804913e+00,9.000000000000000000e+01
8.148059085236292276e+01,-5.497688044013398212e+01,5.000000000000000000e-01,1.406771090238941646e+00,3.685091963443220209e+00,6.400000000000000000e+01
8.198059085236292276e+01,-5.497688044013398212e+01,5.000000000000000000e-01,1.385685650520827261e+00,1.616373393124143965e+00,4.900000000000000000e+01
8.248059085236292276e+01,-5.497688044013398212e+01,5.000000000000000000e-01,1.358445919312816219e+00,1.660146363460106134e+00,6.700000000000000000e+01
8.298059085236292276e+01,-5.497688044013398212e+01,5.000000000000000000e-01,1.327267946822558331e+00,3.998497704121595220e+00,7.300000000000000000e+01
8.348059085236292276e+01,-1.749768804401339821e+02,2.000000000000000000e+00,6.017858353874742938e-02,2.158967300383812793e-03,9.000000000000000000e+00
8.348059085236292276e+01,-1.609768804401339821e+02,2.000000000000000000e+00,1.129501179753338719e-01,1.551866701643464519e-03,1.500000000000000000e+01
8.348059085236292276e+01,-1.589768804401339821e+02,2.000000000000000000e+00,1.158903210324071509e-01,4.492117613036583634e-03,2.100000000000000000e+01
8.348059085236292276e+01,-1.529768804401339821e+02,2.000000000000000000e+00,1.398505670010634638e-01,1.792947336747174880e-03,1.600000000000000000e+01
8.348059085236292276e+01,-1.509768804401339821e+02,2.000000000000000000e+00,1.421360447350781264e-01,6.054913338412071244e-03,3.400000000000000000e+01
8.348059085236292276e+01,-1.489768804401339821e+02,2.000000000000000000e+00,1.503964738062172901e-01,2.004588578926658204e-03,2.300000000000000000e+01
8.348059085236292276e+01,-1.469768804401339821e+02,2.000000000000000000e+00,1.523996475639066150e-01,9.227383782894893471e-07,4.000000000000000000e+01
8.348059085236292276e+01,-1.449768804401339821e+02,2.000000000000000000e+00,1.523995677694437723e-01,9.568343889432284755e-07,3.400000000000000000e+01
8.348059085236292276e+01,-1.429768804401339821e+02,2.000000000000000000e+00,1.079610230756465894e-01,4.443957698557063352e-02,7.500000000000000000e+01
8.348059085236292276e+01,-1.409768804401339821e+02,2.000000000000000000e+00,1.997168730533793843e-04,1.142184187885254554e-01,8.300000000000000000e+01
8.348059085236292276e+01,-1.389768804401339821e+02,2.000000000000000000e+00,1.997210912674241001e-04,1.121319486330218679e-06,1.090000000000000000e+02
8.348059085236292276e+01,-1.369768804401339821e+02,2.000000000000000000e+00,1.997315394638654541e-04,7.946218822718674555e-07,1.280000000000000000e+02
8.348059085236292276e+01,-1.349768804401339821e+02,2.000000000000000000e+00,1.997809226274682823e-04,6.817170761674764927e-07,1.830000000000000000e+02
8.348059085236292276e+01,-1.329768804401339821e+02,2.000000000000000000e+00,1.998049400893542218e-04,7.028597364344907686e-07,2.270000000000000000e+02
8.348059085236292276e+01,-1.309768804401339821e+02,2.000000000000000000e+00,1.998645334091442294e-04,4.593639548744476997e-07,3.210000000000000000e+02
8.348059085236292276e+01,-1.289768804401339821e+02,2.000000000000000000e+00,1.998622092021544114e-04,5.258214520316667560e-07,3.320000000000000000e+02
8.348059085236292276e+01,-1.269768804401339821e+02,2.000000000000000000e+00,1.997230061257552428e-04,5.229220224686075870e-07,2.930000000000000000e+02
8.348059085236292276e+01,-1.249768804401339821e+02,2.000000000000000000e+00,1.996861005607364402e-04,6.619356206049979447e-07,2.820000000000000000e+02
8.348059085236292276e+01,-1.229768804401339821e+02,2.000000000000000000e+00,1.998263624233054313e-04,6.573682686638996926e-07,3.090000000000000000e+02
8.348059085236292276e+01,-1.209768804401339821e+02,2.000000000000000000e+00,1.998293778052939674e-04,1.137244290808674379e-03,3.170000000000000000e+02
8.348059085236292276e+01,-1.189768804401339821e+02,2.000000000000000000e+00,2.508247150512232793e-04,1.521493889527864019e-01,3.810000000000000000e+02
8.348059085236292276e+01,-1.169768804401339821e+02,1.000000000000000000e+00,1.523998929906174027e-01,4.539249839341508164e-07,7.600000000000000000e+01
8.348059085236292276e+01,-1.159768804401339821e+02,1.000000000000000000e+00,1.523998250660916765e-01,5.461587470612094819e-07,7.000000000000000000e+01
8.448059085236292276e+01,-1.169768804401339821e+02,5.000000000000000000e-01,1.524002389040107208e-01,6.506487904032778324e-01,3.200000000000000000e+01
8.448059085236292276e+01,-1.164768804401339821e+02,5.000000000000000000e-01,1.523998660102091063e-01,5.326602334487784418e-07,2.200000000000000000e+01
8.498059085236292276e+01,-1.169768804401339821e+02,5.000000000000000000e-01,4.263034901301063218e-01,5.375642782467525471e+00,1.990000000000000000e+02
8.498059085236292276e+01,-1.164768804401339821e+02,5.000000000000000000e-01,1.523999563040592253e-01,6.731483042224728486e-02,2.300000000000000000e+01
8.448059085236292276e+01,-1.159768804401339821e+02,1.000000000000000000e+00,1.523998650457165649e-01,6.288821758626550462e-07,7.400000000000000000e+01
8.348059085236292276e+01,-1.149768804401339821e+02,2.000000000000000000e+00,1.523998165061968280e-01,6.027543101305710138e-07,2.760000000000000000e+02
8.348059085236292276e+01,-1.129768804401339821e+02,2.000000000000000000e+00,1.523998921064990686e-01,5.474593726406684624e-07,2.250000000000000000e+02
8.348059085236292276e+01,-1.109768804401339821e+02,2.000000000000000000e+00,1.523999149898362104e-01,5.263701676194720847e-07,2.090000000000000000e+02
8.348059085236292276e+01,-1.089768804401339821e+02,2.000000000000000000e+00,1.523999136553491063e-01,6.958180053251439290e-07,1.660000000000000000e+02
8.348059085236292276e+01,-1.069768804401339821e+02,2.000000000000000000e+00,1.523999530680150705e-01,5.333960119424663304e-07,1.290000000000000000e+02
8.348059085236292276e+01,-1.049768804401339821e+02,2.000000000000000000e+00,1.523998707456971913e-01,5.746002091078228347e-07,1.230000000000000000e+02
8.348059085236292276e+01,-1.029768804401339821e+02,1.000000000000000000e+00,1.523998803824690995e-01,5.544039972937842009e-07,2.200000000000000000e+01
8.348059085236292276e+01,-1.019768804401339821e+02,5.000000000000000000e-01,1.523999884563795315e-01,1.311562124517440253e-06,5.000000000000000000e+00
8.348059085236292276e+01,-1.014768804401339821e+02,5.000000000000000000e-01,6.271873394208327124e-01,1.859841641816516455e+00,8.000000000000000000e+01
8.398059085236292276e+01,-1.019768804401339821e+02,5.000000000000000000e-01,1.524000031736544858e-01,5.565485816372284233e-07,5.000000000000000000e+00
8.398059085236292276e+01,-1.014768804401339821e+02,5.000000000000000000e-01,6.511205323523961974e-01,1.783082698310951564e+00,8.500000000000000000e+01
8.448059085236292276e+01,-1.029768804401339821e+02,1.000000000000000000e+00,1.523999673289746504e-01,1.026280958799086207e-06,2.300000000000000000e+01
8.448059085236292276e+01,-1.019768804401339821e+02,5.000000000000000000e-01,1.524000855245203623e-01,2.490997462467614554e-07,5.000000000000000000e+00
8.448059085236292276e+01,-1.014768804401339821e+02,5.000000000000000000e-01,5.252643967789110135e-01,2.189215152822454158e+00,9.300000000000000000e+01
8.498059085236292276e+01,-1.019768804401339821e+02,5.000000000000000000e-01,1.523998588895458250e-01,6.383171816115584818e-07,5.000000000000000000e+00
8.498059085236292276e+01,-1.014768804401339821e+02,5.000000000000000000e-01,7.331332357006730138e-01,2.911988483369272629e+00,9.200000000000000000e+01
8.348059085236292276e+01,-9.947688044013398212e+01,5.000000000000000000e-01,5.198793449570018765e+00,3.232929780052874236e+00,7.000000000000000000e+00
8.398059085236292276e+01,-9.997688044013398212e+01,5.000000000000000000e-01,5.389485515214349931e+00,2.686479586655282858e+00,1.800000000000000000e+01
8.398059085236292276e+01,-9.947688044013398212e+01,5.000000000000000000e-01,5.389361693982299251e+00,2.853041059270183588e+00,4.300000000000000000e+01
8.448059085236292276e+01,-9.997688044013398212e+01,5.000000000000000000e-01,5.332191904820595241e+00,3.034975754846776397e+00,3.000000000000000000e+01
8.448059085236292276e+01,-9.947688044013398212e+01,5.000000000000000000e-01,5.029102436270780352e+00,2.700032178336945421e+00,3.400000000000000000e+01
8.498059085236292276e+01,-9.997688044013398212e+01,5.000000000000000000e-01,5.253418207137834806e+00,2.943742114302801305e+00,2.500000000000000000e+01
8.498059085236292276e+01,-9.947688044013398212e+01,5.000000000000000000e-01,5.523687453760936172e+00,2.262394465971454771e+00,5.100000000000000000e+01
8.348059085236292276e+01,-9.897688044013398212e+01,5.000000000000000000e-01,5.500799451648808791e+00,2.862675013686668102e+00,4.900000000000000000e+01
8.348059085236292276e+01,-9.847688044013398212e+01,5.000000000000000000e-01,3.561276355656352255e+00,4.371392343234672850e+00,1.020000000000000000e+02
8.398059085236292276e+01,-9.897688044013398212e+01,5.000000000000000000e-01,4.914636199767197233e+00,2.415421277176410086e+00,2.400000000000000000e+01
8.398059085236292276e+01,-9.847688044013398212e+01,5.000000000000000000e-01,3.457699907211944534e+00,6.141525162738576071e+00,8.100000000000000000e+01
8.398059085236292276e+01,-9.797688044013398212e+01,5.000000000000000000e-01,2.895190882805014354e+00,7.168322772198818527e+00,1.400000000000000000e+01
8.448059085236292276e+01,-9.897688044013398212e+01,5.000000000000000000e-01,4.914636023376345086e+00,7.014159546514520116e-07,8.000000000000000000e+00
8.448059085236292276e+01,-9.847688044013398212e+01,5.000000000000000000e-01,3.965946636192871466e+00,5.980794799118617888e+00,4.400000000000000000e+01
8.498059085236292276e+01,-9.897688044013398212e+01,5.000000000000000000e-01,4.914636217847253796e+00,1.039141651837383051e-06,5.000000000000000000e+00
8.498059085236292276e+01,-9.847688044013398212e+01,5.000000000000000000e-01,3.156538338913665864e+00,6.387103863302156626e+00,6.600000000000000000e+01
8.448059085236292276e+01,-9.797688044013398212e+01,1.000000000000000000e+00,2.942074943608469884e+00,3.333338375669083753e-01,1.200000000000000000e+01
8.348059085236292276e+01,-8.347688044013398212e+01,5.000000000000000000e-01,1.096480426285521226e+00,4.052453888455672448e+00,1.890000000000000000e+02
8.398059085236292276e+01,-8.347688044013398212e+01,5.000000000000000000e-01,1.218011325090128327e+00,4.118427199364294466e+00,2.220000000000000000e+02
8.448059085236292276e+01,-8.347688044013398212e+01,5.000000000000000000e-01,1.116702625591803555e+00,4.172679189435005043e+00,1.700000000000000000e+02
8.498059085236292276e+01,-8.347688044013398212e+01,5.000000000000000000e-01,1.084351432062745646e+00,4.281356788201875041e+00,2.090000000000000000e+02
8.348059085236292276e+01,-8.297688044013398212e+01,2.000000000000000000e+00,5.133197135602545619e-02,4.091554948435029981e-01,6.500000000000000000e+01
8.348059085236292276e+01,-8.097688044013398212e+01,5.000000000000000000e-01,1.717638988712368031e-01,7.649415031407292842e-01,2.700000000000000000e+01
8.348059085236292276e+01,-8.047688044013398212e+01,5.000000000000000000e-01,1.524000330057266872e-01,5.071356101948609307e+00,7.000000000000000000e+00
8.398059085236292276e+01,-8.097688044013398212e+01,5.000000000000000000e-01,2.272585779937927319e-01,5.183982320636174812e+00,3.000000000000000000e+01
8.398059085236292276e+01,-8.047688044013398212e+01,5.000000000000000000e-01,1.524000461148087848e-01,5.209318846300337924e+00,1.400000000000000000e+01
8.348059085236292276e+01,-7.997688044013398212e+01,5.000000000000000000e-01,1.524000514002739892e-01,5.133327113153068666e+00,1.200000000000000000e+01
8.348059085236292276e+01,-7.947688044013398212e+01,5.000000000000000000e-01,1.524001379175365933e-01,4.720444382836157970e+00,9.000000000000000000e+00
8.398059085236292276e+01,-7.997688044013398212e+01,5.000000000000000000e-01,1.523999814519982066e-01,5.102219489302903810e+00,1.400000000000000000e+01
8.398059085236292276e+01,-7.947688044013398212e+01,5.000000000000000000e-01,1.523999992969331529e-01,4.952283363637758562e+00,1.100000000000000000e+01
8.448059085236292276e+01,-8.097688044013398212e+01,5.000000000000000000e-01,1.796080710580690298e-01,3.471654795513866798e+00,2.700000000000000000e+01
8.448059085236292276e+01,-8.047688044013398212e+01,5.000000000000000000e-01,1.523999422583279806e-01,5.502341746121418353e+00,6.000000000000000000e+00
8.498059085236292276e+01,-8.097688044013398212e+01,5.000000000000000000e-01,1.855004746345961242e-01,2.146896361931065034e+00,3.400000000000000000e+01
8.498059085236292276e+01,-8.047688044013398212e+01,5.000000000000000000e-01,1.523999348387009012e-01,4.852316374656878040e+00,1.200000000000000000e+01
8.448059085236292276e+01,-7.997688044013398212e+01,5.000000000000000000e-01,1.523999610985832531e-01,5.135813492028084681e+00,1.000000000000000000e+01
8.448059085236292276e+01,-7.947688044013398212e+01,5.000000000000000000e-01,1.523999947011245304e-01,4.807514888081662718e+00,1.100000000000000000e+01
8.498059085236292276e+01,-7.997688044013398212e+01,5.000000000000000000e-01,1.523999031250674319e-01,4.880318649452249247e+00,8.000000000000000000e+00
8.498059085236292276e+01,-7.947688044013398212e+01,5.000000000000000000e-01,1.524000399068906886e-01,5.144546511409182621e+00,1.300000000000000000e+01
8.348059085236292276e+01,-7.897688044013398212e+01,5.000000000000000000e-01,1.523999941094604793e-01,4.815803337338872225e+00,1.000000000000000000e+01
8.348059085236292276e+01,-7.847688044013398212e+01,5.000000000000000000e-01,1.524001512741643971e-01,4.642045578150044705e+00,1.100000000000000000e+01
8.398059085236292276e+01,-7.847688044013398212e+01,5.000000000000000000e-01,1.524000883014759167e-01,1.742037256668993450e-07,5.000000000000000000e+00
8.348059085236292276e+01,-7.797688044013398212e+01,5.000000000000000000e-01,1.524001675513644294e-01,4.301321047264393016e+00,1.100000000000000000e+01
8.348059085236292276e+01,-7.747688044013398212e+01,5.000000000000000000e-01,1.524001650025438026e-01,5.133742181667495963e+00,1.200000000000000000e+01
8.448059085236292276e+01,-7.897688044013398212e+01,5.000000000000000000e-01,1.523998577295405943e-01,4.689384189529274494e+00,8.000000000000000000e+00
8.448059085236292276e+01,-7.847688044013398212e+01,5.000000000000000000e-01,1.523999119322438922e-01,4.917574548081041996e+00,1.100000000000000000e+01
8.498059085236292276e+01,-7.897688044013398212e+01,5.000000000000000000e-01,1.524000432915432468e-01,4.766814592991488020e+00,8.000000000000000000e+00
8.498059085236292276e+01,-7.847688044013398212e+01,5.000000000000000000e-01,1.524004124722570519e-01,4.716655524574032476e+00,1.900000000000000000e+01
8.448059085236292276e+01,-7.797688044013398212e+01,5.000000000000000000e-01,1.523999224022888066e-01,4.469305467793316389e+00,9.000000000000000000e+00
8.448059085236292276e+01,-7.747688044013398212e+01,5.000000000000000000e-01,4.625468605500138608e+00,1.069861376896987792e-01,8.000000000000000000e+00
8.498059085236292276e+01,-7.797688044013398212e+01,5.000000000000000000e-01,1.524001108557687112e-01,4.854621904758142037e+00,1.900000000000000000e+01
8.498059085236292276e+01,-7.747688044013398212e+01,5.000000000000000000e-01,1.523999135709539487e-01,4.737895544078146060e+00,1.100000000000000000e+01
8.348059085236292276e+01,-7.697688044013398212e+01,5.000000000000000000e-01,4.591079697894456801e-01,4.757580588675211608e+00,2.300000000000000000e+01
8.348059085236292276e+01,-7.647688044013398212e+01,5.000000000000000000e-01,1.631293029784091075e+00,2.779539297713080614e+00,1.420000000000000000e+02
8.398059085236292276e+01,-7.697688044013398212e+01,5.000000000000000000e-01,1.367408171755961854e+00,3.591604168553589105e+00,5.600000000000000000e+01
8.398059085236292276e+01,-7.647688044013398212e+01,5.000000000000000000e-01,1.162624896768811977e+00,3.419772810387635253e+00,1.840000000000000000e+02
8.348059085236292276e+01,-7.597688044013398212e+01,5.000000000000000000e-01,4.476380403143236819e+00,1.744351943678248418e-01,8.000000000000000000e+00
8.348059085236292276e+01,-7.547688044013398212e+01,5.000000000000000000e-01,7.503345498821547555e-01,3.929389249377523541e+00,2.600000000000000000e+01
8.398059085236292276e+01,-7.597688044013398212e+01,5.000000000000000000e-01,5.236020097782230209e-01,3.717083641272763472e+00,6.000000000000000000e+00
8.398059085236292276e+01,-7.547688044013398212e+01,5.000000000000000000e-01,7.208383293446510853e-01,4.184324216589607737e+00,2.300000000000000000e+01
8.448059085236292276e+01,-7.697688044013398212e+01,5.000000000000000000e-01,1.632935338532785496e-01,4.663861705695000026e+00,1.200000000000000000e+01
8.448059085236292276e+01,-7.647688044013398212e+01,5.000000000000000000e-01,2.400670401348241889e-01,4.846327985141670069e+00,1.500000000000000000e+01
8.498059085236292276e+01,-7.647688044013398212e+01,5.000000000000000000e-01,1.524000126410476885e-01,4.876073009286004734e+00,1.900000000000000000e+01
8.448059085236292276e+01,-7.597688044013398212e+01,5.000000000000000000e-01,2.213891926783065900e-01,2.981075855021910748e-01,1.500000000000000000e+01
8.448059085236292276e+01,-7.547688044013398212e+01,5.000000000000000000e-01,5.816554452332373115e-01,3.199433315214874174e+00,2.800000000000000000e+01
8.498059085236292276e+01,-7.547688044013398212e+01,5.000000000000000000e-01,5.359154210383688666e-01,3.849291967537376458e+00,2.600000000000000000e+01
8.348059085236292276e+01,-7.497688044013398212e+01,5.000000000000000000e-01,3.497500902920007704e-01,3.295364217492814163e+00,1.460000000000000000e+02
8.348059085236292276e+01,-7.447688044013398212e+01,5.000000000000000000e-01,1.196295559595942715e-03,5.097691411781194226e+00,3.200000000000000000e+01
8.398059085236292276e+01,-7.497688044013398212e+01,5.000000000000000000e-01,2.165625248322646801e-01,9.783805885393261903e-01,1.280000000000000000e+02
8.398059085236292276e+01,-7.447688044013398212e+01,5.000000000000000000e-01,1.134022989592095056e-03,5.069175730616394482e+00,3.000000000000000000e+01
8.348059085236292276e+01,-7.397688044013398212e+01,5.000000000000000000e-01,1.999641710282773542e-04,4.797305339927253165e+00,2.800000000000000000e+01
8.348059085236292276e+01,-7.347688044013398212e+01,5.000000000000000000e-01,1.999933240390916554e-04,4.781240244441479881e+00,2.700000000000000000e+01
8.398059085236292276e+01,-7.397688044013398212e+01,5.000000000000000000e-01,1.998755660535719012e-04,5.206239085959100343e+00,2.300000000000000000e+01
8.398059085236292276e+01,-7.347688044013398212e+01,5.000000000000000000e-01,2.000042573448250201e-04,5.233585232212023541e+00,2.700000000000000000e+01
8.448059085236292276e+01,-7.497688044013398212e+01,1.000000000000000000e+00,1.372427368881572463e-01,1.122697959806405521e+00,3.060000000000000000e+02
8.448059085236292276e+01,-7.397688044013398212e+01,5.000000000000000000e-01,1.999456534720334133e-04,5.228589412726183383e+00,2.600000000000000000e+01
8.448059085236292276e+01,-7.347688044013398212e+01,5.000000000000000000e-01,1.999865767704870625e-04,5.389467774262928224e+00,2.400000000000000000e+01
8.498059085236292276e+01,-7.397688044013398212e+01,5.000000000000000000e-01,1.999355888488096812e-04,5.444915260228365028e+00,2.800000000000000000e+01
8.498059085236292276e+01,-7.347688044013398212e+01,5.000000000000000000e-01,1.999379237657139541e-04,3.559354639137755991e-07,2.200000000000000000e+01
8.348059085236292276e+01,-7.297688044013398212e+01,2.000000000000000000e+00,1.998684793312814178e-04,6.011918247080308680e-07,3.130000000000000000e+02
8.348059085236292276e+01,-7.097688044013398212e+01,2.000000000000000000e+00,1.998772494343548144e-04,5.048406301000286835e-07,2.950000000000000000e+02
8.348059085236292276e+01,-6.897688044013398212e+01,2.000000000000000000e+00,1.998845292708217761e-04,4.594160429860494332e-07,2.930000000000000000e+02
8.348059085236292276e+01,-6.697688044013398212e+01,2.000000000000000000e+00,1.999004897183187469e-04,4.782300313310782012e-07,3.350000000000000000e+02
8.348059085236292276e+01,-6.497688044013398212e+01,1.000000000000000000e+00,1.998741245120783051e-04,6.269493035171598821e-07,8.000000000000000000e+01
8.348059085236292276e+01,-6.397688044013398212e+01,1.000000000000000000e+00,1.998932617581772320e-04,1.324210723474561219e-06,6.800000000000000000e+01
8.448059085236292276e+01,-6.497688044013398212e+01,5.000000000000000000e-01,1.999257828235290299e-04,3.438875873284846438e-07,1.800000000000000000e+01
8.448059085236292276e+01,-6.447688044013398212e+01,5.000000000000000000e-01,1.998886159172504507e-04,6.350285968076391896e+00,2.400000000000000000e+01
8.498059085236292276e+01,-6.497688044013398212e+01,5.000000000000000000e-01,1.999596191168961923e-04,6.433392854228472402e+00,2.600000000000000000e+01
8.498059085236292276e+01,-6.447688044013398212e+01,5.000000000000000000e-01,1.999300258078484714e-04,6.941545120572993000e+00,1.700000000000000000e+01
8.448059085236292276e+01,-6.397688044013398212e+01,5.000000000000000000e-01,1.999114967672799173e-04,5.856882899601965953e+00,2.200000000000000000e+01
8.448059085236292276e+01,-6.347688044013398212e+01,5.000000000000000000e-01,1.998621457257598877e-04,1.489982953692367218e+00,1.600000000000000000e+01
8.498059085236292276e+01,-6.397688044013398212e+01,5.000000000000000000e-01,1.998217909810584667e-04,5.675620450945665141e+00,2.200000000000000000e+01
8.498059085236292276e+01,-6.347688044013398212e+01,5.000000000000000000e-01,1.998476627657286232e-04,5.561992512247470266e+00,2.200000000000000000e+01
8.348059085236292276e+01,-6.297688044013398212e+01,1.000000000000000000e+00,1.999122301330480411e-04,4.000445032796839939e-04,6.100000000000000000e+01
8.348059085236292276e+01,-6.197688044013398212e+01,5.000000000000000000e-01,4.914460787198748730e-03,5.653576553807375227e+00,2.200000000000000000e+01
8.348059085236292276e+01,-6.147688044013398212e+01,5.000000000000000000e-01,1.523998693367047963e-01,5.588376927051320386e+00,1.600000000000000000e+01
8.398059085236292276e+01,-6.197688044013398212e+01,5.000000000000000000e-01,4.235450352061113748e-03,1.481645172642051811e-01,1.600000000000000000e+01
8.398059085236292276e+01,-6.147688044013398212e+01,5.000000000000000000e-01,1.523998923567672636e-01,5.652431499338075760e+00,1.500000000000000000e+01
8.448059085236292276e+01,-6.297688044013398212e+01,5.000000000000000000e-01,1.999128983224629454e-04,6.070021560686167383e+00,1.900000000000000000e+01
8.448059085236292276e+01,-6.247688044013398212e+01,5.000000000000000000e-01,1.999873835781151746e-04,1.283738124133381722e-03,1.400000000000000000e+01
8.498059085236292276e+01,-6.297688044013398212e+01,5.000000000000000000e-01,1.998878230307532425e-04,5.837696410304300088e+00,1.800000000000000000e+01
8.498059085236292276e+01,-6.247688044013398212e+01,5.000000000000000000e-01,1.999998880855002881e-04,5.866620849784339953e+00,1.700000000000000000e+01
8.448059085236292276e+01,-6.197688044013398212e+01,5.000000000000000000e-01,4.458917131543893575e-03,5.563898772582726693e+00,2.200000000000000000e+01
8.448059085236292276e+01,-6.147688044013398212e+01,5.000000000000000000e-01,1.523999028624213881e-01,5.703305644470342273e+00,1.900000000000000000e+01
8.498059085236292276e+01,-6.197688044013398212e+01,5.000000000000000000e-01,5.151319362352690945e-03,5.864901326167293760e+00,2.600000000000000000e+01
8.498059085236292276e+01,-6.147688044013398212e+01,5.000000000000000000e-01,1.523996520077499639e-01,1.968977601075903472e+00,1.400000000000000000e+01
8.348059085236292276e+01,-6.097688044013398212e+01,5.000000000000000000e-01,1.523998995553390579e-01,5.666963313828430771e+00,2.100000000000000000e+01
8.348059085236292276e+01,-6.047688044013398212e+01,5.000000000000000000e-01,1.523998349445171985e-01,2.353886939809868295e-07,8.000000000000000000e+00
8.398059085236292276e+01,-6.097688044013398212e+01,5.000000000000000000e-01,1.523999834034039103e-01,5.489226129672346133e+00,2.200000000000000000e+01
8.398059085236292276e+01,-6.047688044013398212e+01,5.000000000000000000e-01,1.523998720546337893e-01,5.281446942733341920e+00,1.100000000000000000e+01
8.348059085236292276e+01,-5.997688044013398212e+01,5.000000000000000000e-01,1.523999780418981709e-01,5.578299419395153613e+00,1.200000000000000000e+01
8.398059085236292276e+01,-5.997688044013398212e+01,5.000000000000000000e-01,1.523998596149599982e-01,4.029812197270388197e-07,5.000000000000000000e+00
8.398059085236292276e+01,-5.947688044013398212e+01,5.000000000000000000e-01,1.524001457962680384e-01,5.849432813060390757e+00,1.000000000000000000e+01
8.448059085236292276e+01,-6.097688044013398212e+01,5.000000000000000000e-01,1.523999875640037749e-01,5.381798873667927197e+00,1.900000000000000000e+01
8.448059085236292276e+01,-6.047688044013398212e+01,5.000000000000000000e-01,1.523998751457509293e-01,2.611203278446352360e+00,1.100000000000000000e+01
8.498059085236292276e+01,-6.097688044013398212e+01,5.000000000000000000e-01,1.603464522571821094e-01,3.855090087880044258e-01,3.400000000000000000e+01
8.498059085236292276e+01,-6.047688044013398212e+01,5.000000000000000000e-01,3.119323374770823776e-01,2.067228671328955603e+00,1.400000000000000000e+01
8.448059085236292276e+01,-5.997688044013398212e+01,5.000000000000000000e-01,1.523999924399364048e-01,2.688226841672964440e+00,1.100000000000000000e+01
8.498059085236292276e+01,-5.997688044013398212e+01,5.000000000000000000e-01,3.244620369989208442e-01,5.048956013600167658e+00,1.100000000000000000e+01
8.348059085236292276e+01,-5.897688044013398212e+01,5.000000000000000000e-01,1.523998296896683924e-01,5.798107095893217711e+00,9.000000000000000000e+00
8.398059085236292276e+01,-5.897688044013398212e+01,5.000000000000000000e-01,1.523997910414973123e-01,5.435198029687841270e+00,1.200000000000000000e+01
8.398059085236292276e+01,-5.847688044013398212e+01,5.000000000000000000e-01,3.147183861934409244e+00,2.472681608664089481e+00,1.400000000000000000e+01
8.348059085236292276e+01,-5.797688044013398212e+01,5.000000000000000000e-01,1.523999588199392297e-01,5.303806059917947735e+00,9.000000000000000000e+00
8.398059085236292276e+01,-5.797688044013398212e+01,5.000000000000000000e-01,1.524000872269479778e-01,5.636395643108446762e+00,6.000000000000000000e+00
8.398059085236292276e+01,-5.747688044013398212e+01,5.000000000000000000e-01,1.523999890307012883e-01,5.823890091294359195e-07,6.000000000000000000e+00
8.448059085236292276e+01,-5.847688044013398212e+01,5.000000000000000000e-01,1.523999137909717305e-01,5.184008095312880648e+00,6.000000000000000000e+00
8.498059085236292276e+01,-5.897688044013398212e+01,5.000000000000000000e-01,1.523999757766184293e-01,5.176863662761012286e+00,9.000000000000000000e+00
8.498059085236292276e+01,-5.847688044013398212e+01,5.000000000000000000e-01,5.166382618770848367e+00,5.262962890143541017e-02,6.000000000000000000e+00
8.448059085236292276e+01,-5.797688044013398212e+01,5.000000000000000000e-01,1.523997903584959346e-01,5.644824579628430428e+00,9.000000000000000000e+00
8.498059085236292276e+01,-5.747688044013398212e+01,5.000000000000000000e-01,1.523998282808984861e-01,5.805341793951868112e-07,6.000000000000000000e+00
8.348059085236292276e+01,-5.647688044013398212e+01,5.000000000000000000e-01,1.523998940243501410e-01,5.847398173008905964e+00,1.000000000000000000e+01
8.398059085236292276e+01,-5.647688044013398212e+01,5.000000000000000000e-01,1.523999053683410543e-01,1.930970101593487698e-07,7.000000000000000000e+00
8.348059085236292276e+01,-5.597688044013398212e+01,5.000000000000000000e-01,1.523999522264007922e-01,5.327203959071269423e-07,6.000000000000000000e+00
8.348059085236292276e+01,-5.547688044013398212e+01,5.000000000000000000e-01,6.702348611667561240e-01,4.138248535268605366e+00,1.270000000000000000e+02
8.398059085236292276e+01,-5.597688044013398212e+01,5.000000000000000000e-01,1.523998675823410309e-01,4.279036676835000996e+00,6.000000000000000000e+00
8.398059085236292276e+01,-5.547688044013398212e+01,5.000000000000000000e-01,7.546095077370410520e-01,4.115806704645712522e+00,7.800000000000000000e+01
8.448059085236292276e+01,-5.647688044013398212e+01,5.000000000000000000e-01,1.523999803448932988e-01,4.309464120049798730e+00,5.000000000000000000e+00
8.498059085236292276e+01,-5.697688044013398212e+01,5.000000000000000000e-01,1.523998807028957292e-01,6.222313372050702895e-07,5.000000000000000000e+00
8.448059085236292276e+01,-5.597688044013398212e+01,5.000000000000000000e-01,1.523996906095179682e-01,3.574616173063205338e-07,6.000000000000000000e+00
8.448059085236292276e+01,-5.547688044013398212e+01,5.000000000000000000e-01,7.276981472582392252e-01,4.638326614429284511e+00,1.030000000000000000e+02
8.498059085236292276e+01,-5.597688044013398212e+01,5.000000000000000000e-01,1.523999006869141692e-01,5.306903891812912555e+00,1.000000000000000000e+01
8.498059085236292276e+01,-5.547688044013398212e+01,5.000000000000000000e-01,3.152788688933401140e+00,1.689215039738483526e+00,9.600000000000000000e+01
8.348059085236292276e+01,-5.497688044013398212e+01,5.000000000000000000e-01,1.644150998319159562e+00,4.069310643652389814e+00,9.400000000000000000e+01
8.398059085236292276e+01,-5.497688044013398212e+01,5.000000000000000000e-01,1.582899909835804308e+00,4.332703167575846948e+00,7.800000000000000000e+01
8.448059085236292276e+01,-5.497688044013398212e+01,5.000000000000000000e-01,1.546382408452369628e+00,4.079189060409822432e+00,8.800000000000000000e+01
8.498059085236292276e+01,-5.497688044013398212e+01,5.000000000000000000e-01,1.046040648046608679e+00,4.380967236475373561e+00,6.000000000000000000e+01
8.498059085236292276e+01,-5.447688044013398212e+01,5.000000000000000000e-01,5.023731599093360645e-01,2.473531397562599210e+00,3.700000000000000000e+01
8.498059085236292276e+01,-5.397688044013398212e+01,5.000000000000000000e-01,1.274229480582041329e+00,1.772487734754613964e+00,2.300000000000000000e+01
8.498059085236292276e+01,-5.347688044013398212e+01,5.000000000000000000e-01,4.349248389725812736e-01,1.993757451559379668e+00,1.900000000000000000e+01
8.498059085236292276e+01,-5.297688044013398212e+01,5.000000000000000000e-01,1.239137963274727472e+00,1.655496615053430709e+00,4.500000000000000000e+01
8.548059085236292276e+01,-1.749768804401339821e+02,2.000000000000000000e+00,5.984723182667783803e-02,4.662639258748102478e-03,1.900000000000000000e+01
8.548059085236292276e+01,-1.589768804401339821e+02,2.000000000000000000e+00,1.132896476652537621e-01,5.466054333115422104e-03,2.200000000000000000e+01
8.548059085236292276e+01,-1.569768804401339821e+02,2.000000000000000000e+00,1.194198273601685401e-01,5.062022506199956307e-03,5.000000000000000000e+00
8.548059085236292276e+01,-1.509768804401339821e+02,2.000000000000000000e+00,1.411363895736808816e-01,4.313626334300491028e-03,3.500000000000000000e+01
8.548059085236292276e+01,-1.489768804401339821e+02,2.000000000000000000e+00,1.466993779622742800e-01,5.093277039805776951e-03,2.100000000000000000e+01
8.548059085236292276e+01,-1.469768804401339821e+02,2.000000000000000000e+00,1.523997949964493448e-01,1.238969452548310812e-04,2.800000000000000000e+01
8.548059085236292276e+01,-1.449768804401339821e+02,2.000000000000000000e+00,1.523995152555953914e-01,1.902176335055738576e-06,4.300000000000000000e+01
8.548059085236292276e+01,-1.429768804401339821e+02,2.000000000000000000e+00,1.523995749122999399e-01,1.362990275977082888e-06,5.100000000000000000e+01
8.548059085236292276e+01,-1.409768804401339821e+02,2.000000000000000000e+00,3.068561398186275650e-03,1.493317123032518179e-01,9.200000000000000000e+01
8.548059085236292276e+01,-1.389768804401339821e+02,2.000000000000000000e+00,1.995357719424717294e-04,1.225136226079559520e-06,8.400000000000000000e+01
8.548059085236292276e+01,-1.369768804401339821e+02,2.000000000000000000e+00,1.997962210227299806e-04,1.057775940171978846e-06,1.110000000000000000e+02
8.548059085236292276e+01,-1.349768804401339821e+02,2.000000000000000000e+00,1.997787663796657398e-04,1.235504536567511025e-06,1.460000000000000000e+02
8.548059085236292276e+01,-1.329768804401339821e+02,2.000000000000000000e+00,1.997754299247311957e-04,8.181261751616321267e-07,2.090000000000000000e+02
8.548059085236292276e+01,-1.309768804401339821e+02,2.000000000000000000e+00,1.998139505427598659e-04,6.017485377096567882e-07,2.530000000000000000e+02
8.548059085236292276e+01,-1.289768804401339821e+02,2.000000000000000000e+00,1.998485291221818619e-04,4.268556604070160385e-07,3.220000000000000000e+02
8.548059085236292276e+01,-1.269768804401339821e+02,2.000000000000000000e+00,1.997590817594652288e-04,6.415921621649614374e-07,3.200000000000000000e+02
8.548059085236292276e+01,-1.249768804401339821e+02,2.000000000000000000e+00,1.997291744341822659e-04,6.230526239714212142e-07,2.980000000000000000e+02
8.548059085236292276e+01,-1.229768804401339821e+02,2.000000000000000000e+00,1.997653457050496521e-04,6.448333341846465734e-07,2.980000000000000000e+02
8.548059085236292276e+01,-1.209768804401339821e+02,2.000000000000000000e+00,1.997798627049185427e-04,6.633722438031952606e-07,3.110000000000000000e+02
8.548059085236292276e+01,-1.189768804401339821e+02,2.000000000000000000e+00,1.998235890163790884e-04,1.490157269177693139e-04,3.050000000000000000e+02
8.548059085236292276e+01,-1.169768804401339821e+02,2.000000000000000000e+00,2.000803324356962621e-04,1.522000286471346386e-01,3.630000000000000000e+02
8.548059085236292276e+01,-1.149768804401339821e+02,2.000000000000000000e+00,1.523997740530819434e-01,5.319314888563297927e-07,3.500000000000000000e+02
8.548059085236292276e+01,-1.129768804401339821e+02,2.000000000000000000e+00,1.523999349465702535e-01,3.730881444341527242e-07,2.980000000000000000e+02
8.548059085236292276e+01,-1.109768804401339821e+02,2.000000000000000000e+00,1.523998964056826888e-01,4.369270769355448891e-07,2.480000000000000000e+02
8.548059085236292276e+01,-1.089768804401339821e+02,2.000000000000000000e+00,1.523999208232811320e-01,6.108313883590454907e-07,2.110000000000000000e+02
8.548059085236292276e+01,-1.069768804401339821e+02,2.000000000000000000e+00,1.523998865104743139e-01,7.590941383250893182e-07,1.760000000000000000e+02
8.548059085236292276e+01,-1.049768804401339821e+02,2.000000000000000000e+00,1.523998902603254102e-01,6.423356926077428142e-07,1.620000000000000000e+02
8.548059085236292276e+01,-1.029768804401339821e+02,1.000000000000000000e+00,1.523999011584132590e-01,8.525183732011054616e-07,2.900000000000000000e+01
8.548059085236292276e+01,-1.019768804401339821e+02,5.000000000000000000e-01,1.523997823623339798e-01,7.358222096631727993e-07,5.000000000000000000e+00
8.548059085236292276e+01,-1.014768804401339821e+02,5.000000000000000000e-01,6.180213569365833326e-01,3.046796118159099009e+00,9.700000000000000000e+01
8.598059085236292276e+01,-1.019768804401339821e+02,5.000000000000000000e-01,1.523998775865697541e-01,6.335069320795305714e-07,8.000000000000000000e+00
8.598059085236292276e+01,-1.014768804401339821e+02,5.000000000000000000e-01,5.685013504033911147e-01,1.858675855526316312e+00,9.100000000000000000e+01
8.648059085236292276e+01,-1.029768804401339821e+02,1.000000000000000000e+00,1.523999497286553095e-01,6.577384347172809953e-07,3.800000000000000000e+01
8.648059085236292276e+01,-1.019768804401339821e+02,5.000000000000000000e-01,1.524001080126629049e-01,4.757603520033626410e-07,6.000000000000000000e+00
8.648059085236292276e+01,-1.014768804401339821e+02,5.000000000000000000e-01,6.592606594308733081e-01,3.005552398002696357e+00,1.030000000000000000e+02
8.698059085236292276e+01,-1.019768804401339821e+02,5.000000000000000000e-01,1.523998760686113840e-01,7.330982219055925952e-07,1.100000000000000000e+01
8.698059085236292276e+01,-1.014768804401339821e+02,5.000000000000000000e-01,5.463151898098784764e-01,1.899507897606996121e+00,1.040000000000000000e+02
8.548059085236292276e+01,-9.997688044013398212e+01,5.000000000000000000e-01,5.524872447517738649e+00,2.685674467162415979e+00,3.000000000000000000e+01
8.548059085236292276e+01,-9.947688044013398212e+01,5.000000000000000000e-01,5.096944145115921643e+00,1.832107541832908915e+00,2.100000000000000000e+01
8.548059085236292276e+01,-9.897688044013398212e+01,5.000000000000000000e-01,4.924886441319587860e+00,1.459984765389068073e+00,5.000000000000000000e+00
8.548059085236292276e+01,-9.847688044013398212e+01,5.000000000000000000e-01,3.269732048723511753e+00,5.753148832336323792e+00,7.600000000000000000e+01
8.598059085236292276e+01,-9.897688044013398212e+01,5.000000000000000000e-01,5.031879418862354569e+00,1.078852147817432439e+00,1.300000000000000000e+01
8.598059085236292276e+01,-9.847688044013398212e+01,5.000000000000000000e-01,3.385036229060966573e+00,6.250572249546054948e+00,8.500000000000000000e+01
8.648059085236292276e+01,-9.847688044013398212e+01,5.000000000000000000e-01,4.116033742989213096e+00,5.239056338418828673e+00,9.500000000000000000e+01
8.698059085236292276e+01,-9.847688044013398212e+01,5.000000000000000000e-01,4.820037859418636828e+00,4.827734806246951393e+00,8.200000000000000000e+01
8.648059085236292276e+01,-9.797688044013398212e+01,5.000000000000000000e-01,3.128113084443968184e+00,1.226101115688570609e+00,2.100000000000000000e+01
8.698059085236292276e+01,-9.797688044013398212e+01,5.000000000000000000e-01,3.022877574655002952e+00,4.354478772932473873e+00,3.800000000000000000e+01
8.548059085236292276e+01,-8.347688044013398212e+01,5.000000000000000000e-01,1.038414705484631106e+00,3.924113447284924838e+00,1.720000000000000000e+02
8.598059085236292276e+01,-8.347688044013398212e+01,5.000000000000000000e-01,1.058175810669084171e+00,4.055508024594034033e+00,1.790000000000000000e+02
8.648059085236292276e+01,-8.347688044013398212e+01,5.000000000000000000e-01,1.214398959761965990e+00,3.810818785169705514e+00,1.700000000000000000e+02
8.698059085236292276e+01,-8.347688044013398212e+01,5.000000000000000000e-01,1.223160723264375305e+00,3.747779780152895590e+00,1.860000000000000000e+02
8.548059085236292276e+01,-8.297688044013398212e+01,2.000000000000000000e+00,5.254395254788737368e-01,2.200885467162817521e-01,1.600000000000000000e+01
8.548059085236292276e+01,-8.097688044013398212e+01,5.000000000000000000e-01,1.855001777131203566e-01,3.030272412440915275e-07,7.000000000000000000e+00
8.548059085236292276e+01,-8.047688044013398212e+01,5.000000000000000000e-01,1.524000524664206324e-01,5.228146952728295105e+00,6.000000000000000000e+00
8.598059085236292276e+01,-8.097688044013398212e+01,5.000000000000000000e-01,1.855002783558211132e-01,6.607116679536368942e-01,2.200000000000000000e+01
8.598059085236292276e+01,-8.047688044013398212e+01,5.000000000000000000e-01,1.523999059684991997e-01,2.851957871397619027e+00,1.000000000000000000e+01
8.548059085236292276e+01,-7.997688044013398212e+01,5.000000000000000000e-01,1.523999702798342071e-01,5.292839844034319619e+00,1.700000000000000000e+01
8.548059085236292276e+01,-7.947688044013398212e+01,5.000000000000000000e-01,1.523999426897780229e-01,5.038391314855156899e+00,1.000000000000000000e+01
8.598059085236292276e+01,-7.997688044013398212e+01,5.000000000000000000e-01,1.523999088945221791e-01,5.405240589115466676e+00,1.800000000000000000e+01
8.598059085236292276e+01,-7.947688044013398212e+01,5.000000000000000000e-01,1.523998821868080000e-01,5.480165035086175251e+00,1.600000000000000000e+01
8.648059085236292276e+01,-8.097688044013398212e+01,1.000000000000000000e+00,2.327523465896556842e-01,6.845213548422949268e-01,8.700000000000000000e+01
8.648059085236292276e+01,-7.997688044013398212e+01,5.000000000000000000e-01,1.523999404038047234e-01,3.108479538681069965e+00,9.000000000000000000e+00
8.648059085236292276e+01,-7.947688044013398212e+01,5.000000000000000000e-01,1.524000250918343125e-01,5.512726000098473023e+00,1.800000000000000000e+01
8.698059085236292276e+01,-7.997688044013398212e+01,5.000000000000000000e-01,1.523998641970435719e-01,6.377455976924739645e-07,1.000000000000000000e+01
8.698059085236292276e+01,-7.947688044013398212e+01,5.000000000000000000e-01,1.524000496215773270e-01,5.634533508899487231e+00,1.900000000000000000e+01
8.548059085236292276e+01,-7.897688044013398212e+01,5.000000000000000000e-01,1.524000319211354371e-01,5.708198280307057004e+00,1.800000000000000000e+01
8.548059085236292276e+01,-7.847688044013398212e+01,5.000000000000000000e-01,1.524001710051008374e-01,4.667806844409396305e+00,1.100000000000000000e+01
8.598059085236292276e+01,-7.897688044013398212e+01,5.000000000000000000e-01,1.524001749457576937e-01,6.255991737787599760e+00,1.700000000000000000e+01
8.598059085236292276e+01,-7.847688044013398212e+01,5.000000000000000000e-01,1.524000263707333269e-01,6.131771858196267466e+00,2.400000000000000000e+01
8.548059085236292276e+01,-7.797688044013398212e+01,5.000000000000000000e-01,1.523998043076870701e-01,4.653922778950416728e+00,1.600000000000000000e+01
8.548059085236292276e+01,-7.747688044013398212e+01,5.000000000000000000e-01,1.523998158402439240e-01,4.910767658558827797e+00,8.000000000000000000e+00
8.598059085236292276e+01,-7.797688044013398212e+01,5.000000000000000000e-01,1.524000335399433581e-01,5.035223889824948174e+00,1.100000000000000000e+01
8.598059085236292276e+01,-7.747688044013398212e+01,5.000000000000000000e-01,1.524001388526849965e-01,5.658021101582625612e+00,1.100000000000000000e+01
8.648059085236292276e+01,-7.897688044013398212e+01,5.000000000000000000e-01,1.523999588771857983e-01,6.600015195296252024e+00,1.800000000000000000e+01
8.648059085236292276e+01,-7.847688044013398212e+01,5.000000000000000000e-01,1.523999835830910088e-01,6.165184854878192233e+00,2.400000000000000000e+01
8.698059085236292276e+01,-7.897688044013398212e+01,5.000000000000000000e-01,1.523999345602739253e-01,5.750243276169985762e+00,1.500000000000000000e+01
8.698059085236292276e+01,-7.847688044013398212e+01,5.000000000000000000e-01,1.524000132965279419e-01,7.317582344572437947e+00,2.800000000000000000e+01
8.648059085236292276e+01,-7.797688044013398212e+01,5.000000000000000000e-01,1.523999046361936005e-01,5.607854883869222817e+00,1.400000000000000000e+01
8.648059085236292276e+01,-7.747688044013398212e+01,5.000000000000000000e-01,1.523999578145076583e-01,5.962924371182173999e+00,1.300000000000000000e+01
8.698059085236292276e+01,-7.797688044013398212e+01,5.000000000000000000e-01,1.523999177683065809e-01,5.464851716892829003e+00,1.300000000000000000e+01
8.698059085236292276e+01,-7.747688044013398212e+01,5.000000000000000000e-01,1.523998885028252093e-01,5.920147729421721294e+00,1.800000000000000000e+01
8.548059085236292276e+01,-7.697688044013398212e+01,5.000000000000000000e-01,1.524000232872082528e-01,4.970750972990055416e+00,1.300000000000000000e+01
8.548059085236292276e+01,-7.647688044013398212e+01,5.000000000000000000e-01,1.523998359339375774e-01,4.813807633521994589e+00,1.900000000000000000e+01
8.598059085236292276e+01,-7.697688044013398212e+01,5.000000000000000000e-01,6.954685356899290571e-01,4.632388771853357845e+00,2.100000000000000000e+01
8.598059085236292276e+01,-7.647688044013398212e+01,5.000000000000000000e-01,5.365078215228221703e-01,4.644889197704943129e+00,3.100000000000000000e+01
8.548059085236292276e+01,-7.597688044013398212e+01,5.000000000000000000e-01,1.524003362985957288e-01,4.983089972038809989e+00,1.700000000000000000e+01
8.548059085236292276e+01,-7.547688044013398212e+01,5.000000000000000000e-01,5.094973966852610614e-01,1.065161401430717802e+00,2.000000000000000000e+01
8.598059085236292276e+01,-7.597688044013398212e+01,5.000000000000000000e-01,1.523996310756143280e-01,5.350018680306678931e+00,1.300000000000000000e+01
8.598059085236292276e+01,-7.547688044013398212e+01,5.000000000000000000e-01,3.443080557024207344e-01,4.876380108655013146e+00,4.400000000000000000e+01
8.648059085236292276e+01,-7.697688044013398212e+01,5.000000000000000000e-01,2.539555723904949325e-01,5.236727047127514467e+00,4.900000000000000000e+01
8.648059085236292276e+01,-7.647688044013398212e+01,5.000000000000000000e-01,1.989444912701408552e-01,5.421119676629971629e+00,4.300000000000000000e+01
8.698059085236292276e+01,-7.697688044013398212e+01,5.000000000000000000e-01,1.523999740118709423e-01,6.138115571519288771e+00,1.700000000000000000e+01
8.698059085236292276e+01,-7.647688044013398212e+01,5.000000000000000000e-01,1.523999308871309688e-01,6.163390695955447640e+00,1.800000000000000000e+01
8.648059085236292276e+01,-7.597688044013398212e+01,5.000000000000000000e-01,1.523999148652997460e-01,5.449616689493947952e+00,1.900000000000000000e+01
8.648059085236292276e+01,-7.547688044013398212e+01,5.000000000000000000e-01,1.694376086286687455e-01,5.320923362658072975e+00,6.500000000000000000e+01
8.698059085236292276e+01,-7.597688044013398212e+01,5.000000000000000000e-01,1.523999706847422864e-01,5.760035990965956643e+00,1.500000000000000000e+01
8.698059085236292276e+01,-7.547688044013398212e+01,5.000000000000000000e-01,1.523999216902714449e-01,5.731265762903992922e+00,2.300000000000000000e+01
8.548059085236292276e+01,-7.497688044013398212e+01,1.000000000000000000e+00,1.194548649321333506e-01,1.109841834735310728e+00,3.120000000000000000e+02
8.548059085236292276e+01,-7.397688044013398212e+01,1.000000000000000000e+00,1.998985174954448550e-04,5.007359294095738069e-07,7.900000000000000000e+01
8.648059085236292276e+01,-7.497688044013398212e+01,1.000000000000000000e+00,4.584251592893078507e-03,1.220031866042901481e+00,2.080000000000000000e+02
8.648059085236292276e+01,-7.397688044013398212e+01,1.000000000000000000e+00,1.999030550470829945e-04,4.508944148125693541e-07,8.500000000000000000e+01
8.548059085236292276e+01,-7.297688044013398212e+01,2.000000000000000000e+00,1.998639059459073161e-04,4.872780524078912379e-07,3.180000000000000000e+02
8.548059085236292276e+01,-7.097688044013398212e+01,2.000000000000000000e+00,1.998736747853335825e-04,5.966091225495517847e-07,2.850000000000000000e+02
8.548059085236292276e+01,-6.897688044013398212e+01,2.000000000000000000e+00,1.999221055632993682e-04,4.886888560484692334e-07,2.810000000000000000e+02
8.548059085236292276e+01,-6.697688044013398212e+01,2.000000000000000000e+00,1.999003036918800547e-04,7.026788471531267115e-07,3.440000000000000000e+02
8.548059085236292276e+01,-6.497688044013398212e+01,5.000000000000000000e-01,1.998683861442307583e-04,6.525406779336596408e+00,2.200000000000000000e+01
8.548059085236292276e+01,-6.447688044013398212e+01,5.000000000000000000e-01,1.998850826300024917e-04,7.381105519142464821e+00,2.500000000000000000e+01
8.598059085236292276e+01,-6.497688044013398212e+01,5.000000000000000000e-01,1.999142769177897350e-04,6.388488087841081686e+00,2.600000000000000000e+01
8.598059085236292276e+01,-6.447688044013398212e+01,5.000000000000000000e-01,1.999681967743693889e-04,7.579028109515662415e+00,2.700000000000000000e+01
8.548059085236292276e+01,-6.397688044013398212e+01,5.000000000000000000e-01,1.999023855999333969e-04,7.084181047075945870e+00,2.500000000000000000e+01
8.548059085236292276e+01,-6.347688044013398212e+01,5.000000000000000000e-01,1.998748520528614847e-04,8.199112033972163260e+00,2.100000000000000000e+01
8.598059085236292276e+01,-6.397688044013398212e+01,5.000000000000000000e-01,1.999862637981575321e-04,7.768952277754132218e+00,3.200000000000000000e+01
8.598059085236292276e+01,-6.347688044013398212e+01,5.000000000000000000e-01,1.998482768663656373e-04,7.300416821290010461e+00,2.900000000000000000e+01
8.648059085236292276e+01,-6.497688044013398212e+01,5.000000000000000000e-01,1.999169805999863716e-04,6.998107706293098751e+00,3.200000000000000000e+01
8.648059085236292276e+01,-6.447688044013398212e+01,5.000000000000000000e-01,2.000089283892651228e-04,6.461823314198585244e+00,2.600000000000000000e+01
8.698059085236292276e+01,-6.497688044013398212e+01,5.000000000000000000e-01,1.999000298335218363e-04,7.370867245062389550e+00,3.400000000000000000e+01
8.698059085236292276e+01,-6.447688044013398212e+01,5.000000000000000000e-01,1.999441708062654754e-04,7.082325671121166621e+00,3.100000000000000000e+01
8.648059085236292276e+01,-6.397688044013398212e+01,5.000000000000000000e-01,1.999760516096849071e-04,8.322299706956178156e+00,4.300000000000000000e+01
8.648059085236292276e+01,-6.347688044013398212e+01,5.000000000000000000e-01,1.999152433014295127e-04,6.794488159294489904e+00,2.800000000000000000e+01
8.698059085236292276e+01,-6.397688044013398212e+01,5.000000000000000000e-01,2.000095683321934158e-04,8.154977054979370976e+00,2.400000000000000000e+01
8.698059085236292276e+01,-6.347688044013398212e+01,5.000000000000000000e-01,2.000242286444908811e-04,8.199141919861375527e+00,3.500000000000000000e+01
8.548059085236292276e+01,-6.297688044013398212e+01,5.000000000000000000e-01,1.998379291561214188e-04,5.696251089193118844e+00,1.600000000000000000e+01
8.548059085236292276e+01,-6.247688044013398212e+01,5.000000000000000000e-01,2.002135116430103778e-04,5.669624119749419933e+00,1.700000000000000000e+01
8.598059085236292276e+01,-6.297688044013398212e+01,5.000000000000000000e-01,1.998277345696131135e-04,5.570398525402069367e+00,2.100000000000000000e+01
8.598059085236292276e+01,-6.247688044013398212e+01,5.000000000000000000e-01,2.000290310022023840e-04,5.607183317526614807e+00,2.900000000000000000e+01
8.548059085236292276e+01,-6.197688044013398212e+01,5.000000000000000000e-01,5.723727277757805973e-03,5.472068290164436632e+00,2.300000000000000000e+01
8.548059085236292276e+01,-6.147688044013398212e+01,5.000000000000000000e-01,1.524000684849062814e-01,5.479083840746902467e+00,1.100000000000000000e+01
8.598059085236292276e+01,-6.197688044013398212e+01,5.000000000000000000e-01,6.213265748321550493e-03,6.689662831676575827e+00,3.200000000000000000e+01
8.598059085236292276e+01,-6.147688044013398212e+01,5.000000000000000000e-01,1.523999262324484683e-01,5.065073720365742105e+00,1.200000000000000000e+01
8.648059085236292276e+01,-6.297688044013398212e+01,5.000000000000000000e-01,1.998848663848917795e-04,8.206923471987762397e+00,2.600000000000000000e+01
8.648059085236292276e+01,-6.247688044013398212e+01,5.000000000000000000e-01,1.999216744390963532e-04,6.344059132283065061e+00,2.500000000000000000e+01
8.698059085236292276e+01,-6.297688044013398212e+01,5.000000000000000000e-01,1.999680017821248157e-04,8.761943050050724935e+00,2.200000000000000000e+01
8.698059085236292276e+01,-6.247688044013398212e+01,5.000000000000000000e-01,1.998903114588834631e-04,5.365460212414695285e+00,2.000000000000000000e+01
8.648059085236292276e+01,-6.197688044013398212e+01,5.000000000000000000e-01,4.040246426167915135e-03,4.868021974999275692e+00,2.500000000000000000e+01
8.648059085236292276e+01,-6.147688044013398212e+01,5.000000000000000000e-01,1.523998915019899592e-01,4.881473274474766200e+00,1.100000000000000000e+01
8.698059085236292276e+01,-6.197688044013398212e+01,5.000000000000000000e-01,5.092341684150403225e-03,5.379429270460894585e+00,2.100000000000000000e+01
8.698059085236292276e+01,-6.147688044013398212e+01,5.000000000000000000e-01,1.523999351831761828e-01,2.439174609833208329e+00,1.100000000000000000e+01
8.548059085236292276e+01,-6.097688044013398212e+01,5.000000000000000000e-01,1.536348643191653984e-01,4.178968475306445995e-01,2.100000000000000000e+01
8.548059085236292276e+01,-6.047688044013398212e+01,5.000000000000000000e-01,9.076637972741044003e-01,3.383031013619742122e+00,1.110000000000000000e+02
8.598059085236292276e+01,-6.097688044013398212e+01,5.000000000000000000e-01,2.274942967359114832e-01,4.939014500297733257e+00,3.100000000000000000e+01
8.598059085236292276e+01,-6.047688044013398212e+01,5.000000000000000000e-01,7.524549978984198528e-01,4.267239160496185235e+00,5.000000000000000000e+01
8.548059085236292276e+01,-5.997688044013398212e+01,5.000000000000000000e-01,2.669784144984261420e+00,2.482442379534070209e+00,8.600000000000000000e+01
8.548059085236292276e+01,-5.947688044013398212e+01,5.000000000000000000e-01,5.121673962756188914e+00,1.319818607600069527e-01,5.000000000000000000e+00
8.598059085236292276e+01,-5.997688044013398212e+01,5.000000000000000000e-01,2.325705441370006010e+00,2.494687372407501602e+00,8.200000000000000000e+01
8.598059085236292276e+01,-5.947688044013398212e+01,5.000000000000000000e-01,2.355235625135334132e+00,2.871186743782359052e+00,8.000000000000000000e+00
8.648059085236292276e+01,-6.097688044013398212e+01,5.000000000000000000e-01,1.523998236383097837e-01,5.087087645741771524e+00,1.500000000000000000e+01
8.648059085236292276e+01,-6.047688044013398212e+01,5.000000000000000000e-01,1.524002320408236744e-01,5.387353349603565711e+00,2.000000000000000000e+01
8.698059085236292276e+01,-6.097688044013398212e+01,5.000000000000000000e-01,1.523999184866577095e-01,5.178227897415457193e+00,9.000000000000000000e+00
8.698059085236292276e+01,-6.047688044013398212e+01,5.000000000000000000e-01,1.523999630755637769e-01,5.162693005393271584e+00,1.900000000000000000e+01
8.648059085236292276e+01,-5.997688044013398212e+01,5.000000000000000000e-01,1.622057279133977126e-01,4.972273354650242894e+00,2.100000000000000000e+01
8.648059085236292276e+01,-5.947688044013398212e+01,5.000000000000000000e-01,4.077511890661416616e-01,4.545494620411325570e+00,1.000000000000000000e+01
8.698059085236292276e+01,-5.997688044013398212e+01,5.000000000000000000e-01,1.524004411625402844e-01,4.965911960645900791e+00,2.800000000000000000e+01
8.698059085236292276e+01,-5.947688044013398212e+01,5.000000000000000000e-01,1.523998616104826342e-01,4.139512713540890232e+00,5.000000000000000000e+00
8.548059085236292276e+01,-5.847688044013398212e+01,5.000000000000000000e-01,1.523998870778566217e-01,4.105064868106998333e+00,5.000000000000000000e+00
8.598059085236292276e+01,-5.847688044013398212e+01,5.000000000000000000e-01,1.524004869284157349e-01,5.138959425616454801e+00,5.000000000000000000e+00
8.548059085236292276e+01,-5.797688044013398212e+01,5.000000000000000000e-01,1.523998676939335439e-01,1.226275404109244960e-06,6.000000000000000000e+00
8.548059085236292276e+01,-5.747688044013398212e+01,5.000000000000000000e-01,1.523999602024629640e-01,2.851348255561436673e-07,5.000000000000000000e+00
8.598059085236292276e+01,-5.797688044013398212e+01,5.000000000000000000e-01,1.523999595832015719e-01,5.006174723422697426e+00,7.000000000000000000e+00
8.648059085236292276e+01,-5.897688044013398212e+01,5.000000000000000000e-01,1.524005161320559076e-01,4.714165050122580247e+00,1.500000000000000000e+01
8.648059085236292276e+01,-5.847688044013398212e+01,5.000000000000000000e-01,1.062288475456381276e+00,3.689547974672543695e+00,7.000000000000000000e+00
8.698059085236292276e+01,-5.897688044013398212e+01,5.000000000000000000e-01,1.524000104747542106e-01,4.774504390052889846e+00,1.200000000000000000e+01
8.698059085236292276e+01,-5.847688044013398212e+01,5.000000000000000000e-01,2.788706223675316842e+00,1.862888539238764629e+00,9.000000000000000000e+00
8.648059085236292276e+01,-5.797688044013398212e+01,5.000000000000000000e-01,1.523997977478090959e-01,4.794786198688463230e+00,6.000000000000000000e+00
8.698059085236292276e+01,-5.797688044013398212e+01,5.000000000000000000e-01,1.523998977227049578e-01,4.881218427173524610e+00,7.000000000000000000e+00
8.698059085236292276e+01,-5.747688044013398212e+01,5.000000000000000000e-01,1.523999504004094896e-01,3.387270128802712943e+00,7.000000000000000000e+00
8.548059085236292276e+01,-5.697688044013398212e+01,1.000000000000000000e+00,1.523998587389384096e-01,1.115021880937483445e-06,1.900000000000000000e+01
8.548059085236292276e+01,-5.547688044013398212e+01,5.000000000000000000e-01,3.334366311299175489e+00,1.477474387104959153e+00,7.100000000000000000e+01
8.598059085236292276e+01,-5.597688044013398212e+01,5.000000000000000000e-01,1.523999807495024505e-01,5.113791395616740232e-07,5.000000000000000000e+00
8.598059085236292276e+01,-5.547688044013398212e+01,5.000000000000000000e-01,3.227989801543607484e+00,1.585398565055629483e+00,7.700000000000000000e+01
8.698059085236292276e+01,-5.697688044013398212e+01,5.000000000000000000e-01,1.524003711580466103e-01,5.036016890477551300e+00,6.000000000000000000e+00
8.648059085236292276e+01,-5.597688044013398212e+01,5.000000000000000000e-01,1.523999592989550567e-01,3.823422935755882435e-07,5.000000000000000000e+00
8.648059085236292276e+01,-5.547688044013398212e+01,5.000000000000000000e-01,3.435856362104174000e+00,1.909921411624978749e+00,7.100000000000000000e+01
8.698059085236292276e+01,-5.597688044013398212e+01,5.000000000000000000e-01,1.523998964013392465e-01,6.209898206765984696e-07,7.000000000000000000e+00
8.698059085236292276e+01,-5.547688044013398212e+01,5.000000000000000000e-01,1.578701269980815614e+00,3.851238468496053446e+00,1.380000000000000000e+02
8.548059085236292276e+01,-5.497688044013398212e+01,5.000000000000000000e-01,3.111907943997350490e+00,2.415589948143943122e+00,2.700000000000000000e+01
8.548059085236292276e+01,-5.447688044013398212e+01,5.000000000000000000e-01,2.388573337744229197e-01,2.873052133770599870e+00,7.000000000000000000e+00
8.598059085236292276e+01,-5.497688044013398212e+01,5.000000000000000000e-01,4.228133351584043353e+00,1.498450873406205197e+00,2.400000000000000000e+01
8.598059085236292276e+01,-5.447688044013398212e+01,5.000000000000000000e-01,2.388572617702151568e-01,1.713203401032536988e-06,6.000000000000000000e+00
8.648059085236292276e+01,-5.497688044013398212e+01,5.000000000000000000e-01,1.962687896337549365e+00,3.683211616501991248e+00,1.400000000000000000e+01
8.648059085236292276e+01,-5.447688044013398212e+01,5.000000000000000000e-01,2.388573190604392771e-01,2.873050663341383260e+00,7.000000000000000000e+00
8.698059085236292276e+01,-5.497688044013398212e+01,5.000000000000000000e-01,8.836213828113803626e-01,4.214081645683286581e+00,4.400000000000000000e+01
8.698059085236292276e+01,-5.447688044013398212e+01,5.000000000000000000e-01,3.119712128936896089e+00,2.278352968607280982e+00,2.700000000000000000e+01
8.698059085236292276e+01,-5.397688044013398212e+01,5.000000000000000000e-01,2.388580356731610510e-01,4.311889490801465996e+00,1.500000000000000000e+01
8.698059085236292276e+01,-5.347688044013398212e+01,5.000000000000000000e-01,3.199750971644321318e+00,2.018370818969987823e+00,2.000000000000000000e+01
8.548059085236292276e+01,-5.297688044013398212e+01,5.000000000000000000e-01,7.169342989281404233e-01,2.161360127777654405e+00,5.100000000000000000e+01
8.598059085236292276e+01,-5.297688044013398212e+01,5.000000000000000000e-01,8.120827214389412241e-01,2.025626774810513009e+00,6.300000000000000000e+01
8.648059085236292276e+01,-5.297688044013398212e+01,5.000000000000000000e-01,7.624610913280333024e-01,2.065688731878166706e+00,6.500000000000000000e+01
8.698059085236292276e+01,-5.297688044013398212e+01,5.000000000000000000e-01,8.459100250918527575e-01,4.463527247272431886e+00,9.400000000000000000e+01
8.698059085236292276e+01,-5.247688044013398212e+01,5.000000000000000000e-01,1.369809864733842142e+00,4.353577570488090132e+00,3.200000000000000000e+01
8.698059085236292276e+01,-5.197688044013398212e+01,5.000000000000000000e-01,1.280676960543916554e+00,4.603988268927144745e+00,3.700000000000000000e+01
8.698059085236292276e+01,-5.147688044013398212e+01,5.000000000000000000e-01,1.237361620823925534e+00,5.531717012005978873e+00,3.400000000000000000e+01
8.698059085236292276e+01,-5.097688044013398212e+01,5.000000000000000000e-01,3.106877834227335988e+00,3.370035402666471391e+00,3.600000000000000000e+01
8.698059085236292276e+01,-5.047688044013398212e+01,5.000000000000000000e-01,1.150063441641356432e+00,5.672718005562200183e+00,8.700000000000000000e+01
8.698059085236292276e+01,-4.997688044013398212e+01,5.000000000000000000e-01,3.319738566329157869e+00,4.282427199798221729e+00,3.500000000000000000e+01
8.698059085236292276e+01,-4.947688044013398212e+01,5.000000000000000000e-01,1.526354241808725698e+00,4.850345489573963498e+00,3.300000000000000000e+01
8.698059085236292276e+01,-4.897688044013398212e+01,5.000000000000000000e-01,1.355785854857440409e+00,3.056303381622599513e+00,2.000000000000000000e+01
8.698059085236292276e+01,-4.847688044013398212e+01,5.000000000000000000e-01,2.243072316906716157e+00,4.852452268932900381e+00,1.600000000000000000e+01
8.698059085236292276e+01,-4.797688044013398212e+01,5.000000000000000000e-01,7.051869711852823963e-01,5.685331538463768375e+00,1.200000000000000000e+01
8.698059085236292276e+01,-4.747688044013398212e+01,5.000000000000000000e-01,9.959758361822190764e-01,6.479805510395113544e+00,1.600000000000000000e+01
8.698059085236292276e+01,-4.697688044013398212e+01,5.000000000000000000e-01,1.667078614086435095e+00,6.041561572471420227e+00,3.800000000000000000e+01
8.698059085236292276e+01,-4.647688044013398212e+01,5.000000000000000000e-01,1.746878752666281454e+00,5.732295919283677321e+00,3.100000000000000000e+01
8.698059085236292276e+01,-4.597688044013398212e+01,5.000000000000000000e-01,3.078132786756099026e+00,5.220919064132583998e+00,4.800000000000000000e+01
8.698059085236292276e+01,-4.547688044013398212e+01,5.000000000000000000e-01,1.256071779239342323e+00,6.671153247273151621e+00,4.500000000000000000e+01
8.698059085236292276e+01,-4.497688044013398212e+01,5.000000000000000000e-01,3.256445199192022244e+00,4.423944716671614152e+00,1.200000000000000000e+01
8.698059085236292276e+01,-4.447688044013398212e+01,5.000000000000000000e-01,3.322133805732368383e+00,4.556310449228890391e+00,3.400000000000000000e+01
8.698059085236292276e+01,-4.397688044013398212e+01,5.000000000000000000e-01,1.160984835559245365e+00,6.608520302150008519e+00,1.800000000000000000e+01
8.698059085236292276e+01,-4.347688044013398212e+01,5.000000000000000000e-01,8.852867186984947345e-01,6.929653461828964467e+00,2.200000000000000000e+01
8.698059085236292276e+01,-4.297688044013398212e+01,5.000000000000000000e-01,2.003798233125817951e+00,5.937755561184700603e+00,1.400000000000000000e+01
8.698059085236292276e+01,-4.247688044013398212e+01,5.000000000000000000e-01,2.242192516965631377e+00,5.280409101393677140e+00,7.000000000000000000e+00
8.648059085236292276e+01,-4.197688044013398212e+01,1.000000000000000000e+00,6.844765219359167929e+00,1.346853808051072576e+00,7.000000000000000000e+00
8.698059085236292276e+01,-4.097688044013398212e+01,5.000000000000000000e-01,5.404970447320282645e+00,2.128434474192638426e+00,1.900000000000000000e+01
8.748059085236292276e+01,-1.749768804401339821e+02,2.000000000000000000e+00,5.954062232935832671e-02,3.311042877850577104e-03,1.500000000000000000e+01
8.748059085236292276e+01,-1.589768804401339821e+02,2.000000000000000000e+00,1.134660984383964732e-01,3.208559437057389996e-03,1.800000000000000000e+01
8.748059085236292276e+01,-1.569768804401339821e+02,2.000000000000000000e+00,1.165857639414533686e-01,6.140762137486488470e-03,1.600000000000000000e+01
8.748059085236292276e+01,-1.529768804401339821e+02,2.000000000000000000e+00,1.315942222403782280e-01,2.613432744939497843e-03,7.000000000000000000e+00
8.748059085236292276e+01,-1.509768804401339821e+02,2.000000000000000000e+00,1.402687254157678198e-01,2.044731327354554207e-03,1.800000000000000000e+01
8.748059085236292276e+01,-1.489768804401339821e+02,2.000000000000000000e+00,1.435193406254365311e-01,6.067198287019792691e-03,2.800000000000000000e+01
8.748059085236292276e+01,-1.469768804401339821e+02,2.000000000000000000e+00,1.497191896624800178e-01,2.681046150893706681e-03,1.700000000000000000e+01
8.748059085236292276e+01,-1.449768804401339821e+02,2.000000000000000000e+00,1.523997761985481370e-01,1.162133901083661769e-06,4.300000000000000000e+01
8.748059085236292276e+01,-1.429768804401339821e+02,2.000000000000000000e+00,1.523994910124312763e-01,1.473261782652945939e-06,2.800000000000000000e+01
8.748059085236292276e+01,-1.409768804401339821e+02,1.000000000000000000e+00,1.524000089950202086e-01,6.144025543886044716e-07,1.500000000000000000e+01
8.748059085236292276e+01,-1.399768804401339821e+02,1.000000000000000000e+00,2.471255023914764593e-02,1.276883247510479658e-01,2.600000000000000000e+01
8.848059085236292276e+01,-1.409768804401339821e+02,1.000000000000000000e+00,1.523998583100996673e-01,3.245108605998137108e-07,8.000000000000000000e+00
8.848059085236292276e+01,-1.399768804401339821e+02,5.000000000000000000e-01,5.559234302314356446e-01,4.816581238958854705e+00,6.700000000000000000e+01
8.848059085236292276e+01,-1.394768804401339821e+02,5.000000000000000000e-01,1.554845438115665668e-01,2.900467816334291737e-01,7.000000000000000000e+00
8.898059085236292276e+01,-1.399768804401339821e+02,5.000000000000000000e-01,1.523999909738919523e-01,2.736915069833006919e-01,7.000000000000000000e+00
8.748059085236292276e+01,-1.389768804401339821e+02,2.000000000000000000e+00,1.998084960518120622e-04,1.521995262255763925e-01,8.700000000000000000e+01
8.748059085236292276e+01,-1.369768804401339821e+02,2.000000000000000000e+00,1.997243557601002806e-04,8.482778126595036383e-07,9.100000000000000000e+01
8.748059085236292276e+01,-1.349768804401339821e+02,2.000000000000000000e+00,1.998263778259179392e-04,5.742470354119951197e-07,1.280000000000000000e+02
8.748059085236292276e+01,-1.329768804401339821e+02,2.000000000000000000e+00,1.996588270459565050e-04,8.095511085715100062e-07,1.580000000000000000e+02
8.748059085236292276e+01,-1.309768804401339821e+02,2.000000000000000000e+00,1.997612837437045988e-04,8.154017765882478046e-07,2.200000000000000000e+02
8.748059085236292276e+01,-1.289768804401339821e+02,2.000000000000000000e+00,1.998117726058031614e-04,5.877089466347685566e-07,2.830000000000000000e+02
8.748059085236292276e+01,-1.269768804401339821e+02,2.000000000000000000e+00,1.998359032383767388e-04,4.326257440956436748e-07,3.340000000000000000e+02
8.748059085236292276e+01,-1.249768804401339821e+02,2.000000000000000000e+00,1.997905257427490147e-04,6.077322789899304838e-07,3.270000000000000000e+02
8.748059085236292276e+01,-1.229768804401339821e+02,2.000000000000000000e+00,1.997987617292640294e-04,7.002403930034262203e-07,2.910000000000000000e+02
8.748059085236292276e+01,-1.209768804401339821e+02,2.000000000000000000e+00,1.997335506165320851e-04,8.002451394428897365e-07,2.880000000000000000e+02
8.748059085236292276e+01,-1.189768804401339821e+02,2.000000000000000000e+00,1.997998529364553130e-04,6.711663987024553326e-07,2.770000000000000000e+02
8.748059085236292276e+01,-1.169768804401339821e+02,2.000000000000000000e+00,1.998564004721980927e-04,6.141700283235514406e-07,3.100000000000000000e+02
8.748059085236292276e+01,-1.149768804401339821e+02,2.000000000000000000e+00,1.999531605135551669e-04,1.522001288641991745e-01,3.370000000000000000e+02
8.748059085236292276e+01,-1.129768804401339821e+02,2.000000000000000000e+00,6.253195920878207477e-03,1.461470676178875938e-01,3.600000000000000000e+02
8.748059085236292276e+01,-1.109768804401339821e+02,2.000000000000000000e+00,1.523999059424649416e-01,4.737381517350147675e-07,3.190000000000000000e+02
8.748059085236292276e+01,-1.089768804401339821e+02,2.000000000000000000e+00,1.523999651420098189e-01,5.324683967078414071e-07,2.710000000000000000e+02
8.748059085236292276e+01,-1.069768804401339821e+02,2.000000000000000000e+00,1.523999091914813309e-01,6.242105965448274674e-07,2.490000000000000000e+02
8.748059085236292276e+01,-1.049768804401339821e+02,2.000000000000000000e+00,1.523998888459169032e-01,6.253623859864276824e-07,2.170000000000000000e+02
8.748059085236292276e+01,-1.029768804401339821e+02,1.000000000000000000e+00,1.523998267850972255e-01,8.404134019257547550e-07,5.100000000000000000e+01
8.748059085236292276e+01,-1.019768804401339821e+02,5.000000000000000000e-01,1.523998918352504894e-01,5.469406739178062082e-07,6.000000000000000000e+00
8.748059085236292276e+01,-1.014768804401339821e+02,5.000000000000000000e-01,6.480887378485548078e-01,2.032998290951103293e+00,9.700000000000000000e+01
8.798059085236292276e+01,-1.019768804401339821e+02,5.000000000000000000e-01,1.523997848543245381e-01,6.734678648090408615e-07,1.200000000000000000e+01
8.798059085236292276e+01,-1.014768804401339821e+02,5.000000000000000000e-01,7.089877912093919266e-01,2.946512155469286576e+00,1.170000000000000000e+02
8.848059085236292276e+01,-1.029768804401339821e+02,1.000000000000000000e+00,1.523998047243103338e-01,4.797989510973987848e-07,6.200000000000000000e+01
8.848059085236292276e+01,-1.019768804401339821e+02,5.000000000000000000e-01,1.523998485651046342e-01,6.055085271239324385e-07,1.200000000000000000e+01
8.848059085236292276e+01,-1.014768804401339821e+02,5.000000000000000000e-01,6.300952642299103568e-01,2.842755595235437305e+00,1.140000000000000000e+02
8.898059085236292276e+01,-1.019768804401339821e+02,5.000000000000000000e-01,1.523998659290856372e-01,4.612975267603847129e-07,1.300000000000000000e+01
8.898059085236292276e+01,-1.014768804401339821e+02,5.000000000000000000e-01,2.655841312335693316e-01,1.981921041916403059e+00,9.400000000000000000e+01
8.848059085236292276e+01,-1.009768804401339821e+02,5.000000000000000000e-01,1.095930714956816487e+00,2.569973148501501381e+00,1.200000000000000000e+02
8.848059085236292276e+01,-1.004768804401339821e+02,5.000000000000000000e-01,8.318701305577111960e-01,2.790853493734151591e+00,1.510000000000000000e+02
8.898059085236292276e+01,-1.009768804401339821e+02,5.000000000000000000e-01,1.524001448685896598e-01,2.160023072677784484e+00,4.800000000000000000e+01
8.898059085236292276e+01,-1.004768804401339821e+02,5.000000000000000000e-01,1.523999145215833850e-01,5.271967090381135534e-07,1.400000000000000000e+01
8.848059085236292276e+01,-9.997688044013398212e+01,5.000000000000000000e-01,8.136955812297849144e-01,2.813964306368030854e+00,1.630000000000000000e+02
8.848059085236292276e+01,-9.947688044013398212e+01,5.000000000000000000e-01,8.509951894156073671e-01,2.816350252171639923e+00,1.570000000000000000e+02
8.898059085236292276e+01,-9.997688044013398212e+01,5.000000000000000000e-01,1.523998574109111936e-01,3.559738948888391263e-07,1.400000000000000000e+01
8.898059085236292276e+01,-9.947688044013398212e+01,5.000000000000000000e-01,1.523998006380908043e-01,1.558020235448626112e-03,1.200000000000000000e+01
8.748059085236292276e+01,-9.847688044013398212e+01,5.000000000000000000e-01,4.703650765546560031e+00,3.806314451929659448e+00,6.900000000000000000e+01
8.798059085236292276e+01,-9.847688044013398212e+01,5.000000000000000000e-01,4.035586527782140998e+00,3.896703065926641507e+00,9.300000000000000000e+01
8.748059085236292276e+01,-9.797688044013398212e+01,5.000000000000000000e-01,3.246779982291151612e+00,3.917153966179456326e+00,3.400000000000000000e+01
8.798059085236292276e+01,-9.797688044013398212e+01,5.000000000000000000e-01,3.973066577590764759e+00,1.912568708778546345e+00,7.100000000000000000e+01
8.798059085236292276e+01,-9.747688044013398212e+01,5.000000000000000000e-01,4.065368374916087824e+00,3.038397069015435825e+00,5.800000000000000000e+01
8.848059085236292276e+01,-9.897688044013398212e+01,5.000000000000000000e-01,8.190474314068126871e-01,2.818443708656047431e+00,1.630000000000000000e+02
8.848059085236292276e+01,-9.847688044013398212e+01,5.000000000000000000e-01,8.200527191495347035e-01,2.794842724001447287e+00,1.550000000000000000e+02
8.898059085236292276e+01,-9.897688044013398212e+01,5.000000000000000000e-01,1.523999181152943527e-01,9.207017800383354711e-07,9.000000000000000000e+00
8.898059085236292276e+01,-9.847688044013398212e+01,5.000000000000000000e-01,1.523998721828961622e-01,1.260565771702387705e-03,1.200000000000000000e+01
8.848059085236292276e+01,-9.797688044013398212e+01,5.000000000000000000e-01,8.970673040839232115e-01,2.771949464702252897e+00,1.650000000000000000e+02
8.848059085236292276e+01,-9.747688044013398212e+01,5.000000000000000000e-01,8.000170920775213634e-01,2.789766755578295232e+00,1.440000000000000000e+02
8.898059085236292276e+01,-9.797688044013398212e+01,5.000000000000000000e-01,1.523999526643495805e-01,2.797142478704217616e-03,1.100000000000000000e+01
8.898059085236292276e+01,-9.747688044013398212e+01,5.000000000000000000e-01,1.523999354513183024e-01,3.138314713344358964e-03,1.700000000000000000e+01
8.798059085236292276e+01,-9.697688044013398212e+01,5.000000000000000000e-01,4.044830797880264228e+00,1.366687478824827551e+00,5.900000000000000000e+01
8.798059085236292276e+01,-9.647688044013398212e+01,5.000000000000000000e-01,4.067047037848739777e+00,2.330217428936266266e+00,6.900000000000000000e+01
8.798059085236292276e+01,-9.597688044013398212e+01,5.000000000000000000e-01,4.070858572014789623e+00,1.924351962680897365e+00,5.800000000000000000e+01
8.798059085236292276e+01,-9.547688044013398212e+01,5.000000000000000000e-01,4.053284209457652665e+00,2.335365100399258154e+00,5.800000000000000000e+01
8.848059085236292276e+01,-9.697688044013398212e+01,5.000000000000000000e-01,7.678003457936504184e-01,2.772390171197622877e+00,1.570000000000000000e+02
8.848059085236292276e+01,-9.647688044013398212e+01,5.000000000000000000e-01,8.447897635139841599e-01,2.822290420982908721e+00,1.600000000000000000e+02
8.898059085236292276e+01,-9.697688044013398212e+01,5.000000000000000000e-01,1.523996345629961835e-01,7.826393442766921282e-07,1.200000000000000000e+01
8.898059085236292276e+01,-9.647688044013398212e+01,5.000000000000000000e-01,1.523998157441357471e-01,5.834746321653483392e-07,1.100000000000000000e+01
8.848059085236292276e+01,-9.597688044013398212e+01,5.000000000000000000e-01,2.627127084283464420e+00,1.053839225896889165e+00,6.000000000000000000e+01
8.848059085236292276e+01,-9.547688044013398212e+01,5.000000000000000000e-01,1.565040045043301076e+00,2.090927062286263016e+00,6.700000000000000000e+01
8.898059085236292276e+01,-9.597688044013398212e+01,5.000000000000000000e-01,3.407195927582565287e-01,1.888838213867573446e+00,9.900000000000000000e+01
8.898059085236292276e+01,-9.547688044013398212e+01,5.000000000000000000e-01,3.374707400674226698e-01,1.896594325247507040e+00,8.200000000000000000e+01
8.798059085236292276e+01,-9.497688044013398212e+01,5.000000000000000000e-01,4.062715061956109430e+00,2.004886030540670383e+00,7.100000000000000000e+01
8.798059085236292276e+01,-9.447688044013398212e+01,5.000000000000000000e-01,4.109437620198714392e+00,1.838951219355872801e+00,5.500000000000000000e+01
8.798059085236292276e+01,-9.397688044013398212e+01,5.000000000000000000e-01,4.052533326123978874e+00,2.110978382242582718e+00,6.300000000000000000e+01
8.798059085236292276e+01,-9.347688044013398212e+01,5.000000000000000000e-01,4.056050627054277768e+00,1.695144707441223808e+00,5.300000000000000000e+01
8.848059085236292276e+01,-9.497688044013398212e+01,5.000000000000000000e-01,9.182097581168419120e-01,2.678232729315823679e+00,1.600000000000000000e+02
8.848059085236292276e+01,-9.447688044013398212e+01,5.000000000000000000e-01,8.473616852818380840e-01,2.715546104125886817e+00,1.400000000000000000e+02
8.898059085236292276e+01,-9.497688044013398212e+01,5.000000000000000000e-01,1.523998972744990965e-01,5.648971920235723587e-07,1.600000000000000000e+01
8.898059085236292276e+01,-9.447688044013398212e+01,5.000000000000000000e-01,1.523999296164530171e-01,1.136697571874067947e-06,7.000000000000000000e+00
8.848059085236292276e+01,-9.397688044013398212e+01,5.000000000000000000e-01,8.270769435075071563e-01,2.772008091330408153e+00,1.540000000000000000e+02
8.848059085236292276e+01,-9.347688044013398212e+01,5.000000000000000000e-01,8.516018544707786297e-01,2.768048685628502259e+00,1.520000000000000000e+02
8.898059085236292276e+01,-9.397688044013398212e+01,5.000000000000000000e-01,1.523995275306589403e-01,8.031280672449181424e-07,1.300000000000000000e+01
8.898059085236292276e+01,-9.347688044013398212e+01,5.000000000000000000e-01,1.523998927758403177e-01,6.671473413710771183e-07,6.000000000000000000e+00
8.798059085236292276e+01,-9.297688044013398212e+01,5.000000000000000000e-01,4.059773552148083553e+00,1.312593632813205069e+00,5.200000000000000000e+01
8.798059085236292276e+01,-9.247688044013398212e+01,5.000000000000000000e-01,4.103191043405030491e+00,1.646713448496161192e+00,6.800000000000000000e+01
8.798059085236292276e+01,-9.197688044013398212e+01,5.000000000000000000e-01,4.110302284591009325e+00,1.654330022825778457e+00,5.600000000000000000e+01
8.798059085236292276e+01,-9.147688044013398212e+01,5.000000000000000000e-01,4.058161138052965633e+00,1.594486620025029389e+00,6.100000000000000000e+01
8.848059085236292276e+01,-9.297688044013398212e+01,5.000000000000000000e-01,8.639691975919288058e-01,2.650530600729619657e+00,1.460000000000000000e+02
8.848059085236292276e+01,-9.247688044013398212e+01,5.000000000000000000e-01,8.712110002716436652e-01,2.722146524390204547e+00,1.380000000000000000e+02
8.898059085236292276e+01,-9.297688044013398212e+01,5.000000000000000000e-01,1.523998006748080170e-01,6.835815991035332218e-07,8.000000000000000000e+00
8.898059085236292276e+01,-9.247688044013398212e+01,5.000000000000000000e-01,1.523998939476591263e-01,5.761457602670994049e-07,1.000000000000000000e+01
8.848059085236292276e+01,-9.197688044013398212e+01,5.000000000000000000e-01,8.863213847111856003e-01,2.743569128442128857e+00,1.550000000000000000e+02
8.848059085236292276e+01,-9.147688044013398212e+01,5.000000000000000000e-01,8.760225040928629747e-01,2.644238717228102775e+00,1.190000000000000000e+02
8.898059085236292276e+01,-9.197688044013398212e+01,5.000000000000000000e-01,1.523999792639049444e-01,5.090076232450169158e-07,1.300000000000000000e+01
8.898059085236292276e+01,-9.147688044013398212e+01,5.000000000000000000e-01,1.523999747603800858e-01,4.850490790131445351e-07,7.000000000000000000e+00
8.798059085236292276e+01,-9.097688044013398212e+01,5.000000000000000000e-01,4.021374803268487952e+00,1.993092330855576577e+00,5.600000000000000000e+01
8.798059085236292276e+01,-9.047688044013398212e+01,5.000000000000000000e-01,4.025155388556658664e+00,1.775696509382558297e+00,6.200000000000000000e+01
8.798059085236292276e+01,-8.997688044013398212e+01,5.000000000000000000e-01,4.206584660872904280e+00,1.644877013666029342e+00,7.200000000000000000e+01
8.798059085236292276e+01,-8.947688044013398212e+01,5.000000000000000000e-01,3.953440031254205511e+00,1.562350770403684752e+00,5.700000000000000000e+01
8.848059085236292276e+01,-9.097688044013398212e+01,5.000000000000000000e-01,8.952186257010821269e-01,2.681968077458876110e+00,1.610000000000000000e+02
8.848059085236292276e+01,-9.047688044013398212e+01,5.000000000000000000e-01,1.286025117040219490e+00,2.385094506266788983e+00,9.500000000000000000e+01
8.898059085236292276e+01,-9.047688044013398212e+01,5.000000000000000000e-01,1.524000603179495594e-01,2.224483151174486473e+00,3.700000000000000000e+01
8.848059085236292276e+01,-8.997688044013398212e+01,5.000000000000000000e-01,2.894483678736882393e+00,8.536108094368333177e-01,4.400000000000000000e+01
8.848059085236292276e+01,-8.947688044013398212e+01,5.000000000000000000e-01,9.140837735372940864e-01,2.658070067722753560e+00,1.120000000000000000e+02
8.898059085236292276e+01,-8.997688044013398212e+01,5.000000000000000000e-01,4.350661871616248177e-01,1.789459370390442672e+00,1.110000000000000000e+02
8.898059085236292276e+01,-8.947688044013398212e+01,5.000000000000000000e-01,1.649623642993398309e-01,2.041847382092191854e+00,4.800000000000000000e+01
8.798059085236292276e+01,-8.897688044013398212e+01,5.000000000000000000e-01,3.999402957827289384e+00,1.579381311920734277e+00,5.600000000000000000e+01
8.798059085236292276e+01,-8.847688044013398212e+01,5.000000000000000000e-01,4.059998320281068551e+00,1.628874913358094645e+00,5.000000000000000000e+01
8.798059085236292276e+01,-8.797688044013398212e+01,5.000000000000000000e-01,4.101317302832640621e+00,1.713643909517292840e+00,7.100000000000000000e+01
8.798059085236292276e+01,-8.747688044013398212e+01,5.000000000000000000e-01,3.982118623658578827e+00,1.450180625937390388e+00,5.900000000000000000e+01
8.848059085236292276e+01,-8.897688044013398212e+01,5.000000000000000000e-01,8.656362394783337910e-01,2.638769768555825568e+00,1.440000000000000000e+02
8.848059085236292276e+01,-8.847688044013398212e+01,5.000000000000000000e-01,8.372196537262986960e-01,2.784180292591068806e+00,1.590000000000000000e+02
8.898059085236292276e+01,-8.897688044013398212e+01,5.000000000000000000e-01,1.524000331486658477e-01,5.327187403425526213e-07,8.000000000000000000e+00
8.898059085236292276e+01,-8.847688044013398212e+01,5.000000000000000000e-01,1.523998083578281815e-01,3.046554019059399820e-07,1.100000000000000000e+01
8.848059085236292276e+01,-8.797688044013398212e+01,5.000000000000000000e-01,8.448307304515169092e-01,2.673096812723872784e+00,1.520000000000000000e+02
8.848059085236292276e+01,-8.747688044013398212e+01,5.000000000000000000e-01,7.423400920558498317e-01,2.861401148750199575e+00,1.520000000000000000e+02
8.898059085236292276e+01,-8.797688044013398212e+01,5.000000000000000000e-01,1.523997741285578189e-01,5.351105706874470513e-07,8.000000000000000000e+00
8.898059085236292276e+01,-8.747688044013398212e+01,5.000000000000000000e-01,1.523997601919297173e-01,5.487360440759037061e-07,8.000000000000000000e+00
8.748059085236292276e+01,-8.697688044013398212e+01,1.000000000000000000e+00,4.048555545707849923e+00,1.246030537360788060e+00,1.150000000000000000e+02
8.798059085236292276e+01,-8.597688044013398212e+01,5.000000000000000000e-01,4.092798854097880579e+00,1.613381118654997337e+00,5.400000000000000000e+01
8.798059085236292276e+01,-8.547688044013398212e+01,5.000000000000000000e-01,4.044717808767119394e+00,2.113582320414573168e+00,6.200000000000000000e+01
8.848059085236292276e+01,-8.697688044013398212e+01,5.000000000000000000e-01,8.294711834930218464e-01,2.813083280528696939e+00,1.630000000000000000e+02
8.848059085236292276e+01,-8.647688044013398212e+01,5.000000000000000000e-01,8.376539218336883641e-01,2.761662662475488972e+00,1.520000000000000000e+02
8.898059085236292276e+01,-8.697688044013398212e+01,5.000000000000000000e-01,1.523999876113174279e-01,2.401065117008105432e-07,1.300000000000000000e+01
8.898059085236292276e+01,-8.647688044013398212e+01,5.000000000000000000e-01,1.523999104930294501e-01,7.856152497431878601e-07,1.000000000000000000e+01
8.848059085236292276e+01,-8.597688044013398212e+01,5.000000000000000000e-01,8.256596014270249917e-01,2.781259085679245846e+00,1.490000000000000000e+02
8.848059085236292276e+01,-8.547688044013398212e+01,5.000000000000000000e-01,7.836234683341886109e-01,2.814630153057159134e+00,1.530000000000000000e+02
8.898059085236292276e+01,-8.597688044013398212e+01,5.000000000000000000e-01,1.523998837167320486e-01,3.363876371065277482e-07,8.000000000000000000e+00
8.898059085236292276e+01,-8.547688044013398212e+01,5.000000000000000000e-01,1.524000119561817468e-01,2.923648704800108078e-07,8.000000000000000000e+00
8.798059085236292276e+01,-8.497688044013398212e+01,5.000000000000000000e-01,4.097280712486886856e+00,1.063924417368765418e+00,5.000000000000000000e+01
8.798059085236292276e+01,-8.447688044013398212e+01,5.000000000000000000e-01,3.818393041109958030e+00,3.163639245548788725e+00,1.010000000000000000e+02
8.748059085236292276e+01,-8.347688044013398212e+01,5.000000000000000000e-01,1.274566291228147241e+00,3.709520887276391399e+00,1.440000000000000000e+02
8.798059085236292276e+01,-8.397688044013398212e+01,5.000000000000000000e-01,1.212179083653159628e+00,4.534747033232602753e+00,1.680000000000000000e+02
8.798059085236292276e+01,-8.347688044013398212e+01,5.000000000000000000e-01,1.121875189809513618e+00,3.743334515890014647e+00,2.470000000000000000e+02
8.848059085236292276e+01,-8.497688044013398212e+01,5.000000000000000000e-01,8.894624378542762555e-01,2.724930666436035320e+00,1.540000000000000000e+02
8.848059085236292276e+01,-8.447688044013398212e+01,5.000000000000000000e-01,1.588648082013322860e+00,2.076230632945520238e+00,8.500000000000000000e+01
8.898059085236292276e+01,-8.497688044013398212e+01,5.000000000000000000e-01,1.523998449801269861e-01,8.758328690905425873e-07,1.200000000000000000e+01
8.898059085236292276e+01,-8.447688044013398212e+01,5.000000000000000000e-01,4.253259288016800199e-01,1.974950471420042764e+00,7.200000000000000000e+01
8.848059085236292276e+01,-8.397688044013398212e+01,5.000000000000000000e-01,6.068022956988927685e-01,1.839767014443024040e+00,7.800000000000000000e+01
8.848059085236292276e+01,-8.347688044013398212e+01,5.000000000000000000e-01,1.523998602526030477e-01,5.176312845300845566e-07,1.200000000000000000e+01
8.898059085236292276e+01,-8.397688044013398212e+01,5.000000000000000000e-01,1.757969153771652415e-01,2.049005307423058309e+00,4.100000000000000000e+01
8.898059085236292276e+01,-8.347688044013398212e+01,5.000000000000000000e-01,1.523999740457190888e-01,1.718777165315987787e-07,8.000000000000000000e+00
8.748059085236292276e+01,-8.297688044013398212e+01,2.000000000000000000e+00,1.524000313164605436e-01,6.822964916252213241e-01,2.570000000000000000e+02
8.748059085236292276e+01,-8.097688044013398212e+01,2.000000000000000000e+00,1.523999365066885658e-01,7.034180254686263067e-01,2.600000000000000000e+02
8.748059085236292276e+01,-7.897688044013398212e+01,5.000000000000000000e-01,1.524000444125122866e-01,4.055563042506816096e+00,9.000000000000000000e+00
8.748059085236292276e+01,-7.847688044013398212e+01,5.000000000000000000e-01,1.523998243069202840e-01,7.526110157069189732e+00,2.500000000000000000e+01
8.798059085236292276e+01,-7.897688044013398212e+01,5.000000000000000000e-01,1.523999025611949831e-01,6.782357925334112636e+00,1.800000000000000000e+01
8.798059085236292276e+01,-7.847688044013398212e+01,5.000000000000000000e-01,1.523998418953924627e-01,6.313698971446315866e+00,1.500000000000000000e+01
8.748059085236292276e+01,-7.797688044013398212e+01,5.000000000000000000e-01,1.524000567440214060e-01,7.396449147816022140e+00,1.700000000000000000e+01
8.748059085236292276e+01,-7.747688044013398212e+01,5.000000000000000000e-01,1.523999536418307876e-01,5.944444658500900758e+00,1.700000000000000000e+01
8.798059085236292276e+01,-7.797688044013398212e+01,5.000000000000000000e-01,1.523999546189762633e-01,5.674444944762482734e+00,1.900000000000000000e+01
8.798059085236292276e+01,-7.747688044013398212e+01,5.000000000000000000e-01,1.523999893477574474e-01,6.786094078643840177e+00,1.100000000000000000e+01
8.848059085236292276e+01,-7.897688044013398212e+01,5.000000000000000000e-01,1.523999688260176677e-01,6.689875229768279752e+00,1.000000000000000000e+01
8.848059085236292276e+01,-7.847688044013398212e+01,5.000000000000000000e-01,1.523999059705843651e-01,6.860326908403199475e+00,1.300000000000000000e+01
8.898059085236292276e+01,-7.897688044013398212e+01,5.000000000000000000e-01,1.523998734040684644e-01,5.525997758271117277e-07,1.700000000000000000e+01
8.898059085236292276e+01,-7.847688044013398212e+01,5.000000000000000000e-01,1.523999368290371303e-01,6.577464115359065389e+00,1.400000000000000000e+01
8.848059085236292276e+01,-7.797688044013398212e+01,5.000000000000000000e-01,1.523999929979315549e-01,6.601321729785786907e+00,2.000000000000000000e+01
8.848059085236292276e+01,-7.747688044013398212e+01,5.000000000000000000e-01,1.523998973272751578e-01,6.773665086197127927e+00,1.800000000000000000e+01
8.898059085236292276e+01,-7.797688044013398212e+01,5.000000000000000000e-01,1.523998533560920465e-01,7.294292586890183117e-07,2.200000000000000000e+01
8.898059085236292276e+01,-7.747688044013398212e+01,5.000000000000000000e-01,1.523998828499955882e-01,6.495922126631844540e-01,1.900000000000000000e+01
8.748059085236292276e+01,-7.697688044013398212e+01,5.000000000000000000e-01,1.523998862742851068e-01,6.170520251393004862e+00,1.900000000000000000e+01
8.748059085236292276e+01,-7.647688044013398212e+01,5.000000000000000000e-01,1.523998111653313003e-01,3.931211022267788735e-07,1.600000000000000000e+01
8.798059085236292276e+01,-7.697688044013398212e+01,5.000000000000000000e-01,1.523999325992947962e-01,6.076906749191110180e+00,2.200000000000000000e+01
8.798059085236292276e+01,-7.647688044013398212e+01,5.000000000000000000e-01,1.523998552722593547e-01,4.241315467723438815e-07,1.500000000000000000e+01
8.748059085236292276e+01,-7.597688044013398212e+01,5.000000000000000000e-01,1.524000067083786658e-01,5.599063612752891217e+00,2.200000000000000000e+01
8.748059085236292276e+01,-7.547688044013398212e+01,5.000000000000000000e-01,6.498480912725891345e-01,4.727425846251219532e+00,1.950000000000000000e+02
8.798059085236292276e+01,-7.597688044013398212e+01,5.000000000000000000e-01,1.523999322513019394e-01,3.483748423278702488e-01,2.000000000000000000e+01
8.798059085236292276e+01,-7.547688044013398212e+01,5.000000000000000000e-01,1.523999996097809007e-01,3.388004613926636766e-01,2.800000000000000000e+01
8.848059085236292276e+01,-7.697688044013398212e+01,5.000000000000000000e-01,1.523998729776656624e-01,8.107714176024588326e+00,2.100000000000000000e+01
8.848059085236292276e+01,-7.647688044013398212e+01,5.000000000000000000e-01,1.523998236172997289e-01,3.390201302466699929e-07,1.800000000000000000e+01
8.898059085236292276e+01,-7.697688044013398212e+01,5.000000000000000000e-01,1.523999255193304592e-01,4.125792714138043493e-07,1.600000000000000000e+01
8.898059085236292276e+01,-7.647688044013398212e+01,5.000000000000000000e-01,1.523998811494940986e-01,4.253724897040900288e-07,1.900000000000000000e+01
8.848059085236292276e+01,-7.597688044013398212e+01,1.000000000000000000e+00,1.523997012031869658e-01,4.923140037582651729e-07,9.700000000000000000e+01
8.748059085236292276e+01,-7.497688044013398212e+01,2.000000000000000000e+00,1.999065697841917455e-04,1.521999568119015156e-01,3.630000000000000000e+02
8.748059085236292276e+01,-7.297688044013398212e+01,2.000000000000000000e+00,1.998779958201968353e-04,6.113015334078598408e-07,3.140000000000000000e+02
8.748059085236292276e+01,-7.097688044013398212e+01,2.000000000000000000e+00,1.998778926144417767e-04,5.108891699911967312e-07,3.080000000000000000e+02
8.748059085236292276e+01,-6.897688044013398212e+01,2.000000000000000000e+00,1.999231867780615400e-04,4.924741037637295031e-07,2.990000000000000000e+02
8.748059085236292276e+01,-6.697688044013398212e+01,2.000000000000000000e+00,1.999202389528183580e-04,4.856956361913296154e-07,3.300000000000000000e+02
8.748059085236292276e+01,-6.497688044013398212e+01,5.000000000000000000e-01,1.999179201292555883e-04,7.032635769702078044e+00,2.700000000000000000e+01
8.748059085236292276e+01,-6.447688044013398212e+01,5.000000000000000000e-01,1.999226150601884910e-04,7.490797325523970152e+00,3.300000000000000000e+01
8.798059085236292276e+01,-6.497688044013398212e+01,5.000000000000000000e-01,1.998760749082784008e-04,3.063638967626511507e-07,2.000000000000000000e+01
8.798059085236292276e+01,-6.447688044013398212e+01,5.000000000000000000e-01,1.999750640838016016e-04,7.528053501928528846e+00,2.400000000000000000e+01
8.748059085236292276e+01,-6.397688044013398212e+01,5.000000000000000000e-01,1.999947451108852333e-04,7.135628745395853123e+00,4.000000000000000000e+01
8.748059085236292276e+01,-6.347688044013398212e+01,5.000000000000000000e-01,1.999446262808568411e-04,7.354036300741699783e+00,3.800000000000000000e+01
8.798059085236292276e+01,-6.397688044013398212e+01,5.000000000000000000e-01,1.999441504452192930e-04,7.420378062799195540e+00,2.600000000000000000e+01
8.798059085236292276e+01,-6.347688044013398212e+01,5.000000000000000000e-01,1.999154997998076055e-04,5.802176206262029901e+00,2.600000000000000000e+01
8.848059085236292276e+01,-6.497688044013398212e+01,5.000000000000000000e-01,1.999250922509299253e-04,3.744387514492686364e-07,2.300000000000000000e+01
8.848059085236292276e+01,-6.447688044013398212e+01,5.000000000000000000e-01,1.999391933573235855e-04,7.724132176493963442e+00,2.800000000000000000e+01
8.898059085236292276e+01,-6.497688044013398212e+01,5.000000000000000000e-01,1.998868172208290162e-04,4.245031096195115046e-07,2.000000000000000000e+01
8.898059085236292276e+01,-6.447688044013398212e+01,5.000000000000000000e-01,1.998812123378268524e-04,7.849984174998953179e+00,2.100000000000000000e+01
8.848059085236292276e+01,-6.397688044013398212e+01,5.000000000000000000e-01,2.000058529914916559e-04,7.527797927917344367e+00,2.400000000000000000e+01
8.848059085236292276e+01,-6.347688044013398212e+01,5.000000000000000000e-01,1.999452684722828003e-04,7.189702242752662009e+00,2.800000000000000000e+01
8.898059085236292276e+01,-6.397688044013398212e+01,5.000000000000000000e-01,2.000140896494251308e-04,5.722093126202912217e+00,2.300000000000000000e+01
8.898059085236292276e+01,-6.347688044013398212e+01,5.000000000000000000e-01,1.999988861958179598e-04,7.547825249117590118e+00,2.600000000000000000e+01
8.748059085236292276e+01,-6.297688044013398212e+01,5.000000000000000000e-01,1.999745582814682621e-04,8.520835243419881522e+00,2.100000000000000000e+01
8.748059085236292276e+01,-6.247688044013398212e+01,5.000000000000000000e-01,2.000151503192437621e-04,9.560325521551263250e+00,2.200000000000000000e+01
8.798059085236292276e+01,-6.297688044013398212e+01,5.000000000000000000e-01,2.001657547797464130e-04,9.194025529109381978e+00,2.500000000000000000e+01
8.798059085236292276e+01,-6.247688044013398212e+01,5.000000000000000000e-01,2.000875821471126306e-04,8.647892050497301142e+00,1.900000000000000000e+01
8.748059085236292276e+01,-6.197688044013398212e+01,5.000000000000000000e-01,3.040081043668596550e-03,5.223058178602304480e+00,2.600000000000000000e+01
8.748059085236292276e+01,-6.147688044013398212e+01,5.000000000000000000e-01,1.523997684246854445e-01,3.515555984450405180e+00,8.000000000000000000e+00
8.798059085236292276e+01,-6.197688044013398212e+01,5.000000000000000000e-01,1.585153756486512924e-03,5.608304297941270278e+00,1.800000000000000000e+01
8.798059085236292276e+01,-6.147688044013398212e+01,5.000000000000000000e-01,9.655245550591243231e-02,6.342969191445025245e+00,2.700000000000000000e+01
8.848059085236292276e+01,-6.297688044013398212e+01,5.000000000000000000e-01,2.000237802520565876e-04,8.195786186727556100e+00,2.900000000000000000e+01
8.848059085236292276e+01,-6.247688044013398212e+01,5.000000000000000000e-01,2.000309890044072001e-04,9.076634486592372042e+00,2.200000000000000000e+01
8.898059085236292276e+01,-6.297688044013398212e+01,5.000000000000000000e-01,2.000064568210113800e-04,7.253398304016266174e+00,2.000000000000000000e+01
8.898059085236292276e+01,-6.247688044013398212e+01,5.000000000000000000e-01,1.999431262619033643e-04,8.874753147297223421e+00,1.900000000000000000e+01
8.848059085236292276e+01,-6.197688044013398212e+01,5.000000000000000000e-01,2.001522130263389096e-04,5.586290515527560174e+00,1.700000000000000000e+01
8.848059085236292276e+01,-6.147688044013398212e+01,5.000000000000000000e-01,6.385130308273190280e-02,5.904783213936457109e+00,3.700000000000000000e+01
8.898059085236292276e+01,-6.197688044013398212e+01,5.000000000000000000e-01,2.000918643587645818e-04,8.633013566912790537e+00,1.600000000000000000e+01
8.898059085236292276e+01,-6.147688044013398212e+01,5.000000000000000000e-01,1.153330308989660054e-02,7.465907135516701487e+00,2.700000000000000000e+01
8.748059085236292276e+01,-6.097688044013398212e+01,5.000000000000000000e-01,1.523999609499906427e-01,2.071712559004179610e-07,8.000000000000000000e+00
8.748059085236292276e+01,-6.047688044013398212e+01,5.000000000000000000e-01,3.144639410710193261e-01,4.979466150608009123e+00,7.000000000000000000e+01
8.798059085236292276e+01,-6.097688044013398212e+01,5.000000000000000000e-01,1.524000794583238449e-01,5.305594064034890422e+00,1.800000000000000000e+01
8.798059085236292276e+01,-6.047688044013398212e+01,5.000000000000000000e-01,1.523999410860499282e-01,5.116297576859276219e+00,1.600000000000000000e+01
8.748059085236292276e+01,-5.997688044013398212e+01,5.000000000000000000e-01,1.060092551474873579e+00,3.885297016374630985e+00,1.400000000000000000e+01
8.798059085236292276e+01,-5.997688044013398212e+01,5.000000000000000000e-01,1.524000088991659396e-01,4.847762280660689704e+00,1.000000000000000000e+01
8.798059085236292276e+01,-5.947688044013398212e+01,5.000000000000000000e-01,1.524001436921214869e-01,4.753693662259681929e+00,1.300000000000000000e+01
8.848059085236292276e+01,-6.097688044013398212e+01,5.000000000000000000e-01,8.040539733630946984e-01,4.646990742461246882e+00,1.010000000000000000e+02
8.848059085236292276e+01,-6.047688044013398212e+01,5.000000000000000000e-01,1.523998701648344445e-01,5.134609621732007412e+00,1.400000000000000000e+01
8.898059085236292276e+01,-6.097688044013398212e+01,5.000000000000000000e-01,1.523999897705192730e-01,6.464340583876916568e+00,1.600000000000000000e+01
8.898059085236292276e+01,-6.047688044013398212e+01,5.000000000000000000e-01,1.524001161803927862e-01,5.545059774414884401e+00,1.200000000000000000e+01
8.848059085236292276e+01,-5.997688044013398212e+01,5.000000000000000000e-01,1.524000072690956387e-01,2.375381762418098397e+00,1.100000000000000000e+01
8.848059085236292276e+01,-5.947688044013398212e+01,5.000000000000000000e-01,1.524000254296088153e-01,5.206892138995697472e+00,1.300000000000000000e+01
8.898059085236292276e+01,-5.997688044013398212e+01,5.000000000000000000e-01,1.101096279506983855e+00,4.731472433177975390e+00,1.200000000000000000e+01
8.898059085236292276e+01,-5.947688044013398212e+01,5.000000000000000000e-01,1.523999047648586236e-01,5.206285390680909231e+00,1.500000000000000000e+01
8.748059085236292276e+01,-5.897688044013398212e+01,5.000000000000000000e-01,4.590578303316258157e+00,3.255612229180835371e-01,9.000000000000000000e+00
8.748059085236292276e+01,-5.847688044013398212e+01,5.000000000000000000e-01,1.523999421229040863e-01,4.446423017427968638e+00,7.000000000000000000e+00
8.798059085236292276e+01,-5.897688044013398212e+01,5.000000000000000000e-01,1.524000276636257867e-01,4.779216723549748913e+00,1.400000000000000000e+01
8.798059085236292276e+01,-5.847688044013398212e+01,5.000000000000000000e-01,1.524002042138929980e-01,4.867600242852294201e+00,1.100000000000000000e+01
8.748059085236292276e+01,-5.797688044013398212e+01,5.000000000000000000e-01,1.524006295292887891e-01,4.809994463791921859e+00,5.000000000000000000e+00
8.748059085236292276e+01,-5.747688044013398212e+01,5.000000000000000000e-01,1.524004389733207288e-01,4.753352814409944394e+00,1.000000000000000000e+01
8.798059085236292276e+01,-5.797688044013398212e+01,5.000000000000000000e-01,1.524009429323277820e-01,4.799110204525289802e+00,1.300000000000000000e+01
8.848059085236292276e+01,-5.897688044013398212e+01,5.000000000000000000e-01,2.896268670943605628e+00,2.382594809187467355e+00,9.000000000000000000e+00
8.898059085236292276e+01,-5.897688044013398212e+01,5.000000000000000000e-01,1.524000881814653319e-01,5.271625106582066067e+00,1.300000000000000000e+01
8.848059085236292276e+01,-5.797688044013398212e+01,5.000000000000000000e-01,1.523999593024930321e-01,3.064488042060037554e+00,1.000000000000000000e+01
8.898059085236292276e+01,-5.797688044013398212e+01,5.000000000000000000e-01,1.523999549942387510e-01,6.128589929957435345e+00,6.000000000000000000e+00
8.898059085236292276e+01,-5.747688044013398212e+01,5.000000000000000000e-01,1.524000615457143937e-01,4.558937098266233612e+00,5.000000000000000000e+00
8.748059085236292276e+01,-5.697688044013398212e+01,2.000000000000000000e+00,1.523999871089392610e-01,2.336889065146507960e-06,7.200000000000000000e+01
8.748059085236292276e+01,-5.497688044013398212e+01,5.000000000000000000e-01,1.644914830525108229e+00,3.228799927113288781e+00,8.000000000000000000e+00
8.798059085236292276e+01,-5.447688044013398212e+01,5.000000000000000000e-01,1.523998623742199854e-01,1.811779849480998905e-07,6.000000000000000000e+00
8.748059085236292276e+01,-5.397688044013398212e+01,5.000000000000000000e-01,1.524001743929062624e-01,3.833903668128309850e+00,7.000000000000000000e+00
8.798059085236292276e+01,-5.397688044013398212e+01,5.000000000000000000e-01,1.524000237974170169e-01,2.080878193089219508e-07,6.000000000000000000e+00
8.848059085236292276e+01,-5.497688044013398212e+01,1.000000000000000000e+00,1.523998891272584366e-01,5.566098171261302241e-07,1.100000000000000000e+01
8.848059085236292276e+01,-5.397688044013398212e+01,1.000000000000000000e+00,1.523998968654856623e-01,5.932643109551882787e-07,1.400000000000000000e+01
8.748059085236292276e+01,-5.247688044013398212e+01,5.000000000000000000e-01,1.524002958184377532e-01,4.516082426925177806e+00,5.000000000000000000e+00
8.748059085236292276e+01,-5.197688044013398212e+01,5.000000000000000000e-01,1.523998563389810101e-01,3.893008365867189013e+00,6.000000000000000000e+00
8.848059085236292276e+01,-5.297688044013398212e+01,1.000000000000000000e+00,1.523999459907634524e-01,2.929556757486073693e-06,1.200000000000000000e+01
8.848059085236292276e+01,-5.197688044013398212e+01,1.000000000000000000e+00,1.523997976530411802e-01,1.379821236185962974e-06,9.000000000000000000e+00
8.848059085236292276e+01,-5.097688044013398212e+01,1.000000000000000000e+00,1.523999093504505298e-01,5.118569706696884936e-07,9.000000000000000000e+00
8.748059085236292276e+01,-4.697688044013398212e+01,5.000000000000000000e-01,1.523998163575331632e-01,4.531376057077032726e+00,5.000000000000000000e+00
8.848059085236292276e+01,-4.597688044013398212e+01,1.000000000000000000e+00,1.524000154300378662e-01,5.532784873030216488e-07,8.000000000000000000e+00
8.948059085236292276e+01,-1.589768804401339821e+02,2.000000000000000000e+00,1.136564608292660594e-01,1.201537406564145982e-03,1.100000000000000000e+01
8.948059085236292276e+01,-1.569768804401339821e+02,2.000000000000000000e+00,1.145788501930276454e-01,3.813615490626184878e-03,2.000000000000000000e+01
8.948059085236292276e+01,-1.549768804401339821e+02,2.000000000000000000e+00,1.234341999854631639e-01,2.898827483126795168e-03,8.000000000000000000e+00
8.948059085236292276e+01,-1.509768804401339821e+02,2.000000000000000000e+00,1.354672136630235835e-01,4.672220983871877564e-03,1.300000000000000000e+01
8.948059085236292276e+01,-1.489768804401339821e+02,2.000000000000000000e+00,1.411922452322817989e-01,4.513235424360051429e-03,3.300000000000000000e+01
8.948059085236292276e+01,-1.469768804401339821e+02,2.000000000000000000e+00,1.466451250825338559e-01,5.124764654103719508e-03,2.300000000000000000e+01
8.948059085236292276e+01,-1.449768804401339821e+02,2.000000000000000000e+00,1.523995788218233116e-01,2.124928822523353134e-04,2.600000000000000000e+01
8.948059085236292276e+01,-1.429768804401339821e+02,2.000000000000000000e+00,1.523995843922524018e-01,1.488241926334010756e-06,4.000000000000000000e+01
8.948059085236292276e+01,-1.409768804401339821e+02,2.000000000000000000e+00,1.523997502347118060e-01,9.070313639891747215e-07,4.300000000000000000e+01
8.948059085236292276e+01,-1.389768804401339821e+02,2.000000000000000000e+00,6.134875928578686737e-03,1.462653318898449184e-01,9.800000000000000000e+01
8.948059085236292276e+01,-1.369768804401339821e+02,2.000000000000000000e+00,1.996740086851023330e-04,4.117356294947202046e-03,9.500000000000000000e+01
8.948059085236292276e+01,-1.349768804401339821e+02,2.000000000000000000e+00,1.996334050734738187e-04,1.400357338154922544e-06,1.040000000000000000e+02
8.948059085236292276e+01,-1.329768804401339821e+02,2.000000000000000000e+00,1.997938353121675556e-04,8.041407174030901217e-07,1.420000000000000000e+02
8.948059085236292276e+01,-1.309768804401339821e+02,2.000000000000000000e+00,1.997710770766047918e-04,9.992339872422152571e-07,1.730000000000000000e+02
8.948059085236292276e+01,-1.289768804401339821e+02,2.000000000000000000e+00,1.997470528130929123e-04,6.828935870339892990e-07,2.240000000000000000e+02
8.948059085236292276e+01,-1.269768804401339821e+02,2.000000000000000000e+00,1.997840228950664818e-04,5.347673647015721218e-07,2.770000000000000000e+02
8.948059085236292276e+01,-1.249768804401339821e+02,2.000000000000000000e+00,1.997894726344373595e-04,6.060606292379588922e-07,3.310000000000000000e+02
8.948059085236292276e+01,-1.229768804401339821e+02,2.000000000000000000e+00,1.997724846990234281e-04,5.708649541746933873e-07,3.040000000000000000e+02
8.948059085236292276e+01,-1.209768804401339821e+02,2.000000000000000000e+00,1.997691185827932204e-04,6.732490152483612805e-07,2.950000000000000000e+02
8.948059085236292276e+01,-1.189768804401339821e+02,2.000000000000000000e+00,1.997641063081978475e-04,6.479226674738322762e-07,2.830000000000000000e+02
8.948059085236292276e+01,-1.169768804401339821e+02,2.000000000000000000e+00,1.998469303702658513e-04,6.204189626564556026e-07,2.700000000000000000e+02
8.948059085236292276e+01,-1.149768804401339821e+02,2.000000000000000000e+00,1.998556590428801681e-04,6.300136391024062105e-07,3.020000000000000000e+02
8.948059085236292276e+01,-1.129768804401339821e+02,2.000000000000000000e+00,1.999131995277162843e-04,1.790091710960530630e-03,3.140000000000000000e+02
8.948059085236292276e+01,-1.109768804401339821e+02,2.000000000000000000e+00,1.999740498125124387e-04,1.522002010445722975e-01,3.640000000000000000e+02
8.948059085236292276e+01,-1.089768804401339821e+02,2.000000000000000000e+00,2.812820646526277210e-02,1.242720748385216928e-01,3.800000000000000000e+02
8.948059085236292276e+01,-1.069768804401339821e+02,2.000000000000000000e+00,1.523998898520058098e-01,4.871852142263044527e-07,3.310000000000000000e+02
8.948059085236292276e+01,-1.049768804401339821e+02,1.000000000000000000e+00,1.523998687577151345e-01,6.175769924343654793e-07,5.800000000000000000e+01
8.948059085236292276e+01,-1.039768804401339821e+02,1.000000000000000000e+00,1.523998250944077204e-01,4.826630641552309697e-07,5.900000000000000000e+01
9.048059085236292276e+01,-1.049768804401339821e+02,5.000000000000000000e-01,1.523998868875240387e-01,3.633260304558572074e-07,2.300000000000000000e+01
9.048059085236292276e+01,-1.044768804401339821e+02,5.000000000000000000e-01,1.523998730054531570e-01,3.335322265041185119e-07,1.400000000000000000e+01
9.098059085236292276e+01,-1.049768804401339821e+02,5.000000000000000000e-01,1.523998902966406110e-01,3.439021284824276270e-01,2.800000000000000000e+01
9.098059085236292276e+01,-1.044768804401339821e+02,5.000000000000000000e-01,5.266139087793223483e-01,6.392033666497416000e+00,2.030000000000000000e+02
9.048059085236292276e+01,-1.039768804401339821e+02,1.000000000000000000e+00,1.523998174866438293e-01,4.734786797633283584e-07,7.200000000000000000e+01
8.948059085236292276e+01,-1.029768804401339821e+02,2.000000000000000000e+00,1.523998341590789563e-01,4.962029321597949405e-07,2.640000000000000000e+02
8.948059085236292276e+01,-1.009768804401339821e+02,2.000000000000000000e+00,1.523998897411064368e-01,5.198871528833137745e-07,2.470000000000000000e+02
8.948059085236292276e+01,-9.897688044013398212e+01,2.000000000000000000e+00,1.523998626738850004e-01,6.233718867487691995e-07,2.230000000000000000e+02
8.948059085236292276e+01,-9.697688044013398212e+01,2.000000000000000000e+00,1.523998580024846505e-01,6.517998226152066366e-07,2.230000000000000000e+02
8.948059085236292276e+01,-9.497688044013398212e+01,2.000000000000000000e+00,1.523998635608261876e-01,5.518066076293237643e-07,2.080000000000000000e+02
8.948059085236292276e+01,-9.297688044013398212e+01,2.000000000000000000e+00,1.523998661011232159e-01,5.147557619952290997e-01,2.330000000000000000e+02
8.948059085236292276e+01,-9.097688044013398212e+01,1.000000000000000000e+00,1.524000982154936068e-01,1.154173703599429945e+00,1.080000000000000000e+02
8.948059085236292276e+01,-8.997688044013398212e+01,1.000000000000000000e+00,1.523998863714855767e-01,8.383365013853172343e-07,4.500000000000000000e+01
9.048059085236292276e+01,-9.097688044013398212e+01,1.000000000000000000e+00,1.523998735660264114e-01,6.046808743165321687e-07,5.800000000000000000e+01
9.048059085236292276e+01,-8.997688044013398212e+01,1.000000000000000000e+00,1.523998621396691067e-01,7.290056402153854975e-07,5.300000000000000000e+01
8.948059085236292276e+01,-8.897688044013398212e+01,2.000000000000000000e+00,1.523998454647313427e-01,7.147687662023560762e-07,2.090000000000000000e+02
8.948059085236292276e+01,-8.697688044013398212e+01,2.000000000000000000e+00,1.523998647354486147e-01,6.328887534601257414e-07,2.220000000000000000e+02
8.948059085236292276e+01,-8.497688044013398212e+01,2.000000000000000000e+00,1.523998471133545252e-01,5.625099971373614949e-07,2.160000000000000000e+02
8.948059085236292276e+01,-8.297688044013398212e+01,2.000000000000000000e+00,1.523998939345515835e-01,6.508803872817825464e-07,2.340000000000000000e+02
8.948059085236292276e+01,-8.097688044013398212e+01,2.000000000000000000e+00,1.523999078134478380e-01,3.963773613502308280e-07,2.430000000000000000e+02
8.948059085236292276e+01,-7.897688044013398212e+01,2.000000000000000000e+00,1.523999111992986322e-01,4.419933247179486102e-07,2.860000000000000000e+02
8.948059085236292276e+01,-7.697688044013398212e+01,2.000000000000000000e+00,3.115285449984139983e-03,1.492849001990925184e-01,3.690000000000000000e+02
8.948059085236292276e+01,-7.497688044013398212e+01,2.000000000000000000e+00,1.999021926555766162e-04,4.929464392085746403e-07,3.430000000000000000e+02
8.948059085236292276e+01,-7.297688044013398212e+01,2.000000000000000000e+00,1.998668046671703388e-04,5.274451798875591426e-07,3.150000000000000000e+02
8.948059085236292276e+01,-7.097688044013398212e+01,2.000000000000000000e+00,1.999101768606514787e-04,5.571177182695007200e-07,3.050000000000000000e+02
8.948059085236292276e+01,-6.897688044013398212e+01,2.000000000000000000e+00,1.999271193751095410e-04,5.889710152547360418e-07,3.060000000000000000e+02
8.948059085236292276e+01,-6.697688044013398212e+01,2.000000000000000000e+00,1.999388680169467136e-04,4.107350884963167914e-07,3.200000000000000000e+02
8.948059085236292276e+01,-6.497688044013398212e+01,2.000000000000000000e+00,1.999324878447339524e-04,1.243580169196784177e-06,2.750000000000000000e+02
8.948059085236292276e+01,-6.297688044013398212e+01,5.000000000000000000e-01,2.000267258288612737e-04,6.200181569238913504e+00,1.600000000000000000e+01
8.948059085236292276e+01,-6.247688044013398212e+01,5.000000000000000000e-01,2.000710397500604643e-04,8.145253987565119758e+00,2.100000000000000000e+01
8.998059085236292276e+01,-6.297688044013398212e+01,5.000000000000000000e-01,1.998599147856161659e-04,3.451643851626112411e-07,9.000000000000000000e+00
8.998059085236292276e+01,-6.247688044013398212e+01,5.000000000000000000e-01,1.999653167564563515e-04,8.352459891977671802e+00,1.900000000000000000e+01
8.948059085236292276e+01,-6.197688044013398212e+01,5.000000000000000000e-01,1.999832716176541626e-04,9.237214644466158475e+00,1.900000000000000000e+01
8.948059085236292276e+01,-6.147688044013398212e+01,5.000000000000000000e-01,2.304396336778769157e-03,7.702721534857240648e+00,2.000000000000000000e+01
8.998059085236292276e+01,-6.197688044013398212e+01,5.000000000000000000e-01,1.999895941979801250e-04,8.583022103553876292e+00,2.100000000000000000e+01
8.998059085236292276e+01,-6.147688044013398212e+01,5.000000000000000000e-01,2.001578858149777264e-04,8.763153526905693269e+00,2.400000000000000000e+01
9.048059085236292276e+01,-6.297688044013398212e+01,1.000000000000000000e+00,1.999053192712985040e-04,5.106832495993475409e-07,4.900000000000000000e+01
9.048059085236292276e+01,-6.197688044013398212e+01,5.000000000000000000e-01,1.999863584035477314e-04,8.566762673807847506e+00,7.000000000000000000e+00
9.048059085236292276e+01,-6.147688044013398212e+01,5.000000000000000000e-01,1.999270248576934304e-04,3.986030794725606619e+00,9.000000000000000000e+00
9.098059085236292276e+01,-6.197688044013398212e+01,5.000000000000000000e-01,1.998876220959289077e-04,6.530076899658062133e-07,1.300000000000000000e+01
9.098059085236292276e+01,-6.147688044013398212e+01,5.000000000000000000e-01,1.999342492955709762e-04,5.573904741215177872e+00,8.000000000000000000e+00
8.948059085236292276e+01,-6.097688044013398212e+01,5.000000000000000000e-01,6.376354738441936121e-02,6.585336192059524585e+00,1.400000000000000000e+01
8.948059085236292276e+01,-6.047688044013398212e+01,5.000000000000000000e-01,1.524000052736841637e-01,5.697834770481537525e+00,1.400000000000000000e+01
8.998059085236292276e+01,-6.097688044013398212e+01,5.000000000000000000e-01,2.272273650329062478e-02,7.865077657010610679e+00,2.500000000000000000e+01
8.998059085236292276e+01,-6.047688044013398212e+01,5.000000000000000000e-01,1.524000519451416957e-01,6.987869031003488551e+00,9.000000000000000000e+00
8.948059085236292276e+01,-5.997688044013398212e+01,5.000000000000000000e-01,1.524000114473186562e-01,7.756403080949780815e+00,1.500000000000000000e+01
8.948059085236292276e+01,-5.947688044013398212e+01,5.000000000000000000e-01,1.523999779125425336e-01,5.423873955270106073e+00,1.400000000000000000e+01
8.998059085236292276e+01,-5.997688044013398212e+01,5.000000000000000000e-01,1.523999904633240310e-01,5.459333140346827484e+00,7.000000000000000000e+00
8.998059085236292276e+01,-5.947688044013398212e+01,5.000000000000000000e-01,1.524000190176927616e-01,7.710747719575920200e+00,1.400000000000000000e+01
9.048059085236292276e+01,-6.097688044013398212e+01,5.000000000000000000e-01,3.227749317510131277e-03,8.127139524311099095e+00,1.700000000000000000e+01
9.048059085236292276e+01,-6.047688044013398212e+01,5.000000000000000000e-01,1.111307609421874759e-01,7.315890961695171057e+00,1.400000000000000000e+01
9.098059085236292276e+01,-6.097688044013398212e+01,5.000000000000000000e-01,2.000002284630042482e-04,3.717188505409245725e+00,1.200000000000000000e+01
9.098059085236292276e+01,-6.047688044013398212e+01,5.000000000000000000e-01,5.359974053545357373e-03,1.037941279391425553e-01,9.000000000000000000e+00
9.048059085236292276e+01,-5.997688044013398212e+01,5.000000000000000000e-01,1.524000138108208557e-01,7.144147699191225165e+00,8.000000000000000000e+00
9.048059085236292276e+01,-5.947688044013398212e+01,5.000000000000000000e-01,1.523998863759320754e-01,3.611169135664393792e-07,8.000000000000000000e+00
9.098059085236292276e+01,-5.997688044013398212e+01,5.000000000000000000e-01,1.523999066173096217e-01,5.461695953279388505e-07,1.100000000000000000e+01
9.098059085236292276e+01,-5.947688044013398212e+01,5.000000000000000000e-01,1.523999778732219867e-01,1.264518757454480280e-06,7.000000000000000000e+00
8.948059085236292276e+01,-5.897688044013398212e+01,5.000000000000000000e-01,1.524007759004695761e-01,6.402418457483568304e+00,1.700000000000000000e+01
8.948059085236292276e+01,-5.847688044013398212e+01,5.000000000000000000e-01,1.524001141894210376e-01,6.227517276732103646e+00,7.000000000000000000e+00
8.998059085236292276e+01,-5.897688044013398212e+01,5.000000000000000000e-01,1.523999393793926127e-01,6.176428047081589767e+00,7.000000000000000000e+00
8.998059085236292276e+01,-5.847688044013398212e+01,5.000000000000000000e-01,1.523999608146091589e-01,6.706036115337612458e+00,1.100000000000000000e+01
8.948059085236292276e+01,-5.797688044013398212e+01,5.000000000000000000e-01,1.523999263647776437e-01,6.079668285460216204e+00,7.000000000000000000e+00
8.998059085236292276e+01,-5.797688044013398212e+01,5.000000000000000000e-01,1.523999697875046411e-01,6.091884184117301260e+00,1.200000000000000000e+01
9.048059085236292276e+01,-5.897688044013398212e+01,1.000000000000000000e+00,1.523997511873171895e-01,8.016664083676516839e-07,2.600000000000000000e+01
9.048059085236292276e+01,-5.797688044013398212e+01,1.000000000000000000e+00,1.523998898765205889e-01,3.231855163488006610e-07,2.200000000000000000e+01
8.948059085236292276e+01,-5.697688044013398212e+01,2.000000000000000000e+00,1.523998918101147626e-01,1.605968500684173961e-06,5.300000000000000000e+01
8.948059085236292276e+01,-5.497688044013398212e+01,2.000000000000000000e+00,1.523998990359601291e-01,8.619443064850074165e-07,4.400000000000000000e+01
8.948059085236292276e+01,-5.297688044013398212e+01,2.000000000000000000e+00,1.523998738514166784e-01,1.892248837398469163e-06,2.400000000000000000e+01
8.948059085236292276e+01,-5.097688044013398212e+01,2.000000000000000000e+00,1.523998452015101479e-01,3.034014300323795155e-06,2.700000000000000000e+01
8.948059085236292276e+01,-4.697688044013398212e+01,2.000000000000000000e+00,1.523998984462636430e-01,5.117497025863837479e-07,2.700000000000000000e+01
8.948059085236292276e+01,-3.897688044013398212e+01,2.000000000000000000e+00,1.523998920286936121e-01,5.267995089597299341e-07,5.000000000000000000e+00
9.148059085236292276e+01,-1.729768804401339821e+02,2.000000000000000000e+00,6.261995495102183618e-02,4.367177133607388906e-03,1.700000000000000000e+01
9.148059085236292276e+01,-1.569768804401339821e+02,2.000000000000000000e+00,1.140964548586969052e-01,3.301001969108874334e-03,2.600000000000000000e+01
9.148059085236292276e+01,-1.549768804401339821e+02,2.000000000000000000e+00,1.194317343225828054e-01,4.924321391974698092e-03,1.500000000000000000e+01
9.148059085236292276e+01,-1.489768804401339821e+02,2.000000000000000000e+00,1.407138052116721494e-01,2.293156722939254655e-03,2.200000000000000000e+01
9.148059085236292276e+01,-1.469768804401339821e+02,2.000000000000000000e+00,1.429000031580112962e-01,5.602835096326919118e-03,3.200000000000000000e+01
9.148059085236292276e+01,-1.449768804401339821e+02,2.000000000000000000e+00,1.494953888179992307e-01,2.904864704463910874e-03,2.400000000000000000e+01
9.148059085236292276e+01,-1.429768804401339821e+02,2.000000000000000000e+00,1.523998081826616335e-01,8.189940183811472707e-07,4.100000000000000000e+01
9.148059085236292276e+01,-1.409768804401339821e+02,2.000000000000000000e+00,1.523996290138693865e-01,1.576719238727264383e-06,4.100000000000000000e+01
9.148059085236292276e+01,-1.389768804401339821e+02,2.000000000000000000e+00,1.523996927155567005e-01,1.047131285042413040e-06,6.300000000000000000e+01
9.148059085236292276e+01,-1.369768804401339821e+02,2.000000000000000000e+00,2.005537644125254815e-04,1.522001115449317377e-01,9.600000000000000000e+01
9.148059085236292276e+01,-1.349768804401339821e+02,2.000000000000000000e+00,1.997372100198013703e-04,8.135334245374043274e-07,7.700000000000000000e+01
9.148059085236292276e+01,-1.329768804401339821e+02,2.000000000000000000e+00,1.997079530510426028e-04,1.007008425002448157e-06,1.040000000000000000e+02
9.148059085236292276e+01,-1.309768804401339821e+02,2.000000000000000000e+00,1.997377927270467817e-04,1.269315158195904319e-06,1.450000000000000000e+02
9.148059085236292276e+01,-1.289768804401339821e+02,2.000000000000000000e+00,1.997077689120274504e-04,7.571583682253191228e-07,1.700000000000000000e+02
9.148059085236292276e+01,-1.269768804401339821e+02,2.000000000000000000e+00,1.997281461020961155e-04,7.158614832691704861e-07,2.100000000000000000e+02
9.148059085236292276e+01,-1.249768804401339821e+02,2.000000000000000000e+00,1.996934186230259201e-04,6.024803588911106962e-07,3.000000000000000000e+02
9.148059085236292276e+01,-1.229768804401339821e+02,2.000000000000000000e+00,1.997790799580734190e-04,5.246825771780040150e-07,3.330000000000000000e+02
9.148059085236292276e+01,-1.209768804401339821e+02,2.000000000000000000e+00,1.998116053470777641e-04,6.062295988318365612e-07,3.090000000000000000e+02
9.148059085236292276e+01,-1.189768804401339821e+02,2.000000000000000000e+00,1.997849158339448650e-04,6.980815012269767257e-07,2.830000000000000000e+02
9.148059085236292276e+01,-1.169768804401339821e+02,2.000000000000000000e+00,1.998144454897321618e-04,8.044362606707104475e-07,2.980000000000000000e+02
9.148059085236292276e+01,-1.149768804401339821e+02,2.000000000000000000e+00,1.998168503913137490e-04,6.691754272998735875e-07,2.900000000000000000e+02
9.148059085236292276e+01,-1.129768804401339821e+02,2.000000000000000000e+00,1.998169816865846826e-04,6.619837080353572264e-07,2.960000000000000000e+02
9.148059085236292276e+01,-1.109768804401339821e+02,2.000000000000000000e+00,1.998164215651243472e-04,6.617524273222702771e-07,2.980000000000000000e+02
9.148059085236292276e+01,-1.089768804401339821e+02,2.000000000000000000e+00,1.999352763477328264e-04,1.970030372955334369e-03,3.120000000000000000e+02
9.148059085236292276e+01,-1.069768804401339821e+02,2.000000000000000000e+00,1.999245387554138222e-04,1.522001658384389278e-01,3.480000000000000000e+02
9.148059085236292276e+01,-1.049768804401339821e+02,2.000000000000000000e+00,8.709427916167462045e-04,1.515292416627445071e-01,3.700000000000000000e+02
9.148059085236292276e+01,-1.029768804401339821e+02,2.000000000000000000e+00,1.213747252621725642e-01,3.102560483378859202e-02,3.640000000000000000e+02
9.148059085236292276e+01,-1.009768804401339821e+02,2.000000000000000000e+00,1.523999068116729805e-01,4.599863978604901149e-07,3.340000000000000000e+02
9.148059085236292276e+01,-9.897688044013398212e+01,2.000000000000000000e+00,1.523999145644478470e-01,5.159209596206082438e-07,3.140000000000000000e+02
9.148059085236292276e+01,-9.697688044013398212e+01,2.000000000000000000e+00,1.523998998990489795e-01,5.180333363385969392e-07,3.050000000000000000e+02
9.148059085236292276e+01,-9.497688044013398212e+01,2.000000000000000000e+00,1.523999134117309251e-01,5.422604199833980232e-07,2.830000000000000000e+02
9.148059085236292276e+01,-9.297688044013398212e+01,2.000000000000000000e+00,1.523998550771491767e-01,6.223172691888212427e-07,2.840000000000000000e+02
9.148059085236292276e+01,-9.097688044013398212e+01,2.000000000000000000e+00,1.523998390978567596e-01,6.654096302849410449e-07,2.820000000000000000e+02
9.148059085236292276e+01,-8.897688044013398212e+01,2.000000000000000000e+00,1.523998480920822907e-01,5.256901543515546393e-07,2.690000000000000000e+02
9.148059085236292276e+01,-8.697688044013398212e+01,2.000000000000000000e+00,1.523998958517077673e-01,5.729016846478529601e-07,2.870000000000000000e+02
9.148059085236292276e+01,-8.497688044013398212e+01,2.000000000000000000e+00,1.523998452412374804e-01,4.702486924856863482e-07,2.820000000000000000e+02
9.148059085236292276e+01,-8.297688044013398212e+01,2.000000000000000000e+00,1.523998055216074510e-01,4.336997538878506475e-07,2.990000000000000000e+02
9.148059085236292276e+01,-8.097688044013398212e+01,2.000000000000000000e+00,1.523998828034228148e-01,4.490002933343895108e-07,2.900000000000000000e+02
9.148059085236292276e+01,-7.897688044013398212e+01,2.000000000000000000e+00,6.391128531736030467e-03,1.460090586924086831e-01,3.660000000000000000e+02
9.148059085236292276e+01,-7.697688044013398212e+01,2.000000000000000000e+00,1.999526043494182057e-04,1.286031771377069421e-01,3.790000000000000000e+02
9.148059085236292276e+01,-7.497688044013398212e+01,2.000000000000000000e+00,1.998705728070741209e-04,3.779213640105855924e-07,3.420000000000000000e+02
9.148059085236292276e+01,-7.297688044013398212e+01,2.000000000000000000e+00,1.998570286958045836e-04,6.039696802351225604e-07,3.140000000000000000e+02
9.148059085236292276e+01,-7.097688044013398212e+01,2.000000000000000000e+00,1.999293249026183215e-04,6.013277398094428981e-07,2.850000000000000000e+02
9.148059085236292276e+01,-6.897688044013398212e+01,2.000000000000000000e+00,1.999112299211199483e-04,4.814191806904680876e-07,2.920000000000000000e+02
9.148059085236292276e+01,-6.697688044013398212e+01,2.000000000000000000e+00,1.999657493156448249e-04,3.183462203404212060e-07,3.230000000000000000e+02
9.148059085236292276e+01,-6.497688044013398212e+01,2.000000000000000000e+00,1.999518472355354959e-04,5.471811422408487564e-07,2.700000000000000000e+02
9.148059085236292276e+01,-6.297688044013398212e+01,2.000000000000000000e+00,1.999233646698073076e-04,6.350922844289286218e-07,1.700000000000000000e+02
9.148059085236292276e+01,-6.097688044013398212e+01,2.000000000000000000e+00,1.999891197357328565e-04,1.522000865482027177e-01,1.460000000000000000e+02
9.148059085236292276e+01,-5.897688044013398212e+01,2.000000000000000000e+00,1.096951135443493958e-01,4.270590002832706789e-02,1.000000000000000000e+02
9.148059085236292276e+01,-5.697688044013398212e+01,2.000000000000000000e+00,1.523999403176371781e-01,1.870858616831450050e-06,6.400000000000000000e+01
9.148059085236292276e+01,-5.497688044013398212e+01,2.000000000000000000e+00,1.523999007835433461e-01,1.198558975568086993e-06,5.200000000000000000e+01
9.148059085236292276e+01,-5.297688044013398212e+01,2.000000000000000000e+00,1.523998749453959189e-01,1.953592296682904461e-06,3.000000000000000000e+01
9.148059085236292276e+01,-5.097688044013398212e+01,2.000000000000000000e+00,1.523999188578430974e-01,2.629399435516432959e-06,3.100000000000000000e+01
9.148059085236292276e+01,-4.897688044013398212e+01,2.000000000000000000e+00,1.523997757622509164e-01,8.728054456952349938e-07,1.800000000000000000e+01
9.148059085236292276e+01,-4.697688044013398212e+01,2.000000000000000000e+00,1.523999530081353027e-01,1.485411006807435541e-06,1.700000000000000000e+01
9.348059085236292276e+01,-1.729768804401339821e+02,2.000000000000000000e+00,6.332760428129624586e-02,1.723846891319769092e-03,1.200000000000000000e+01
9.348059085236292276e+01,-1.569768804401339821e+02,2.000000000000000000e+00,1.134371036081597006e-01,1.683238875191644945e-03,1.000000000000000000e+01
9.348059085236292276e+01,-1.549768804401339821e+02,2.000000000000000000e+00,1.156745259977888934e-01,5.189607918266586628e-03,2.200000000000000000e+01
9.348059085236292276e+01,-1.474768804401339821e+02,5.000000000000000000e-01,4.511864085240592792e-01,4.151260424198250476e+00,2.700000000000000000e+01
9.398059085236292276e+01,-1.474768804401339821e+02,5.000000000000000000e-01,2.188545114430813787e-01,4.345273234693295628e+00,5.000000000000000000e+00
9.448059085236292276e+01,-1.479768804401339821e+02,1.000000000000000000e+00,3.759074739162539203e+00,9.949903763886656094e-01,1.100000000000000000e+01
9.348059085236292276e+01,-1.469768804401339821e+02,2.000000000000000000e+00,1.410024416434970118e-01,3.273111188721949949e-03,2.900000000000000000e+01
9.348059085236292276e+01,-1.449768804401339821e+02,2.000000000000000000e+00,1.455777603526904329e-01,4.722135197087140579e-03,1.800000000000000000e+01
9.348059085236292276e+01,-1.429768804401339821e+02,2.000000000000000000e+00,1.520710872592844487e-01,7.232364176494032737e-04,2.400000000000000000e+01
9.348059085236292276e+01,-1.409768804401339821e+02,2.000000000000000000e+00,1.523997073574743233e-01,1.113664122143198654e-06,4.600000000000000000e+01
9.348059085236292276e+01,-1.389768804401339821e+02,2.000000000000000000e+00,1.523996586230000339e-01,1.106025073305261230e-06,3.900000000000000000e+01
9.348059085236292276e+01,-1.369768804401339821e+02,2.000000000000000000e+00,1.523987679276584406e-01,2.016461611881181781e-06,8.000000000000000000e+01
9.348059085236292276e+01,-1.349768804401339821e+02,2.000000000000000000e+00,2.000918713269683735e-04,1.521997342777628992e-01,8.600000000000000000e+01
9.348059085236292276e+01,-1.329768804401339821e+02,2.000000000000000000e+00,1.996933032022418786e-04,1.161079037803602887e-06,8.100000000000000000e+01
9.348059085236292276e+01,-1.309768804401339821e+02,2.000000000000000000e+00,1.996178272982263133e-04,1.469155481448309155e-06,1.170000000000000000e+02
9.348059085236292276e+01,-1.289768804401339821e+02,2.000000000000000000e+00,1.996668170009208100e-04,1.197811193831571251e-06,1.350000000000000000e+02
9.348059085236292276e+01,-1.269768804401339821e+02,2.000000000000000000e+00,1.997133023540875849e-04,7.807506929413514114e-07,1.740000000000000000e+02
9.348059085236292276e+01,-1.249768804401339821e+02,2.000000000000000000e+00,1.996998413215322844e-04,7.978658881357958421e-07,2.240000000000000000e+02
9.348059085236292276e+01,-1.229768804401339821e+02,2.000000000000000000e+00,1.997882273566453702e-04,6.877006746730421165e-07,2.670000000000000000e+02
9.348059085236292276e+01,-1.209768804401339821e+02,2.000000000000000000e+00,1.998274390548893109e-04,5.056499562394733971e-07,3.260000000000000000e+02
9.348059085236292276e+01,-1.189768804401339821e+02,2.000000000000000000e+00,1.998724034320590540e-04,4.351849163049975079e-07,3.300000000000000000e+02
9.348059085236292276e+01,-1.169768804401339821e+02,2.000000000000000000e+00,1.998744607525892981e-04,4.934832725256321252e-07,3.120000000000000000e+02
9.348059085236292276e+01,-1.149768804401339821e+02,2.000000000000000000e+00,1.997944146440093049e-04,5.853235961990669017e-07,2.980000000000000000e+02
9.348059085236292276e+01,-1.129768804401339821e+02,2.000000000000000000e+00,1.998017869898838174e-04,6.951035590674282862e-07,2.930000000000000000e+02
9.348059085236292276e+01,-1.109768804401339821e+02,2.000000000000000000e+00,1.997833776978967025e-04,7.171741835362063083e-07,2.850000000000000000e+02
9.348059085236292276e+01,-1.089768804401339821e+02,2.000000000000000000e+00,1.998657959738636691e-04,5.523427992204510417e-07,2.960000000000000000e+02
9.348059085236292276e+01,-1.069768804401339821e+02,2.000000000000000000e+00,1.997698953813890454e-04,8.018457296828541015e-07,2.920000000000000000e+02
9.348059085236292276e+01,-1.049768804401339821e+02,2.000000000000000000e+00,1.996885852542007369e-04,6.168037302852293936e-07,3.000000000000000000e+02
9.348059085236292276e+01,-1.029768804401339821e+02,2.000000000000000000e+00,1.998344911655181130e-04,2.239194812453619478e-03,3.040000000000000000e+02
9.348059085236292276e+01,-1.009768804401339821e+02,2.000000000000000000e+00,1.999820177607247729e-04,1.521999223665655987e-01,3.540000000000000000e+02
9.348059085236292276e+01,-9.897688044013398212e+01,2.000000000000000000e+00,2.000585225740980633e-04,1.522000766296589536e-01,3.570000000000000000e+02
9.348059085236292276e+01,-9.697688044013398212e+01,2.000000000000000000e+00,2.001449758119111467e-04,1.522000795422018826e-01,3.580000000000000000e+02
9.348059085236292276e+01,-9.497688044013398212e+01,2.000000000000000000e+00,2.002719045526291097e-04,1.522000164061040606e-01,3.740000000000000000e+02
9.348059085236292276e+01,-9.297688044013398212e+01,2.000000000000000000e+00,2.007334760274185779e-04,1.521994970238513267e-01,3.520000000000000000e+02
9.348059085236292276e+01,-9.097688044013398212e+01,1.000000000000000000e+00,1.523998893918702691e-01,7.852413174413985786e-07,7.700000000000000000e+01
9.348059085236292276e+01,-8.997688044013398212e+01,5.000000000000000000e-01,1.948888103114318204e-01,5.191826581738425261e+00,4.700000000000000000e+01
9.348059085236292276e+01,-8.947688044013398212e+01,5.000000000000000000e-01,1.523997684899573990e-01,5.955798940970868927e-07,1.800000000000000000e+01
9.398059085236292276e+01,-8.997688044013398212e+01,5.000000000000000000e-01,4.493284328739782785e-01,4.493241343911859254e+00,1.750000000000000000e+02
9.398059085236292276e+01,-8.947688044013398212e+01,5.000000000000000000e-01,1.523997730303189302e-01,7.955325717901029492e-07,1.900000000000000000e+01
9.448059085236292276e+01,-9.097688044013398212e+01,1.000000000000000000e+00,1.999747964531728428e-04,1.317147247811749078e-01,9.100000000000000000e+01
9.448059085236292276e+01,-8.997688044013398212e+01,1.000000000000000000e+00,2.000616464446084764e-04,1.420078397615137933e-01,1.000000000000000000e+02
9.348059085236292276e+01,-8.897688044013398212e+01,2.000000000000000000e+00,2.006956718316743604e-04,1.521994400925327229e-01,3.500000000000000000e+02
9.348059085236292276e+01,-8.697688044013398212e+01,2.000000000000000000e+00,5.937765854735047076e-04,1.518064171031118792e-01,3.580000000000000000e+02
9.348059085236292276e+01,-8.497688044013398212e+01,2.000000000000000000e+00,9.988625195544997837e-04,1.514013284564801332e-01,3.610000000000000000e+02
9.348059085236292276e+01,-8.297688044013398212e+01,2.000000000000000000e+00,2.002546307214636610e-04,1.521998608538631947e-01,3.830000000000000000e+02
9.348059085236292276e+01,-8.097688044013398212e+01,2.000000000000000000e+00,1.999443516943344304e-04,1.522001008457459781e-01,3.800000000000000000e+02
9.348059085236292276e+01,-7.897688044013398212e+01,2.000000000000000000e+00,1.998827815752335368e-04,3.891949633922475726e-03,3.610000000000000000e+02
9.348059085236292276e+01,-7.697688044013398212e+01,2.000000000000000000e+00,1.998511512090406174e-04,5.031385658327226697e-07,3.480000000000000000e+02
9.348059085236292276e+01,-7.497688044013398212e+01,2.000000000000000000e+00,1.998075766771911679e-04,5.597969900961174972e-07,3.280000000000000000e+02
9.348059085236292276e+01,-7.297688044013398212e+01,2.000000000000000000e+00,1.998513476490160147e-04,4.994121193147179043e-07,3.080000000000000000e+02
9.348059085236292276e+01,-7.097688044013398212e+01,2.000000000000000000e+00,1.998570431855028974e-04,4.512661654576478800e-07,2.840000000000000000e+02
9.348059085236292276e+01,-6.897688044013398212e+01,2.000000000000000000e+00,1.999447077634997126e-04,4.428641244835773705e-07,2.930000000000000000e+02
9.348059085236292276e+01,-6.697688044013398212e+01,2.000000000000000000e+00,1.999310677957666480e-04,4.040079831568515675e-07,3.230000000000000000e+02
9.348059085236292276e+01,-6.497688044013398212e+01,2.000000000000000000e+00,1.999149018693913257e-04,4.309972380322991872e-07,2.350000000000000000e+02
9.348059085236292276e+01,-6.297688044013398212e+01,2.000000000000000000e+00,1.999130367648760506e-04,9.716261773151603411e-07,1.740000000000000000e+02
9.348059085236292276e+01,-6.097688044013398212e+01,2.000000000000000000e+00,1.998877462836112892e-04,9.325343899080134821e-07,1.240000000000000000e+02
9.348059085236292276e+01,-5.897688044013398212e+01,2.000000000000000000e+00,1.998852298525477631e-04,1.169820891867509732e-01,8.500000000000000000e+01
9.348059085236292276e+01,-5.697688044013398212e+01,2.000000000000000000e+00,2.001469104719433398e-04,1.522006356042377995e-01,5.800000000000000000e+01
9.348059085236292276e+01,-5.497688044013398212e+01,2.000000000000000000e+00,3.581648027584982685e-03,1.488194109783287367e-01,4.100000000000000000e+01
9.348059085236292276e+01,-5.297688044013398212e+01,2.000000000000000000e+00,1.230673334714684486e-01,2.933312479106273130e-02,4.400000000000000000e+01
9.348059085236292276e+01,-5.097688044013398212e+01,2.000000000000000000e+00,5.376528961880122637e-03,1.470250179246250788e-01,2.100000000000000000e+01
9.348059085236292276e+01,-4.897688044013398212e+01,1.000000000000000000e+00,1.523998335756418798e-01,4.855692708471970320e-07,5.000000000000000000e+00
9.348059085236292276e+01,-4.797688044013398212e+01,1.000000000000000000e+00,1.524000779904199909e-01,9.686762325415922970e-01,1.800000000000000000e+01
9.448059085236292276e+01,-4.797688044013398212e+01,1.000000000000000000e+00,2.796130355132858125e-01,1.200908375838025899e+00,1.000000000000000000e+01
9.348059085236292276e+01,-4.697688044013398212e+01,2.000000000000000000e+00,6.107989106124171036e-02,9.132025763959092379e-02,1.300000000000000000e+01
9.548059085236292276e+01,-1.549768804401339821e+02,2.000000000000000000e+00,1.149453693400631360e-01,2.583811541179370508e-03,1.800000000000000000e+01
9.548059085236292276e+01,-1.529768804401339821e+02,2.000000000000000000e+00,1.183119647651595940e-01,2.825542250088020069e-03,6.000000000000000000e+00
9.548059085236292276e+01,-1.449768804401339821e+02,2.000000000000000000e+00,1.417320261964967187e-01,5.151848415443693874e-03,3.600000000000000000e+01
9.548059085236292276e+01,-1.429768804401339821e+02,2.000000000000000000e+00,1.472661096164026573e-01,4.938792977270095585e-03,2.400000000000000000e+01
9.548059085236292276e+01,-1.409768804401339821e+02,2.000000000000000000e+00,1.523995271746119984e-01,3.204759988148786487e-04,2.300000000000000000e+01
9.548059085236292276e+01,-1.389768804401339821e+02,2.000000000000000000e+00,1.523996384265038917e-01,1.265641274533768623e-06,4.900000000000000000e+01
9.548059085236292276e+01,-1.369768804401339821e+02,2.000000000000000000e+00,1.523991446161176155e-01,2.319195182426403434e-06,4.200000000000000000e+01
9.548059085236292276e+01,-1.349768804401339821e+02,2.000000000000000000e+00,1.279197001367649578e-01,2.448074507129061050e-02,6.800000000000000000e+01
9.548059085236292276e+01,-1.329768804401339821e+02,1.000000000000000000e+00,1.998135282409663151e-04,1.547133415402184194e-02,2.700000000000000000e+01
9.548059085236292276e+01,-1.319768804401339821e+02,1.000000000000000000e+00,1.998130226527727979e-04,5.558656269499589672e-07,1.700000000000000000e+01
9.648059085236292276e+01,-1.329768804401339821e+02,1.000000000000000000e+00,1.149824317367234422e-01,8.034487436973816177e-01,7.400000000000000000e+01
9.648059085236292276e+01,-1.319768804401339821e+02,1.000000000000000000e+00,1.997315760861262336e-04,8.276781510830961974e-02,2.400000000000000000e+01
9.548059085236292276e+01,-1.309768804401339821e+02,2.000000000000000000e+00,1.996527237407619336e-04,1.403426001944657478e-06,1.030000000000000000e+02
9.548059085236292276e+01,-1.289768804401339821e+02,2.000000000000000000e+00,1.997538723060188095e-04,1.034888766060520658e-06,1.050000000000000000e+02
9.548059085236292276e+01,-1.269768804401339821e+02,2.000000000000000000e+00,1.997792591867053548e-04,7.837214393680122689e-07,1.320000000000000000e+02
9.548059085236292276e+01,-1.249768804401339821e+02,2.000000000000000000e+00,1.997792471142290083e-04,5.652915067155817042e-07,1.710000000000000000e+02
9.548059085236292276e+01,-1.229768804401339821e+02,2.000000000000000000e+00,1.998194661312346909e-04,4.481759172669796953e-07,2.210000000000000000e+02
9.548059085236292276e+01,-1.209768804401339821e+02,2.000000000000000000e+00,1.998294207606221454e-04,5.470716560540761844e-07,2.500000000000000000e+02
9.548059085236292276e+01,-1.189768804401339821e+02,2.000000000000000000e+00,1.998804997209872370e-04,4.301806517078340247e-07,3.090000000000000000e+02
9.548059085236292276e+01,-1.169768804401339821e+02,2.000000000000000000e+00,1.998751696759004659e-04,4.028006741485512521e-07,3.330000000000000000e+02
9.548059085236292276e+01,-1.149768804401339821e+02,2.000000000000000000e+00,1.998321139838665826e-04,6.127245394245916209e-07,3.140000000000000000e+02
9.548059085236292276e+01,-1.129768804401339821e+02,2.000000000000000000e+00,1.997993391356089887e-04,6.423572265212840193e-07,3.150000000000000000e+02
9.548059085236292276e+01,-1.109768804401339821e+02,2.000000000000000000e+00,1.997949600607580979e-04,7.183399461633708724e-07,2.890000000000000000e+02
9.548059085236292276e+01,-1.089768804401339821e+02,2.000000000000000000e+00,1.997816102515296514e-04,6.891982154163362687e-07,3.090000000000000000e+02
9.548059085236292276e+01,-1.069768804401339821e+02,2.000000000000000000e+00,1.997056137966524202e-04,6.429912931649021685e-07,2.920000000000000000e+02
9.548059085236292276e+01,-1.049768804401339821e+02,2.000000000000000000e+00,1.998136515818593696e-04,5.835696081479932636e-07,2.890000000000000000e+02
9.548059085236292276e+01,-1.029768804401339821e+02,2.000000000000000000e+00,1.998635226651224118e-04,6.592723159689229274e-07,3.030000000000000000e+02
9.548059085236292276e+01,-1.009768804401339821e+02,2.000000000000000000e+00,1.998386805191820824e-04,5.496137173821417660e-07,2.990000000000000000e+02
9.548059085236292276e+01,-9.897688044013398212e+01,2.000000000000000000e+00,1.998681419359549238e-04,5.709667898479153791e-07,3.010000000000000000e+02
9.548059085236292276e+01,-9.697688044013398212e+01,2.000000000000000000e+00,1.999158289107683117e-04,4.777451906301521944e-07,3.110000000000000000e+02
9.548059085236292276e+01,-9.497688044013398212e+01,2.000000000000000000e+00,1.999091172408817840e-04,4.954243420618562217e-07,3.190000000000000000e+02
9.548059085236292276e+01,-9.297688044013398212e+01,2.000000000000000000e+00,1.998463429906394140e-04,6.323073830638570314e-07,2.960000000000000000e+02
9.548059085236292276e+01,-9.097688044013398212e+01,2.000000000000000000e+00,1.998426150959797809e-04,5.817411911079872766e-07,3.110000000000000000e+02
9.548059085236292276e+01,-8.897688044013398212e+01,2.000000000000000000e+00,1.997968638552727382e-04,7.929332610956299314e-07,3.050000000000000000e+02
9.548059085236292276e+01,-8.697688044013398212e+01,2.000000000000000000e+00,1.998188473124606901e-04,9.090821197599405386e-07,2.970000000000000000e+02
9.548059085236292276e+01,-8.497688044013398212e+01,2.000000000000000000e+00,1.998184689559145911e-04,7.113579168383117862e-07,3.070000000000000000e+02
9.548059085236292276e+01,-8.297688044013398212e+01,2.000000000000000000e+00,1.998333763200576987e-04,6.055296254636960765e-07,3.040000000000000000e+02
9.548059085236292276e+01,-8.097688044013398212e+01,2.000000000000000000e+00,1.997654647814502474e-04,5.830570667756935881e-07,3.270000000000000000e+02
9.548059085236292276e+01,-7.897688044013398212e+01,2.000000000000000000e+00,1.998307525379328098e-04,4.599063627708233071e-07,3.110000000000000000e+02
9.548059085236292276e+01,-7.697688044013398212e+01,2.000000000000000000e+00,1.997942325858481692e-04,6.270879383984853499e-07,3.080000000000000000e+02
9.548059085236292276e+01,-7.497688044013398212e+01,2.000000000000000000e+00,1.998050734741241394e-04,6.196462980056886578e-07,2.970000000000000000e+02
9.548059085236292276e+01,-7.297688044013398212e+01,2.000000000000000000e+00,1.998614422213051912e-04,1.397113929335624689e-06,2.920000000000000000e+02
9.548059085236292276e+01,-7.097688044013398212e+01,2.000000000000000000e+00,1.998160575928942251e-04,5.420234454600603158e-07,3.010000000000000000e+02
9.548059085236292276e+01,-6.897688044013398212e+01,2.000000000000000000e+00,1.998677701477547084e-04,4.290944599638364231e-07,3.190000000000000000e+02
9.548059085236292276e+01,-6.697688044013398212e+01,2.000000000000000000e+00,1.999142532545405862e-04,4.424982080308945305e-07,2.920000000000000000e+02
9.548059085236292276e+01,-6.497688044013398212e+01,2.000000000000000000e+00,1.998912969650490422e-04,5.824692519640296742e-07,2.030000000000000000e+02
9.548059085236292276e+01,-6.297688044013398212e+01,2.000000000000000000e+00,1.998969475064171829e-04,1.001879099682412289e-06,1.450000000000000000e+02
9.548059085236292276e+01,-6.097688044013398212e+01,2.000000000000000000e+00,1.998463937863625918e-04,1.277997311532885760e-06,1.050000000000000000e+02
9.548059085236292276e+01,-5.897688044013398212e+01,2.000000000000000000e+00,1.999353465826914089e-04,8.919374132609902972e-07,7.100000000000000000e+01
9.548059085236292276e+01,-5.697688044013398212e+01,2.000000000000000000e+00,1.998399369037340333e-04,1.158066986883804625e-06,5.300000000000000000e+01
9.548059085236292276e+01,-5.497688044013398212e+01,2.000000000000000000e+00,1.999157664846151706e-04,1.478834259072131637e-06,4.800000000000000000e+01
9.548059085236292276e+01,-5.297688044013398212e+01,2.000000000000000000e+00,1.997062508358737887e-04,1.485539735335272837e-06,3.600000000000000000e+01
9.548059085236292276e+01,-5.097688044013398212e+01,2.000000000000000000e+00,1.998586493630050143e-04,3.739295936222575278e-07,2.600000000000000000e+01
9.548059085236292276e+01,-4.897688044013398212e+01,2.000000000000000000e+00,1.998555362118459246e-04,2.488302141001597079e-06,1.200000000000000000e+01
9.548059085236292276e+01,-4.697688044013398212e+01,2.000000000000000000e+00,1.999217930792163253e-04,6.176196468032804469e-07,2.500000000000000000e+01
9.748059085236292276e+01,-1.529768804401339821e+02,2.000000000000000000e+00,1.154448985976895131e-01,3.995749798823805543e-03,2.000000000000000000e+01
9.748059085236292276e+01,-1.489768804401339821e+02,2.000000000000000000e+00,1.291504352322199733e-01,1.239908838914144384e-03,5.000000000000000000e+00
9.748059085236292276e+01,-1.449768804401339821e+02,2.000000000000000000e+00,1.410110689715571297e-01,1.680311783656573965e-03,1.600000000000000000e+01
9.748059085236292276e+01,-1.429768804401339821e+02,2.000000000000000000e+00,1.423830592705872533e-01,5.717372999093139896e-03,2.600000000000000000e+01
9.748059085236292276e+01,-1.409768804401339821e+02,2.000000000000000000e+00,1.472965613368192872e-01,5.102894024353904490e-03,1.000000000000000000e+01
9.748059085236292276e+01,-1.389768804401339821e+02,2.000000000000000000e+00,1.523995640308480337e-01,7.260290711130767960e-07,2.000000000000000000e+01
9.748059085236292276e+01,-1.369768804401339821e+02,2.000000000000000000e+00,1.523997182819707419e-01,1.078656407971223530e-06,3.100000000000000000e+01
9.748059085236292276e+01,-1.349768804401339821e+02,1.000000000000000000e+00,1.523998579935368913e-01,1.083014513181268512e-06,5.000000000000000000e+00
9.748059085236292276e+01,-1.339768804401339821e+02,1.000000000000000000e+00,1.523998043037667338e-01,1.125158046132010092e+00,3.000000000000000000e+01
9.848059085236292276e+01,-1.349768804401339821e+02,1.000000000000000000e+00,1.523999525670349797e-01,8.732118185750259443e-07,5.000000000000000000e+00
9.848059085236292276e+01,-1.339768804401339821e+02,1.000000000000000000e+00,1.524000724670654949e-01,5.520483807957219380e-01,1.400000000000000000e+01
9.748059085236292276e+01,-1.329768804401339821e+02,1.000000000000000000e+00,1.524001633661524191e-01,9.957858076769063871e-01,5.700000000000000000e+01
9.748059085236292276e+01,-1.319768804401339821e+02,1.000000000000000000e+00,9.540391101549183794e-02,1.021457712993207645e+00,6.600000000000000000e+01
9.848059085236292276e+01,-1.329768804401339821e+02,1.000000000000000000e+00,1.523998015354033342e-01,1.144898971741240334e+00,2.100000000000000000e+01
9.848059085236292276e+01,-1.319768804401339821e+02,1.000000000000000000e+00,1.523999242065694482e-01,1.131472239444774264e+00,4.200000000000000000e+01
9.748059085236292276e+01,-1.309768804401339821e+02,2.000000000000000000e+00,2.000809976541617521e-04,6.337870278273148861e-01,1.050000000000000000e+02
9.748059085236292276e+01,-1.289768804401339821e+02,2.000000000000000000e+00,1.997288491749848961e-04,9.668714613608687860e-07,8.800000000000000000e+01
9.748059085236292276e+01,-1.269768804401339821e+02,2.000000000000000000e+00,1.997409046912146380e-04,1.078057373593566126e-06,1.170000000000000000e+02
9.748059085236292276e+01,-1.249768804401339821e+02,2.000000000000000000e+00,1.997487804334951988e-04,7.781816161456234227e-07,1.260000000000000000e+02
9.748059085236292276e+01,-1.229768804401339821e+02,2.000000000000000000e+00,1.997884842390718063e-04,5.776916556787803358e-07,1.660000000000000000e+02
9.748059085236292276e+01,-1.209768804401339821e+02,2.000000000000000000e+00,1.997735473649342344e-04,6.088015199634695934e-07,1.940000000000000000e+02
9.748059085236292276e+01,-1.189768804401339821e+02,2.000000000000000000e+00,1.998250262130962741e-04,5.112910736571160859e-07,2.440000000000000000e+02
9.748059085236292276e+01,-1.169768804401339821e+02,2.000000000000000000e+00,1.998294621260221558e-04,6.668064817342558240e-07,2.700000000000000000e+02
9.748059085236292276e+01,-1.149768804401339821e+02,2.000000000000000000e+00,1.998229369195137048e-04,5.698833910550095330e-07,3.150000000000000000e+02
9.748059085236292276e+01,-1.129768804401339821e+02,2.000000000000000000e+00,1.997608025749997296e-04,5.607946140499418461e-07,3.430000000000000000e+02
9.748059085236292276e+01,-1.109768804401339821e+02,2.000000000000000000e+00,1.998214946234533437e-04,7.178427811282918260e-07,3.200000000000000000e+02
9.748059085236292276e+01,-1.089768804401339821e+02,2.000000000000000000e+00,1.998396950194880563e-04,6.892853260609345303e-07,2.930000000000000000e+02
9.748059085236292276e+01,-1.069768804401339821e+02,2.000000000000000000e+00,1.998012263069171013e-04,6.274123135696586719e-07,2.950000000000000000e+02
9.748059085236292276e+01,-1.049768804401339821e+02,2.000000000000000000e+00,1.998361809653144861e-04,7.210613774214782393e-07,2.990000000000000000e+02
9.748059085236292276e+01,-1.029768804401339821e+02,2.000000000000000000e+00,1.998632342643524851e-04,6.169144106116242199e-07,3.060000000000000000e+02
9.748059085236292276e+01,-1.009768804401339821e+02,2.000000000000000000e+00,1.997801307491720024e-04,5.824453006564311863e-07,3.010000000000000000e+02
9.748059085236292276e+01,-9.897688044013398212e+01,2.000000000000000000e+00,1.998354171581340319e-04,5.693960588137707019e-07,3.030000000000000000e+02
9.748059085236292276e+01,-9.697688044013398212e+01,2.000000000000000000e+00,1.998288981896578884e-04,5.913148930947078989e-07,2.930000000000000000e+02
9.748059085236292276e+01,-9.497688044013398212e+01,2.000000000000000000e+00,1.997464546027375831e-04,7.682785433171855725e-07,2.880000000000000000e+02
9.748059085236292276e+01,-9.297688044013398212e+01,2.000000000000000000e+00,1.998536321301092153e-04,6.205784003565585540e-07,2.870000000000000000e+02
9.748059085236292276e+01,-9.097688044013398212e+01,2.000000000000000000e+00,1.998394985916659148e-04,7.218749550711724920e-07,2.910000000000000000e+02
9.748059085236292276e+01,-8.897688044013398212e+01,2.000000000000000000e+00,1.998156044067389558e-04,8.495727417123788427e-07,2.910000000000000000e+02
9.748059085236292276e+01,-8.697688044013398212e+01,2.000000000000000000e+00,1.998069930577273221e-04,1.482181580070285592e-06,2.980000000000000000e+02
9.748059085236292276e+01,-8.497688044013398212e+01,2.000000000000000000e+00,1.997860349657543057e-04,9.063588704450061245e-07,3.130000000000000000e+02
9.748059085236292276e+01,-8.297688044013398212e+01,2.000000000000000000e+00,1.998151826974492343e-04,7.240393962308134569e-07,2.950000000000000000e+02
9.748059085236292276e+01,-8.097688044013398212e+01,2.000000000000000000e+00,1.997432869409898506e-04,6.866591182652702439e-07,2.920000000000000000e+02
9.748059085236292276e+01,-7.897688044013398212e+01,2.000000000000000000e+00,1.998795228935756896e-04,4.804362250624696299e-07,3.010000000000000000e+02
9.748059085236292276e+01,-7.697688044013398212e+01,2.000000000000000000e+00,1.998007390779044047e-04,5.051243770926190906e-07,3.100000000000000000e+02
9.748059085236292276e+01,-7.497688044013398212e+01,2.000000000000000000e+00,1.998060322185413293e-04,5.079596483437143206e-07,3.050000000000000000e+02
9.748059085236292276e+01,-7.297688044013398212e+01,2.000000000000000000e+00,1.997573761661985915e-04,6.279905366834981351e-07,2.970000000000000000e+02
9.748059085236292276e+01,-7.097688044013398212e+01,2.000000000000000000e+00,1.997665901516546883e-04,7.004955028329818301e-07,3.070000000000000000e+02
9.748059085236292276e+01,-6.897688044013398212e+01,2.000000000000000000e+00,1.998228053571082850e-04,5.184522235191001225e-07,3.080000000000000000e+02
9.748059085236292276e+01,-6.697688044013398212e+01,2.000000000000000000e+00,1.998109253267266183e-04,5.545298203957216288e-07,2.310000000000000000e+02
9.748059085236292276e+01,-6.497688044013398212e+01,2.000000000000000000e+00,1.998503410813867731e-04,1.011498429548401837e-06,1.640000000000000000e+02
9.748059085236292276e+01,-6.297688044013398212e+01,2.000000000000000000e+00,1.998568053467764008e-04,1.112137006753515954e-06,1.190000000000000000e+02
9.748059085236292276e+01,-6.097688044013398212e+01,2.000000000000000000e+00,1.998586299404969788e-04,8.856497833775517012e-07,8.900000000000000000e+01
9.748059085236292276e+01,-5.897688044013398212e+01,2.000000000000000000e+00,1.998441341113377234e-04,1.359034600145758460e-06,6.300000000000000000e+01
9.748059085236292276e+01,-5.697688044013398212e+01,2.000000000000000000e+00,1.999011663742500389e-04,9.288115870864643853e-07,4.600000000000000000e+01
9.748059085236292276e+01,-5.497688044013398212e+01,2.000000000000000000e+00,1.998470201529656265e-04,1.424786526094123928e-06,4.100000000000000000e+01
9.748059085236292276e+01,-5.297688044013398212e+01,2.000000000000000000e+00,1.998430748210822225e-04,1.315067151441684772e-06,4.400000000000000000e+01
9.748059085236292276e+01,-5.097688044013398212e+01,2.000000000000000000e+00,1.999479623078670334e-04,1.737354735098528037e-06,2.500000000000000000e+01
9.748059085236292276e+01,-4.897688044013398212e+01,2.000000000000000000e+00,1.997874705238267322e-04,3.151064470130471307e-06,2.200000000000000000e+01
9.748059085236292276e+01,-4.697688044013398212e+01,2.000000000000000000e+00,1.998916529479366597e-04,7.241031013682786011e-07,2.800000000000000000e+01
9.748059085236292276e+01,-3.897688044013398212e+01,2.000000000000000000e+00,1.998917893475393726e-04,1.462328949042301929e-06,1.600000000000000000e+01
9.948059085236292276e+01,-1.529768804401339821e+02,2.000000000000000000e+00,1.149581485160584143e-01,1.584393052517354961e-03,1.500000000000000000e+01
9.948059085236292276e+01,-1.509768804401339821e+02,2.000000000000000000e+00,1.167402738824182273e-01,2.083882846110884923e-03,1.000000000000000000e+01
9.948059085236292276e+01,-1.429768804401339821e+02,2.000000000000000000e+00,1.413429604163802256e-01,2.881600713591003782e-03,1.900000000000000000e+01
9.948059085236292276e+01,-1.409768804401339821e+02,2.000000000000000000e+00,1.435097824792608279e-01,4.659261797681946149e-03,1.800000000000000000e+01
9.948059085236292276e+01,-1.369768804401339821e+02,2.000000000000000000e+00,1.523998370477999131e-01,2.472429974975653977e-06,1.600000000000000000e+01
9.948059085236292276e+01,-1.349768804401339821e+02,2.000000000000000000e+00,1.523995680961655330e-01,2.999426065269927832e-06,1.800000000000000000e+01
9.948059085236292276e+01,-1.329768804401339821e+02,1.000000000000000000e+00,1.523996164950072729e-01,3.200478014060919585e-01,9.000000000000000000e+00
9.948059085236292276e+01,-1.319768804401339821e+02,1.000000000000000000e+00,1.523999304068809901e-01,1.086074253272257595e+00,3.700000000000000000e+01
1.004805908523629228e+02,-1.329768804401339821e+02,1.000000000000000000e+00,1.523993905988190178e-01,5.593160611327974152e-07,6.000000000000000000e+00
1.004805908523629228e+02,-1.319768804401339821e+02,1.000000000000000000e+00,3.187535317300549398e-01,9.546400951475333407e-01,3.100000000000000000e+01
9.948059085236292276e+01,-1.309768804401339821e+02,1.000000000000000000e+00,1.524000260625600345e-01,9.814654386157077859e-01,4.400000000000000000e+01
9.948059085236292276e+01,-1.299768804401339821e+02,1.000000000000000000e+00,2.379315157097945319e-02,1.286071262772221502e-01,3.200000000000000000e+01
1.004805908523629228e+02,-1.309768804401339821e+02,1.000000000000000000e+00,1.523999324556642720e-01,9.348840026352972510e-01,2.700000000000000000e+01
1.004805908523629228e+02,-1.299768804401339821e+02,1.000000000000000000e+00,1.523998412569040894e-01,1.465986748348105384e-01,1.200000000000000000e+01
9.948059085236292276e+01,-1.289768804401339821e+02,1.000000000000000000e+00,1.149991319963117363e-03,1.163372496024247388e-01,1.900000000000000000e+01
9.948059085236292276e+01,-1.279768804401339821e+02,1.000000000000000000e+00,1.996690046238924711e-04,1.411431102038551971e-06,1.500000000000000000e+01
1.004805908523629228e+02,-1.289768804401339821e+02,5.000000000000000000e-01,5.430115126271561898e-01,5.799401180570974645e+00,8.000000000000000000e+01
1.004805908523629228e+02,-1.284768804401339821e+02,5.000000000000000000e-01,2.408361560888714475e-02,1.283168094806861059e-01,9.000000000000000000e+00
1.009805908523629228e+02,-1.289768804401339821e+02,5.000000000000000000e-01,2.763958162422239240e-01,3.173941104710712224e+00,1.400000000000000000e+01
1.004805908523629228e+02,-1.279768804401339821e+02,1.000000000000000000e+00,2.285390055897762538e-03,1.444105026730614361e-01,3.200000000000000000e+01
9.948059085236292276e+01,-1.269768804401339821e+02,2.000000000000000000e+00,1.998098472467901789e-04,1.685283435785350987e-04,7.800000000000000000e+01
9.948059085236292276e+01,-1.249768804401339821e+02,2.000000000000000000e+00,1.998003968566604673e-04,9.618019611116741634e-07,1.100000000000000000e+02
9.948059085236292276e+01,-1.229768804401339821e+02,2.000000000000000000e+00,1.997289894530851484e-04,8.972112518490504840e-07,1.160000000000000000e+02
9.948059085236292276e+01,-1.209768804401339821e+02,2.000000000000000000e+00,1.997654534762934584e-04,9.771465993383689989e-07,1.460000000000000000e+02
9.948059085236292276e+01,-1.189768804401339821e+02,2.000000000000000000e+00,1.997555560427244250e-04,6.252349958583590037e-07,1.680000000000000000e+02
9.948059085236292276e+01,-1.169768804401339821e+02,2.000000000000000000e+00,1.997836955813792059e-04,6.157093452863193761e-07,2.110000000000000000e+02
9.948059085236292276e+01,-1.149768804401339821e+02,2.000000000000000000e+00,1.997274115882981867e-04,8.306676489248379040e-07,2.390000000000000000e+02
9.948059085236292276e+01,-1.129768804401339821e+02,2.000000000000000000e+00,1.997576478254418420e-04,6.995588745469568520e-07,2.800000000000000000e+02
9.948059085236292276e+01,-1.109768804401339821e+02,2.000000000000000000e+00,1.998101388774653540e-04,5.454189919410661665e-07,3.270000000000000000e+02
9.948059085236292276e+01,-1.089768804401339821e+02,2.000000000000000000e+00,1.998950333546023472e-04,4.951131107322481739e-07,3.410000000000000000e+02
9.948059085236292276e+01,-1.069768804401339821e+02,2.000000000000000000e+00,1.999142002416576301e-04,4.784721242545586506e-07,3.320000000000000000e+02
9.948059085236292276e+01,-1.049768804401339821e+02,2.000000000000000000e+00,1.999046753942579249e-04,5.501805652397212879e-07,3.190000000000000000e+02
9.948059085236292276e+01,-1.029768804401339821e+02,2.000000000000000000e+00,1.998952045417112691e-04,5.510829416799476084e-07,3.130000000000000000e+02
9.948059085236292276e+01,-1.009768804401339821e+02,2.000000000000000000e+00,1.998797441871147385e-04,5.640801941320051829e-07,3.020000000000000000e+02
9.948059085236292276e+01,-9.897688044013398212e+01,2.000000000000000000e+00,1.998452957293395170e-04,5.541660157352523274e-07,3.030000000000000000e+02
9.948059085236292276e+01,-9.697688044013398212e+01,2.000000000000000000e+00,1.998094130171601426e-04,7.210594251017162209e-07,3.000000000000000000e+02
9.948059085236292276e+01,-9.497688044013398212e+01,2.000000000000000000e+00,1.998773032739542598e-04,5.957718406612801023e-07,2.930000000000000000e+02
9.948059085236292276e+01,-9.297688044013398212e+01,2.000000000000000000e+00,1.998517739804750557e-04,6.314772126980565132e-07,2.750000000000000000e+02
9.948059085236292276e+01,-9.097688044013398212e+01,2.000000000000000000e+00,1.998344743852964510e-04,7.322544200771884202e-07,3.030000000000000000e+02
9.948059085236292276e+01,-8.897688044013398212e+01,2.000000000000000000e+00,1.998480981848516080e-04,7.704938552066556250e-07,2.840000000000000000e+02
9.948059085236292276e+01,-8.697688044013398212e+01,2.000000000000000000e+00,1.998842403989620209e-04,7.019453772683093007e-07,2.910000000000000000e+02
9.948059085236292276e+01,-8.497688044013398212e+01,2.000000000000000000e+00,1.998746482708035790e-04,8.173279525736153271e-07,3.040000000000000000e+02
9.948059085236292276e+01,-8.297688044013398212e+01,2.000000000000000000e+00,1.999008120487921758e-04,7.398866810337523248e-07,2.910000000000000000e+02
9.948059085236292276e+01,-8.097688044013398212e+01,2.000000000000000000e+00,1.999120449664992805e-04,4.439550352120012842e-07,3.080000000000000000e+02
9.948059085236292276e+01,-7.897688044013398212e+01,2.000000000000000000e+00,1.998671175559074752e-04,5.534976190935071618e-07,2.920000000000000000e+02
9.948059085236292276e+01,-7.697688044013398212e+01,2.000000000000000000e+00,1.998096454183695306e-04,6.274416186613507307e-07,2.990000000000000000e+02
9.948059085236292276e+01,-7.497688044013398212e+01,2.000000000000000000e+00,1.997592093352373865e-04,5.624312002794340515e-07,2.960000000000000000e+02
9.948059085236292276e+01,-7.297688044013398212e+01,2.000000000000000000e+00,1.996892274497064133e-04,5.669518790440866533e-07,3.150000000000000000e+02
9.948059085236292276e+01,-7.097688044013398212e+01,2.000000000000000000e+00,1.997590107263820861e-04,4.845016872071894031e-07,2.970000000000000000e+02
9.948059085236292276e+01,-6.897688044013398212e+01,2.000000000000000000e+00,1.997779842986879882e-04,6.538395869837125302e-07,2.520000000000000000e+02
9.948059085236292276e+01,-6.697688044013398212e+01,2.000000000000000000e+00,1.997888715459694600e-04,6.419972909954552165e-07,1.820000000000000000e+02
9.948059085236292276e+01,-6.497688044013398212e+01,2.000000000000000000e+00,1.998726959525853831e-04,5.863596117761050910e-07,1.420000000000000000e+02
9.948059085236292276e+01,-6.297688044013398212e+01,2.000000000000000000e+00,1.998648402597780259e-04,1.204432657009297082e-06,1.120000000000000000e+02
9.948059085236292276e+01,-6.097688044013398212e+01,2.000000000000000000e+00,1.998007776984778053e-04,6.360471211497406747e-07,7.500000000000000000e+01
9.948059085236292276e+01,-5.897688044013398212e+01,2.000000000000000000e+00,1.998709442254664737e-04,1.072051940331775199e-06,7.100000000000000000e+01
9.948059085236292276e+01,-5.697688044013398212e+01,2.000000000000000000e+00,1.997731290365400926e-04,1.024130585092214310e-06,5.500000000000000000e+01
9.948059085236292276e+01,-5.497688044013398212e+01,2.000000000000000000e+00,1.998642146811668960e-04,1.517385864069353829e-06,2.900000000000000000e+01
9.948059085236292276e+01,-5.297688044013398212e+01,2.000000000000000000e+00,1.998254990046355371e-04,5.349832368883704076e-07,4.000000000000000000e+01
9.948059085236292276e+01,-5.097688044013398212e+01,2.000000000000000000e+00,1.998304339180023757e-04,1.987173347095527731e-06,1.400000000000000000e+01
9.948059085236292276e+01,-4.897688044013398212e+01,2.000000000000000000e+00,1.996311842779263602e-04,1.117814120576993012e-06,2.000000000000000000e+01
9.948059085236292276e+01,-4.697688044013398212e+01,2.000000000000000000e+00,1.998761784808067486e-04,5.557610158746228990e-07,2.000000000000000000e+01
9.948059085236292276e+01,-4.097688044013398212e+01,2.000000000000000000e+00,1.997585945336055548e-04,1.122669989594992940e-06,1.200000000000000000e+01
1.014805908523629228e+02,-1.509768804401339821e+02,2.000000000000000000e+00,1.149618946263522845e-01,3.177006730531062306e-03,2.500000000000000000e+01
1.014805908523629228e+02,-1.489768804401339821e+02,2.000000000000000000e+00,1.179546844505350300e-01,2.800953468142131086e-03,1.100000000000000000e+01
1.014805908523629228e+02,-1.409768804401339821e+02,2.000000000000000000e+00,1.409409007929120494e-01,3.459811680991464744e-03,2.700000000000000000e+01
1.014805908523629228e+02,-1.389768804401339821e+02,2.000000000000000000e+00,1.428834544083577573e-01,4.317834556817667924e-03,9.000000000000000000e+00
1.014805908523629228e+02,-1.369768804401339821e+02,2.000000000000000000e+00,1.487973745836929373e-01,3.653378784039124083e-03,1.800000000000000000e+01
1.014805908523629228e+02,-1.349768804401339821e+02,2.000000000000000000e+00,1.523998168821334431e-01,1.978882740782950123e-06,1.100000000000000000e+01
1.014805908523629228e+02,-1.329768804401339821e+02,2.000000000000000000e+00,1.523997061081502902e-01,8.786416987038858650e-07,3.700000000000000000e+01
1.014805908523629228e+02,-1.309768804401339821e+02,2.000000000000000000e+00,1.523997356849082219e-01,1.632451590544148345e-06,3.300000000000000000e+01
1.014805908523629228e+02,-1.289768804401339821e+02,2.000000000000000000e+00,1.523996831757418735e-01,1.689700486473544316e-06,6.900000000000000000e+01
1.014805908523629228e+02,-1.269768804401339821e+02,2.000000000000000000e+00,5.900307982532382312e-03,1.465001691512624049e-01,8.600000000000000000e+01
1.014805908523629228e+02,-1.249768804401339821e+02,2.000000000000000000e+00,1.998402093419393566e-04,6.808058995637705779e-02,9.600000000000000000e+01
1.014805908523629228e+02,-1.229768804401339821e+02,2.000000000000000000e+00,1.997544605782053341e-04,6.163703229589254269e-07,8.900000000000000000e+01
1.014805908523629228e+02,-1.209768804401339821e+02,2.000000000000000000e+00,1.997637774405980283e-04,7.175915872515033472e-07,1.040000000000000000e+02
1.014805908523629228e+02,-1.189768804401339821e+02,2.000000000000000000e+00,1.996896692595839687e-04,7.947037814481916485e-07,1.330000000000000000e+02
1.014805908523629228e+02,-1.169768804401339821e+02,2.000000000000000000e+00,1.997337705827995080e-04,8.643365056793027388e-07,1.620000000000000000e+02
1.014805908523629228e+02,-1.149768804401339821e+02,2.000000000000000000e+00,1.997392727577817942e-04,7.866768398479104425e-07,1.730000000000000000e+02
1.014805908523629228e+02,-1.129768804401339821e+02,2.000000000000000000e+00,1.997598278262735505e-04,8.543617995293573131e-07,1.910000000000000000e+02
1.014805908523629228e+02,-1.109768804401339821e+02,2.000000000000000000e+00,1.998365834229076708e-04,7.433180065537778932e-07,2.180000000000000000e+02
1.014805908523629228e+02,-1.089768804401339821e+02,2.000000000000000000e+00,1.998614716577584661e-04,6.215522435626397169e-07,2.620000000000000000e+02
1.014805908523629228e+02,-1.069768804401339821e+02,2.000000000000000000e+00,1.999406694364047610e-04,4.457405096136568545e-07,2.910000000000000000e+02
1.014805908523629228e+02,-1.049768804401339821e+02,2.000000000000000000e+00,1.999306793091015831e-04,4.688075460390682490e-07,3.040000000000000000e+02
1.014805908523629228e+02,-1.029768804401339821e+02,2.000000000000000000e+00,1.999099856968999836e-04,4.884289005247009850e-07,3.350000000000000000e+02
1.014805908523629228e+02,-1.009768804401339821e+02,2.000000000000000000e+00,1.998772456955233315e-04,6.023940685828785453e-07,3.390000000000000000e+02
1.014805908523629228e+02,-9.897688044013398212e+01,2.000000000000000000e+00,1.999037578683360403e-04,4.741467168889457184e-07,3.380000000000000000e+02
1.014805908523629228e+02,-9.697688044013398212e+01,2.000000000000000000e+00,1.998469523178947327e-04,6.077919171287859967e-07,3.360000000000000000e+02
1.014805908523629228e+02,-9.497688044013398212e+01,2.000000000000000000e+00,1.998326642029546474e-04,4.501989178014851635e-07,3.370000000000000000e+02
1.014805908523629228e+02,-9.297688044013398212e+01,2.000000000000000000e+00,1.998617957456394554e-04,5.367509894415960475e-07,3.280000000000000000e+02
1.014805908523629228e+02,-9.097688044013398212e+01,2.000000000000000000e+00,1.998773256132402255e-04,5.654147526771679654e-07,3.290000000000000000e+02
1.014805908523629228e+02,-8.897688044013398212e+01,2.000000000000000000e+00,1.998755646314132051e-04,5.239875249474169796e-07,3.370000000000000000e+02
1.014805908523629228e+02,-8.697688044013398212e+01,2.000000000000000000e+00,1.998339187700981512e-04,5.007829417369544407e-07,3.230000000000000000e+02
1.014805908523629228e+02,-8.497688044013398212e+01,2.000000000000000000e+00,1.998689211861304324e-04,5.396536603585635854e-07,3.240000000000000000e+02
1.014805908523629228e+02,-8.297688044013398212e+01,2.000000000000000000e+00,1.998698649269492424e-04,4.908006147763695724e-07,3.230000000000000000e+02
1.014805908523629228e+02,-8.097688044013398212e+01,2.000000000000000000e+00,1.999142357136829309e-04,3.984041203164531871e-07,3.350000000000000000e+02
1.014805908523629228e+02,-7.897688044013398212e+01,2.000000000000000000e+00,1.998891128596191891e-04,5.442261551413807297e-07,3.310000000000000000e+02
1.014805908523629228e+02,-7.697688044013398212e+01,2.000000000000000000e+00,1.998449180507399950e-04,4.769060214737880568e-07,3.330000000000000000e+02
1.014805908523629228e+02,-7.497688044013398212e+01,2.000000000000000000e+00,1.997789669351490661e-04,5.235198319075760973e-07,3.150000000000000000e+02
1.014805908523629228e+02,-7.297688044013398212e+01,2.000000000000000000e+00,1.996855428898491880e-04,6.821615234908762204e-07,2.910000000000000000e+02
1.014805908523629228e+02,-7.097688044013398212e+01,2.000000000000000000e+00,1.996952908595695073e-04,7.181526833432928716e-07,2.390000000000000000e+02
1.014805908523629228e+02,-6.897688044013398212e+01,2.000000000000000000e+00,1.997180402002030172e-04,6.246964518119514555e-07,1.840000000000000000e+02
1.014805908523629228e+02,-6.697688044013398212e+01,2.000000000000000000e+00,1.997016726992484283e-04,9.348994138846933311e-07,1.370000000000000000e+02
1.014805908523629228e+02,-6.497688044013398212e+01,2.000000000000000000e+00,1.997956342694173770e-04,6.797468901087455606e-07,1.110000000000000000e+02
1.014805908523629228e+02,-6.297688044013398212e+01,2.000000000000000000e+00,1.996951535802260426e-04,1.253862118844056460e-06,9.700000000000000000e+01
1.014805908523629228e+02,-6.097688044013398212e+01,2.000000000000000000e+00,1.998102333529594324e-04,5.751220485628255955e-07,7.300000000000000000e+01
1.014805908523629228e+02,-5.897688044013398212e+01,2.000000000000000000e+00,1.998373762201133220e-04,1.306283740132318811e-06,4.400000000000000000e+01
1.014805908523629228e+02,-5.697688044013398212e+01,2.000000000000000000e+00,1.995861709181312340e-04,1.712489128014038371e-06,4.500000000000000000e+01
1.014805908523629228e+02,-5.497688044013398212e+01,2.000000000000000000e+00,1.998857153077793322e-04,2.082712880468995907e-06,2.800000000000000000e+01
1.014805908523629228e+02,-5.297688044013398212e+01,2.000000000000000000e+00,1.998365429529691539e-04,1.503779584299813621e-06,2.600000000000000000e+01
1.014805908523629228e+02,-5.097688044013398212e+01,2.000000000000000000e+00,1.998093125969546799e-04,1.143841946538149117e-06,2.000000000000000000e+01
1.014805908523629228e+02,-4.897688044013398212e+01,2.000000000000000000e+00,1.998749425366597274e-04,3.826651433413980194e-06,2.700000000000000000e+01
1.014805908523629228e+02,-4.097688044013398212e+01,2.000000000000000000e+00,1.998995720313700986e-04,1.736288566700494584e-06,1.900000000000000000e+01
1.034805908523629228e+02,-1.669768804401339821e+02,2.000000000000000000e+00,6.900474618361913948e-02,1.410958611583537636e-03,5.000000000000000000e+00
1.034805908523629228e+02,-1.529768804401339821e+02,1.000000000000000000e+00,2.737325966487027529e-01,9.910400878314853390e-01,1.600000000000000000e+01
1.034805908523629228e+02,-1.489768804401339821e+02,1.000000000000000000e+00,1.165448198583471928e-01,6.241771712628407798e-04,6.000000000000000000e+00
1.034805908523629228e+02,-1.479768804401339821e+02,1.000000000000000000e+00,1.193923024952039391e-01,8.433790461736969668e-01,1.600000000000000000e+01
1.044805908523629228e+02,-1.479768804401339821e+02,1.000000000000000000e+00,1.148643149250437590e-01,2.355146687430864638e-03,7.000000000000000000e+00
1.034805908523629228e+02,-1.469768804401339821e+02,2.000000000000000000e+00,1.197937608391769493e-01,2.829756532412464054e-03,1.300000000000000000e+01
1.034805908523629228e+02,-1.389768804401339821e+02,2.000000000000000000e+00,1.409330328903324880e-01,4.973885516097530934e-01,3.800000000000000000e+01
1.034805908523629228e+02,-1.369768804401339821e+02,2.000000000000000000e+00,1.448578308657359481e-01,4.194339423469251038e-03,1.800000000000000000e+01
1.034805908523629228e+02,-1.349768804401339821e+02,2.000000000000000000e+00,1.485001649086782893e-01,3.900312214326739912e-03,1.300000000000000000e+01
1.034805908523629228e+02,-1.329768804401339821e+02,2.000000000000000000e+00,1.523993184325975747e-01,1.667313251463298229e-06,3.100000000000000000e+01
1.034805908523629228e+02,-1.309768804401339821e+02,2.000000000000000000e+00,1.523997791211626485e-01,9.993975181865621948e-07,4.600000000000000000e+01
1.034805908523629228e+02,-1.289768804401339821e+02,2.000000000000000000e+00,1.523997100792312820e-01,9.676936710556471866e-07,3.900000000000000000e+01
1.034805908523629228e+02,-1.269768804401339821e+02,2.000000000000000000e+00,1.523997589962150789e-01,1.849735335374136369e-06,5.700000000000000000e+01
1.034805908523629228e+02,-1.249768804401339821e+02,2.000000000000000000e+00,2.748826710373548921e-02,1.249121800371171959e-01,8.800000000000000000e+01
1.034805908523629228e+02,-1.229768804401339821e+02,2.000000000000000000e+00,2.001242925802060313e-04,1.521999422840692451e-01,1.030000000000000000e+02
1.034805908523629228e+02,-1.209768804401339821e+02,1.000000000000000000e+00,1.995944030906748933e-04,7.196899175794914741e-07,2.200000000000000000e+01
1.034805908523629228e+02,-1.199768804401339821e+02,1.000000000000000000e+00,1.996876498582267345e-04,7.037485582297625664e-01,3.400000000000000000e+01
1.044805908523629228e+02,-1.209768804401339821e+02,1.000000000000000000e+00,1.996328825272897342e-04,3.736166623017119631e-03,1.300000000000000000e+01
1.044805908523629228e+02,-1.199768804401339821e+02,1.000000000000000000e+00,1.998277062619457868e-04,8.420444914359513922e-01,4.700000000000000000e+01
1.034805908523629228e+02,-1.189768804401339821e+02,1.000000000000000000e+00,1.997296423414063272e-04,7.459839150203433356e-01,3.300000000000000000e+01
1.034805908523629228e+02,-1.179768804401339821e+02,1.000000000000000000e+00,1.997807267759554861e-04,8.041770638289591489e-07,3.500000000000000000e+01
1.044805908523629228e+02,-1.189768804401339821e+02,1.000000000000000000e+00,1.246119304256859822e-01,9.520658881756448588e-01,1.280000000000000000e+02
1.044805908523629228e+02,-1.179768804401339821e+02,1.000000000000000000e+00,2.001068011499462676e-04,1.192120502938815774e+00,1.000000000000000000e+02
1.034805908523629228e+02,-1.169768804401339821e+02,2.000000000000000000e+00,1.997283201278676648e-04,8.716150966314782731e-07,1.150000000000000000e+02
1.034805908523629228e+02,-1.149768804401339821e+02,2.000000000000000000e+00,1.997310872514646007e-04,1.180909804143764766e-06,1.280000000000000000e+02
1.034805908523629228e+02,-1.129768804401339821e+02,2.000000000000000000e+00,1.997772005511322282e-04,1.006841658490742475e-06,1.570000000000000000e+02
1.034805908523629228e+02,-1.109768804401339821e+02,2.000000000000000000e+00,1.998474463045241123e-04,8.117962109421784835e-07,1.700000000000000000e+02
1.034805908523629228e+02,-1.089768804401339821e+02,2.000000000000000000e+00,1.998505431695107859e-04,7.903554517518784905e-07,1.860000000000000000e+02
1.034805908523629228e+02,-1.069768804401339821e+02,2.000000000000000000e+00,1.998885872055211675e-04,8.652493882266353107e-07,2.170000000000000000e+02
1.034805908523629228e+02,-1.049768804401339821e+02,2.000000000000000000e+00,1.998635052892660971e-04,7.071320893503813335e-07,2.300000000000000000e+02
1.034805908523629228e+02,-1.029768804401339821e+02,2.000000000000000000e+00,1.998599263972167359e-04,7.801766681025945616e-07,2.340000000000000000e+02
1.034805908523629228e+02,-1.009768804401339821e+02,2.000000000000000000e+00,1.998955980243799448e-04,6.485343955198175081e-07,2.730000000000000000e+02
1.034805908523629228e+02,-9.897688044013398212e+01,2.000000000000000000e+00,1.998691517792750005e-04,6.937279940499863073e-07,2.760000000000000000e+02
1.034805908523629228e+02,-9.697688044013398212e+01,2.000000000000000000e+00,1.998034455689356949e-04,4.950542634718502200e-07,2.920000000000000000e+02
1.034805908523629228e+02,-9.497688044013398212e+01,2.000000000000000000e+00,1.998637490241073262e-04,5.119414840552361304e-07,3.050000000000000000e+02
1.034805908523629228e+02,-9.297688044013398212e+01,2.000000000000000000e+00,1.998375063387847206e-04,4.577020478180315877e-07,3.060000000000000000e+02
1.034805908523629228e+02,-9.097688044013398212e+01,2.000000000000000000e+00,1.998402713116576132e-04,5.274806984682301782e-07,2.870000000000000000e+02
1.034805908523629228e+02,-8.897688044013398212e+01,2.000000000000000000e+00,1.998686068066598154e-04,6.048958623253999304e-07,3.030000000000000000e+02
1.034805908523629228e+02,-8.697688044013398212e+01,2.000000000000000000e+00,1.999004424780181813e-04,4.561447120169975691e-07,2.970000000000000000e+02
1.034805908523629228e+02,-8.497688044013398212e+01,2.000000000000000000e+00,1.998381792041037386e-04,4.480966795394891733e-07,2.910000000000000000e+02
1.034805908523629228e+02,-8.297688044013398212e+01,2.000000000000000000e+00,1.998640157629960612e-04,4.016537384021691328e-07,3.050000000000000000e+02
1.034805908523629228e+02,-8.097688044013398212e+01,2.000000000000000000e+00,1.998523471140600805e-04,3.521735792988422986e-07,2.910000000000000000e+02
1.034805908523629228e+02,-7.897688044013398212e+01,2.000000000000000000e+00,1.998574378891504575e-04,4.502172401998796696e-07,2.930000000000000000e+02
1.034805908523629228e+02,-7.697688044013398212e+01,2.000000000000000000e+00,1.998223952048405858e-04,4.640267844413514808e-07,2.670000000000000000e+02
1.034805908523629228e+02,-7.497688044013398212e+01,2.000000000000000000e+00,1.997923690578495891e-04,5.797408847429963430e-07,2.430000000000000000e+02
1.034805908523629228e+02,-7.297688044013398212e+01,2.000000000000000000e+00,1.997141661228181984e-04,7.633752426257692496e-07,2.000000000000000000e+02
1.034805908523629228e+02,-7.097688044013398212e+01,2.000000000000000000e+00,1.995354595852205540e-04,9.400572601681251098e-07,1.800000000000000000e+02
1.034805908523629228e+02,-6.897688044013398212e+01,2.000000000000000000e+00,1.996898343501030235e-04,6.687049337150534085e-07,1.300000000000000000e+02
1.034805908523629228e+02,-6.697688044013398212e+01,2.000000000000000000e+00,1.997113076636303165e-04,5.980458187671120092e-07,1.100000000000000000e+02
1.034805908523629228e+02,-6.497688044013398212e+01,2.000000000000000000e+00,1.997382282500126448e-04,7.906679343472333699e-07,8.000000000000000000e+01
1.034805908523629228e+02,-6.297688044013398212e+01,2.000000000000000000e+00,1.998045151738736536e-04,8.704441333273749137e-07,6.600000000000000000e+01
1.034805908523629228e+02,-6.097688044013398212e+01,2.000000000000000000e+00,1.997965876793905801e-04,1.162487838635129465e-06,6.000000000000000000e+01
1.034805908523629228e+02,-5.897688044013398212e+01,2.000000000000000000e+00,1.997986976727261776e-04,6.691523123381060145e-07,5.600000000000000000e+01
1.034805908523629228e+02,-5.697688044013398212e+01,2.000000000000000000e+00,1.997021172083002281e-04,9.688114595451827009e-07,3.400000000000000000e+01
1.034805908523629228e+02,-5.497688044013398212e+01,2.000000000000000000e+00,1.998391692158207943e-04,1.052552191938010842e-06,3.400000000000000000e+01
1.034805908523629228e+02,-5.297688044013398212e+01,2.000000000000000000e+00,1.997961896685218511e-04,2.129343116541465184e-06,1.900000000000000000e+01
1.034805908523629228e+02,-5.097688044013398212e+01,2.000000000000000000e+00,1.998611875094979896e-04,1.058609612369931525e-06,2.000000000000000000e+01
1.034805908523629228e+02,-4.897688044013398212e+01,2.000000000000000000e+00,1.997233314232183085e-04,5.444160058321045881e-07,2.300000000000000000e+01
1.034805908523629228e+02,-4.097688044013398212e+01,2.000000000000000000e+00,1.998313457710842957e-04,8.541794779048982132e-07,7.000000000000000000e+00
1.054805908523629228e+02,-1.489768804401339821e+02,2.000000000000000000e+00,1.143516879053382007e-01,7.536515143705541098e-04,9.000000000000000000e+00
1.054805908523629228e+02,-1.469768804401339821e+02,2.000000000000000000e+00,1.156373835180369569e-01,3.603013995906595435e-03,1.300000000000000000e+01
1.054805908523629228e+02,-1.374768804401339821e+02,5.000000000000000000e-01,1.166572226111250554e+00,5.525417236336926052e+00,6.300000000000000000e+01
1.059805908523629228e+02,-1.374768804401339821e+02,5.000000000000000000e-01,3.227117195207553912e-01,7.500316575083671999e-01,1.500000000000000000e+01
1.054805908523629228e+02,-1.369768804401339821e+02,2.000000000000000000e+00,1.406151908395856798e-01,3.381305980621307494e-03,2.200000000000000000e+01
1.054805908523629228e+02,-1.349768804401339821e+02,2.000000000000000000e+00,1.432168340431547726e-01,4.911194686258113506e-03,2.100000000000000000e+01
1.054805908523629228e+02,-1.329768804401339821e+02,2.000000000000000000e+00,1.459659055782535353e-01,5.496111098917788595e-03,1.200000000000000000e+01
1.054805908523629228e+02,-1.309768804401339821e+02,2.000000000000000000e+00,1.523996855812379536e-01,9.909939909513720835e-07,2.900000000000000000e+01
1.054805908523629228e+02,-1.289768804401339821e+02,2.000000000000000000e+00,1.523998423964855742e-01,9.152964458580825635e-07,5.300000000000000000e+01
1.054805908523629228e+02,-1.269768804401339821e+02,2.000000000000000000e+00,1.523996920490773843e-01,1.385510013079960245e-06,4.400000000000000000e+01
1.054805908523629228e+02,-1.249768804401339821e+02,2.000000000000000000e+00,1.523996655774084164e-01,1.241959148606808228e-06,3.700000000000000000e+01
1.054805908523629228e+02,-1.229768804401339821e+02,2.000000000000000000e+00,1.523996787958996069e-01,1.636599342907940624e-06,5.300000000000000000e+01
1.054805908523629228e+02,-1.209768804401339821e+02,1.000000000000000000e+00,5.205764727124417846e-03,1.471942414979648395e-01,2.800000000000000000e+01
1.054805908523629228e+02,-1.199768804401339821e+02,1.000000000000000000e+00,2.469701728376794570e-03,9.299045173699743705e-01,2.800000000000000000e+01
1.064805908523629228e+02,-1.209768804401339821e+02,1.000000000000000000e+00,1.523998619321167425e-01,1.210862442979632192e-06,6.000000000000000000e+00
1.054805908523629228e+02,-1.189768804401339821e+02,1.000000000000000000e+00,1.999310500954365412e-04,1.286719852075312032e+00,3.000000000000000000e+01
1.054805908523629228e+02,-1.179768804401339821e+02,1.000000000000000000e+00,2.000314591520613251e-04,1.275708875230056938e+00,6.300000000000000000e+01
1.064805908523629228e+02,-1.179768804401339821e+02,1.000000000000000000e+00,9.189443100456632374e-01,2.496931694699521254e-01,1.400000000000000000e+01
1.054805908523629228e+02,-1.169768804401339821e+02,1.000000000000000000e+00,1.417578996219625853e-01,7.924780205835866287e-01,1.220000000000000000e+02
1.054805908523629228e+02,-1.159768804401339821e+02,1.000000000000000000e+00,2.001052889673893330e-04,8.071473829767678021e-01,6.800000000000000000e+01
1.064805908523629228e+02,-1.169768804401339821e+02,1.000000000000000000e+00,1.996127418494530960e-04,9.367158384932184889e-01,1.900000000000000000e+01
1.064805908523629228e+02,-1.159768804401339821e+02,1.000000000000000000e+00,2.337005052775754932e-01,6.606981080682479135e-01,6.200000000000000000e+01
1.054805908523629228e+02,-1.149768804401339821e+02,1.000000000000000000e+00,1.997817742389607076e-04,5.463377590331219835e-07,2.600000000000000000e+01
1.054805908523629228e+02,-1.139768804401339821e+02,1.000000000000000000e+00,1.998138417746986306e-04,7.706513216465538108e-07,2.600000000000000000e+01
1.064805908523629228e+02,-1.149768804401339821e+02,1.000000000000000000e+00,1.998719168208040742e-04,8.596567016603239297e-01,3.500000000000000000e+01
1.064805908523629228e+02,-1.139768804401339821e+02,1.000000000000000000e+00,2.008094269915439102e-04,1.005399737680032990e+00,1.170000000000000000e+02
1.054805908523629228e+02,-1.129768804401339821e+02,1.000000000000000000e+00,1.997252648607172778e-04,1.218004333969368615e-06,2.900000000000000000e+01
1.054805908523629228e+02,-1.119768804401339821e+02,1.000000000000000000e+00,1.998575952404380018e-04,1.075927332339077225e-06,2.600000000000000000e+01
1.064805908523629228e+02,-1.129768804401339821e+02,1.000000000000000000e+00,2.002377234187058264e-04,9.507302553213896612e-01,6.400000000000000000e+01
1.064805908523629228e+02,-1.119768804401339821e+02,1.000000000000000000e+00,1.998349741942462396e-04,7.943543139043941683e-07,2.000000000000000000e+01
1.054805908523629228e+02,-1.109768804401339821e+02,2.000000000000000000e+00,1.997965270154722470e-04,8.658318420007304894e-07,1.290000000000000000e+02
1.054805908523629228e+02,-1.089768804401339821e+02,2.000000000000000000e+00,1.998819607709201307e-04,5.906682489786874157e-07,1.370000000000000000e+02
1.054805908523629228e+02,-1.069768804401339821e+02,2.000000000000000000e+00,1.998689235642281512e-04,8.189431685456829806e-07,1.340000000000000000e+02
1.054805908523629228e+02,-1.049768804401339821e+02,2.000000000000000000e+00,1.998588406220136449e-04,8.458736551123890567e-07,1.540000000000000000e+02
1.054805908523629228e+02,-1.029768804401339821e+02,2.000000000000000000e+00,1.998633485851719518e-04,7.846603586436737450e-07,1.750000000000000000e+02
1.054805908523629228e+02,-1.009768804401339821e+02,2.000000000000000000e+00,1.998408111348215391e-04,7.120009719585596031e-07,1.850000000000000000e+02
1.054805908523629228e+02,-9.897688044013398212e+01,2.000000000000000000e+00,1.998602583752173809e-04,7.623332181072584035e-07,2.040000000000000000e+02
1.054805908523629228e+02,-9.697688044013398212e+01,2.000000000000000000e+00,1.998076290978367917e-04,8.450565794459856134e-07,2.020000000000000000e+02
1.054805908523629228e+02,-9.497688044013398212e+01,2.000000000000000000e+00,1.998110913046247106e-04,7.021229138315322662e-07,2.070000000000000000e+02
1.054805908523629228e+02,-9.297688044013398212e+01,2.000000000000000000e+00,1.998702728450929501e-04,6.213329493354126289e-07,2.100000000000000000e+02
1.054805908523629228e+02,-9.097688044013398212e+01,2.000000000000000000e+00,1.998223349708006078e-04,8.799798161929054969e-07,2.220000000000000000e+02
1.054805908523629228e+02,-8.897688044013398212e+01,2.000000000000000000e+00,1.998531638797818141e-04,7.861078451298691636e-07,2.230000000000000000e+02
1.054805908523629228e+02,-8.697688044013398212e+01,2.000000000000000000e+00,1.998463397553606970e-04,7.242940796459314528e-07,2.130000000000000000e+02
1.054805908523629228e+02,-8.497688044013398212e+01,2.000000000000000000e+00,1.998189737029143487e-04,5.771421258682352118e-07,2.060000000000000000e+02
1.054805908523629228e+02,-8.297688044013398212e+01,2.000000000000000000e+00,1.998044135392618213e-04,3.928602316682796962e-07,2.140000000000000000e+02
1.054805908523629228e+02,-8.097688044013398212e+01,2.000000000000000000e+00,1.998213686503547192e-04,4.668267520102685562e-07,2.030000000000000000e+02
1.054805908523629228e+02,-7.897688044013398212e+01,2.000000000000000000e+00,1.998277485302679571e-04,5.999273451351427866e-07,2.050000000000000000e+02
1.054805908523629228e+02,-7.697688044013398212e+01,2.000000000000000000e+00,1.997477460975005778e-04,6.972710298702559668e-07,1.830000000000000000e+02
1.054805908523629228e+02,-7.497688044013398212e+01,2.000000000000000000e+00,1.997153217310199125e-04,6.697200090055588362e-07,1.710000000000000000e+02
1.054805908523629228e+02,-7.297688044013398212e+01,2.000000000000000000e+00,1.997291838007342335e-04,9.603513186906553756e-07,1.510000000000000000e+02
1.054805908523629228e+02,-7.097688044013398212e+01,2.000000000000000000e+00,1.997282529513810692e-04,1.081279121173411460e-06,1.330000000000000000e+02
1.054805908523629228e+02,-6.897688044013398212e+01,2.000000000000000000e+00,1.995613439856214091e-04,9.826030781923231379e-07,1.020000000000000000e+02
1.054805908523629228e+02,-6.697688044013398212e+01,2.000000000000000000e+00,1.997407541745488293e-04,8.541905762271648390e-07,8.900000000000000000e+01
1.054805908523629228e+02,-6.497688044013398212e+01,2.000000000000000000e+00,1.997261594217647485e-04,1.241011791996982083e-06,7.100000000000000000e+01
1.054805908523629228e+02,-6.297688044013398212e+01,2.000000000000000000e+00,1.997887580169610544e-04,8.730080737873288817e-07,6.000000000000000000e+01
1.054805908523629228e+02,-6.097688044013398212e+01,2.000000000000000000e+00,1.997315456199189043e-04,1.244589701965281847e-06,4.400000000000000000e+01
1.054805908523629228e+02,-5.897688044013398212e+01,2.000000000000000000e+00,1.997280978608628689e-04,1.347536314044728029e-06,3.000000000000000000e+01
1.054805908523629228e+02,-5.697688044013398212e+01,2.000000000000000000e+00,1.998426961326238373e-04,1.197979991918190655e-06,3.800000000000000000e+01
1.054805908523629228e+02,-5.497688044013398212e+01,2.000000000000000000e+00,1.997145654907939269e-04,1.721382848041130842e-06,2.400000000000000000e+01
1.054805908523629228e+02,-5.297688044013398212e+01,2.000000000000000000e+00,1.998800041258519400e-04,1.296831364872014355e-06,2.500000000000000000e+01
1.054805908523629228e+02,-5.097688044013398212e+01,2.000000000000000000e+00,1.997253127762554871e-04,2.179838599980493804e-06,2.300000000000000000e+01
1.054805908523629228e+02,-4.297688044013398212e+01,2.000000000000000000e+00,1.997910573159344949e-04,6.438854792456592899e-07,1.900000000000000000e+01
1.054805908523629228e+02,-4.097688044013398212e+01,2.000000000000000000e+00,1.996225551581076838e-04,6.269677669701215032e-07,8.000000000000000000e+00
1.074805908523629228e+02,-1.649768804401339821e+02,2.000000000000000000e+00,7.039103367043715587e-02,9.823583823310028107e-04,8.000000000000000000e+00
1.074805908523629228e+02,-1.449768804401339821e+02,2.000000000000000000e+00,1.143799630981012783e-01,2.415110509423529228e-03,1.800000000000000000e+01
1.074805908523629228e+02,-1.369768804401339821e+02,2.000000000000000000e+00,1.322045818108875948e-01,2.531366660355471865e-03,7.000000000000000000e+00
1.074805908523629228e+02,-1.349768804401339821e+02,2.000000000000000000e+00,1.404308650115043966e-01,2.171747531510420659e-03,2.300000000000000000e+01
1.074805908523629228e+02,-1.329768804401339821e+02,2.000000000000000000e+00,1.408933910281930935e-01,5.482915578651770261e-03,2.600000000000000000e+01
1.074805908523629228e+02,-1.309768804401339821e+02,2.000000000000000000e+00,1.462929921012502965e-01,5.507850790113733019e-03,2.400000000000000000e+01
1.074805908523629228e+02,-1.289768804401339821e+02,2.000000000000000000e+00,1.494826582841757845e-01,2.918269947701168654e-03,1.500000000000000000e+01
1.074805908523629228e+02,-1.269768804401339821e+02,2.000000000000000000e+00,1.523997980239599204e-01,1.055884392670014549e-06,3.000000000000000000e+01
1.074805908523629228e+02,-1.249768804401339821e+02,2.000000000000000000e+00,1.523998870439458031e-01,8.106807354302247859e-07,4.600000000000000000e+01
1.074805908523629228e+02,-1.229768804401339821e+02,2.000000000000000000e+00,1.523994055418508020e-01,1.630290938775535992e-06,2.000000000000000000e+01
1.074805908523629228e+02,-1.164768804401339821e+02,5.000000000000000000e-01,1.269570302307077014e-01,7.295688387542930364e+00,6.000000000000000000e+00
1.079805908523629228e+02,-1.164768804401339821e+02,5.000000000000000000e-01,9.304866257298370635e-02,7.099581751202549640e+00,1.000000000000000000e+01
1.074805908523629228e+02,-1.159768804401339821e+02,1.000000000000000000e+00,2.292713413570624296e-04,7.505176513429356877e-01,2.500000000000000000e+01
1.084805908523629228e+02,-1.164768804401339821e+02,5.000000000000000000e-01,1.451104739661192022e+00,5.043224069942611187e+00,6.300000000000000000e+01
1.084805908523629228e+02,-1.159768804401339821e+02,1.000000000000000000e+00,5.662478375074890546e-02,9.577557357213366263e-02,7.000000000000000000e+00
1.074805908523629228e+02,-1.149768804401339821e+02,1.000000000000000000e+00,2.003027462401441082e-04,9.338694869376567009e-01,3.000000000000000000e+01
1.074805908523629228e+02,-1.139768804401339821e+02,1.000000000000000000e+00,2.001386660595017020e-04,1.346940448958929171e+00,4.100000000000000000e+01
1.084805908523629228e+02,-1.149768804401339821e+02,1.000000000000000000e+00,5.626571265680624552e-03,1.467731512629362745e-01,1.700000000000000000e+01
1.084805908523629228e+02,-1.139768804401339821e+02,1.000000000000000000e+00,8.862201752553034969e-04,1.770662969859895797e-01,9.000000000000000000e+00
1.074805908523629228e+02,-1.129768804401339821e+02,1.000000000000000000e+00,2.002239087363299975e-04,1.430190680765143219e+00,1.070000000000000000e+02
1.074805908523629228e+02,-1.119768804401339821e+02,1.000000000000000000e+00,4.937149098841107919e-02,1.204278145252348331e+00,1.370000000000000000e+02
1.084805908523629228e+02,-1.129768804401339821e+02,1.000000000000000000e+00,1.999869115724806187e-04,1.435314061577320999e+00,1.300000000000000000e+01
1.084805908523629228e+02,-1.119768804401339821e+02,1.000000000000000000e+00,2.000432403320928588e-04,1.304945684691213748e+00,3.400000000000000000e+01
1.074805908523629228e+02,-1.109768804401339821e+02,1.000000000000000000e+00,2.003236649987805151e-04,9.057406963472460770e-01,1.060000000000000000e+02
1.074805908523629228e+02,-1.099768804401339821e+02,1.000000000000000000e+00,1.998249750203129446e-04,7.162327951393103204e-07,2.800000000000000000e+01
1.084805908523629228e+02,-1.109768804401339821e+02,1.000000000000000000e+00,2.001377055202979705e-04,9.466636727977579824e-01,4.500000000000000000e+01
1.084805908523629228e+02,-1.099768804401339821e+02,1.000000000000000000e+00,1.999432907036968797e-04,6.153288122750921740e-01,4.000000000000000000e+01
1.074805908523629228e+02,-1.089768804401339821e+02,2.000000000000000000e+00,1.998432334562316726e-04,1.458964064138251878e-06,1.040000000000000000e+02
1.074805908523629228e+02,-1.069768804401339821e+02,2.000000000000000000e+00,1.998214409685950097e-04,1.116730633166063656e-06,1.070000000000000000e+02
1.074805908523629228e+02,-1.049768804401339821e+02,2.000000000000000000e+00,1.997942262465635219e-04,8.409020645805290010e-07,1.320000000000000000e+02
1.074805908523629228e+02,-1.029768804401339821e+02,2.000000000000000000e+00,1.998226528649560516e-04,1.442755675196128167e-06,1.290000000000000000e+02
1.074805908523629228e+02,-1.009768804401339821e+02,2.000000000000000000e+00,1.997757648961595578e-04,8.108846414556171358e-07,1.400000000000000000e+02
1.074805908523629228e+02,-9.897688044013398212e+01,2.000000000000000000e+00,1.998168805142697178e-04,1.508092076840645114e-06,1.520000000000000000e+02
1.074805908523629228e+02,-9.697688044013398212e+01,2.000000000000000000e+00,1.998158335240418583e-04,3.075788013629550052e-03,1.470000000000000000e+02
1.074805908523629228e+02,-9.497688044013398212e+01,2.000000000000000000e+00,1.997652972552721505e-04,9.586808146888451971e-07,1.600000000000000000e+02
1.074805908523629228e+02,-9.297688044013398212e+01,2.000000000000000000e+00,1.998574291324217711e-04,8.442524507268345246e-07,1.510000000000000000e+02
1.074805908523629228e+02,-9.097688044013398212e+01,2.000000000000000000e+00,1.997895568164764660e-04,1.041498125953238150e-06,1.640000000000000000e+02
1.074805908523629228e+02,-8.897688044013398212e+01,2.000000000000000000e+00,1.998628019261872168e-04,7.980165221965762612e-07,1.810000000000000000e+02
1.074805908523629228e+02,-8.697688044013398212e+01,2.000000000000000000e+00,1.998389669513933652e-04,8.607908956959010784e-07,1.640000000000000000e+02
1.074805908523629228e+02,-8.497688044013398212e+01,2.000000000000000000e+00,1.997867895820348741e-04,7.641782798550932152e-07,1.480000000000000000e+02
1.074805908523629228e+02,-8.297688044013398212e+01,2.000000000000000000e+00,1.997515791893000826e-04,8.131501658903363041e-07,1.670000000000000000e+02
1.074805908523629228e+02,-8.097688044013398212e+01,2.000000000000000000e+00,1.997552984125405828e-04,7.840853943896775036e-07,1.610000000000000000e+02
1.074805908523629228e+02,-7.897688044013398212e+01,2.000000000000000000e+00,1.998143537004892886e-04,2.800107408075147488e-03,1.380000000000000000e+02
1.074805908523629228e+02,-7.697688044013398212e+01,2.000000000000000000e+00,1.997559218511746337e-04,6.461850996508644585e-07,1.320000000000000000e+02
1.074805908523629228e+02,-7.497688044013398212e+01,2.000000000000000000e+00,1.997153361992687229e-04,7.590276780433669046e-07,1.070000000000000000e+02
1.074805908523629228e+02,-7.297688044013398212e+01,2.000000000000000000e+00,1.996711115290317304e-04,1.127614188445292230e-06,1.040000000000000000e+02
1.074805908523629228e+02,-7.097688044013398212e+01,2.000000000000000000e+00,1.994123470566933011e-04,1.138181448268060520e-06,9.800000000000000000e+01
1.074805908523629228e+02,-6.897688044013398212e+01,2.000000000000000000e+00,1.994933883439742425e-04,1.169527898547956376e-06,8.400000000000000000e+01
1.074805908523629228e+02,-6.697688044013398212e+01,2.000000000000000000e+00,1.995318937927592574e-04,7.573368746349783218e-07,6.400000000000000000e+01
1.074805908523629228e+02,-6.497688044013398212e+01,2.000000000000000000e+00,1.997930094350231054e-04,1.984063237214767463e-06,6.300000000000000000e+01
1.074805908523629228e+02,-6.297688044013398212e+01,2.000000000000000000e+00,1.997385000128915013e-04,7.353956750222323535e-07,4.900000000000000000e+01
1.074805908523629228e+02,-6.097688044013398212e+01,2.000000000000000000e+00,1.997715392016097215e-04,8.541658551464322274e-07,3.200000000000000000e+01
1.074805908523629228e+02,-5.897688044013398212e+01,2.000000000000000000e+00,1.996766507533997927e-04,8.770551813253144209e-07,2.700000000000000000e+01
1.074805908523629228e+02,-5.697688044013398212e+01,2.000000000000000000e+00,1.998306418602879722e-04,7.225112636177971961e-07,2.900000000000000000e+01
1.074805908523629228e+02,-5.497688044013398212e+01,2.000000000000000000e+00,1.996052111995716362e-04,2.532425480517025299e-06,1.300000000000000000e+01
1.074805908523629228e+02,-5.297688044013398212e+01,2.000000000000000000e+00,1.997095784326052891e-04,9.916026827205880276e-07,2.000000000000000000e+01
1.074805908523629228e+02,-5.097688044013398212e+01,2.000000000000000000e+00,1.998104551331536581e-04,4.193214671710358572e-07,1.800000000000000000e+01
1.074805908523629228e+02,-4.497688044013398212e+01,2.000000000000000000e+00,2.000331878662109375e-04,8.553495547403144883e-07,7.000000000000000000e+00
1.074805908523629228e+02,-4.297688044013398212e+01,2.000000000000000000e+00,1.997885001241428427e-04,5.750244195024177638e-07,1.900000000000000000e+01
1.094805908523629228e+02,-1.449768804401339821e+02,2.000000000000000000e+00,1.143695984627584039e-01,1.263021566846322941e-03,6.000000000000000000e+00
1.094805908523629228e+02,-1.429768804401339821e+02,2.000000000000000000e+00,1.148695777677942453e-01,4.383074685687840533e-03,1.700000000000000000e+01
1.094805908523629228e+02,-1.329768804401339821e+02,2.000000000000000000e+00,1.397460523961737699e-01,1.601710238533671227e-03,1.800000000000000000e+01
1.094805908523629228e+02,-1.309768804401339821e+02,2.000000000000000000e+00,1.403362353010736696e-01,3.858011983517734000e-03,3.800000000000000000e+01
1.094805908523629228e+02,-1.289768804401339821e+02,2.000000000000000000e+00,1.436387628059684896e-01,4.225237800296655077e-03,2.000000000000000000e+01
1.094805908523629228e+02,-1.269768804401339821e+02,2.000000000000000000e+00,1.471443379161925802e-01,4.306295364189860475e-03,1.300000000000000000e+01
1.094805908523629228e+02,-1.249768804401339821e+02,2.000000000000000000e+00,1.523995241768565378e-01,8.710433846703669047e-07,1.000000000000000000e+01
1.094805908523629228e+02,-1.229768804401339821e+02,2.000000000000000000e+00,1.523997509623153945e-01,6.653841261028414777e-07,1.800000000000000000e+01
1.094805908523629228e+02,-1.129768804401339821e+02,2.000000000000000000e+00,1.844059680106813204e-03,5.530712605345006194e-01,1.100000000000000000e+01
1.094805908523629228e+02,-1.109768804401339821e+02,2.000000000000000000e+00,2.002245833498506153e-04,3.692815133588124854e-01,8.000000000000000000e+01
1.094805908523629228e+02,-1.089768804401339821e+02,2.000000000000000000e+00,1.999489400244414019e-04,1.521997188927950717e-01,1.040000000000000000e+02
1.094805908523629228e+02,-1.069768804401339821e+02,2.000000000000000000e+00,1.998545664577910887e-04,5.451484636177188550e-03,8.300000000000000000e+01
1.094805908523629228e+02,-1.049768804401339821e+02,2.000000000000000000e+00,1.998595037677297734e-04,4.983241301159571472e-07,7.900000000000000000e+01
1.094805908523629228e+02,-1.029768804401339821e+02,2.000000000000000000e+00,1.997644388965547134e-04,1.292561630261706987e-06,8.900000000000000000e+01
1.094805908523629228e+02,-1.009768804401339821e+02,2.000000000000000000e+00,1.998056612751319852e-04,1.782346266177031345e-06,1.120000000000000000e+02
1.094805908523629228e+02,-9.897688044013398212e+01,2.000000000000000000e+00,1.998151861715591229e-04,1.484387301964318340e-06,1.130000000000000000e+02
1.094805908523629228e+02,-9.697688044013398212e+01,2.000000000000000000e+00,1.998011413274269953e-04,1.375631222000334554e-06,1.090000000000000000e+02
1.094805908523629228e+02,-9.497688044013398212e+01,2.000000000000000000e+00,1.997255917217888256e-04,1.940570741965080706e-06,1.200000000000000000e+02
1.094805908523629228e+02,-9.297688044013398212e+01,2.000000000000000000e+00,1.997652893098944506e-04,1.144434792177401313e-06,1.150000000000000000e+02
1.094805908523629228e+02,-9.097688044013398212e+01,2.000000000000000000e+00,1.997558919533126698e-04,8.861127544945615435e-07,1.020000000000000000e+02
1.094805908523629228e+02,-8.897688044013398212e+01,2.000000000000000000e+00,1.997959138122951009e-04,1.447212733385338807e-06,1.070000000000000000e+02
1.094805908523629228e+02,-8.697688044013398212e+01,2.000000000000000000e+00,1.998305346020856524e-04,1.123911214984119056e-06,1.140000000000000000e+02
1.094805908523629228e+02,-8.497688044013398212e+01,2.000000000000000000e+00,1.998183212414517238e-04,5.222007323446521600e-07,1.070000000000000000e+02
1.094805908523629228e+02,-8.297688044013398212e+01,2.000000000000000000e+00,1.997308847397683050e-04,1.224277100542165266e-06,1.150000000000000000e+02
1.094805908523629228e+02,-8.097688044013398212e+01,2.000000000000000000e+00,1.996904499494078723e-04,6.794327634507377374e-07,1.080000000000000000e+02
1.094805908523629228e+02,-7.897688044013398212e+01,2.000000000000000000e+00,1.997433313674079614e-04,2.026988111691885308e-06,9.600000000000000000e+01
1.094805908523629228e+02,-7.697688044013398212e+01,2.000000000000000000e+00,1.996415266985351769e-04,8.212428440846014990e-07,9.900000000000000000e+01
1.094805908523629228e+02,-7.497688044013398212e+01,2.000000000000000000e+00,1.997168736085796928e-04,7.001167129594637953e-07,9.200000000000000000e+01
1.094805908523629228e+02,-7.297688044013398212e+01,2.000000000000000000e+00,1.997222369206852423e-04,9.423786095030751899e-07,8.300000000000000000e+01
1.094805908523629228e+02,-7.097688044013398212e+01,2.000000000000000000e+00,1.992623277165428311e-04,1.178127213852253347e-06,7.200000000000000000e+01
1.094805908523629228e+02,-6.897688044013398212e+01,2.000000000000000000e+00,1.995300247349618362e-04,1.223840813469045941e-06,6.400000000000000000e+01
1.094805908523629228e+02,-6.697688044013398212e+01,2.000000000000000000e+00,1.993086711054914471e-04,1.357853649075480007e-06,4.500000000000000000e+01
1.094805908523629228e+02,-6.497688044013398212e+01,2.000000000000000000e+00,1.994615836728996783e-04,1.990835027609882957e-06,4.600000000000000000e+01
1.094805908523629228e+02,-6.297688044013398212e+01,2.000000000000000000e+00,1.996090637054415086e-04,1.451037193889187114e-06,3.400000000000000000e+01
1.094805908523629228e+02,-6.097688044013398212e+01,2.000000000000000000e+00,1.994697958966895612e-04,9.686524815366635930e-07,3.200000000000000000e+01
1.094805908523629228e+02,-5.897688044013398212e+01,2.000000000000000000e+00,1.995118563007380885e-04,6.936123575496111471e-07,3.100000000000000000e+01
1.094805908523629228e+02,-5.697688044013398212e+01,2.000000000000000000e+00,1.998305680241507895e-04,1.834380469301066796e-06,1.700000000000000000e+01
1.094805908523629228e+02,-5.497688044013398212e+01,2.000000000000000000e+00,1.998284937489991364e-04,9.796148927598835598e-07,2.100000000000000000e+01
1.094805908523629228e+02,-5.297688044013398212e+01,2.000000000000000000e+00,1.997795663969625880e-04,4.644306446977052114e-07,3.300000000000000000e+01
1.094805908523629228e+02,-4.697688044013398212e+01,2.000000000000000000e+00,1.998751913516727541e-04,2.967401506737132877e-06,6.000000000000000000e+00
1.094805908523629228e+02,-4.497688044013398212e+01,2.000000000000000000e+00,1.999472655178635705e-04,4.844689129868129385e-07,1.600000000000000000e+01
1.114805908523629228e+02,-1.409768804401339821e+02,2.000000000000000000e+00,1.134845107134838244e-01,3.979632241545086324e-03,2.200000000000000000e+01
1.124805908523629228e+02,-1.299768804401339821e+02,1.000000000000000000e+00,3.782766387252062046e+00,9.795742462913752391e-01,6.000000000000000000e+00
1.114805908523629228e+02,-1.289768804401339821e+02,1.000000000000000000e+00,1.395385427141159762e-01,2.565284845527315838e-03,8.000000000000000000e+00
1.114805908523629228e+02,-1.279768804401339821e+02,1.000000000000000000e+00,1.407214158756142086e-01,2.341429266529554409e-03,9.000000000000000000e+00
1.129805908523629228e+02,-1.289768804401339821e+02,5.000000000000000000e-01,1.816389343142706392e-01,4.407943370878125044e+00,9.000000000000000000e+00
1.124805908523629228e+02,-1.279768804401339821e+02,5.000000000000000000e-01,1.391284593051120011e-01,3.821406469579026854e+00,5.000000000000000000e+00
1.114805908523629228e+02,-1.269768804401339821e+02,2.000000000000000000e+00,1.408653559684601153e-01,5.554976320214982666e-03,2.400000000000000000e+01
1.114805908523629228e+02,-1.169768804401339821e+02,2.000000000000000000e+00,1.524001136891056096e-01,2.427623423950642234e-07,5.000000000000000000e+00
1.114805908523629228e+02,-1.129768804401339821e+02,2.000000000000000000e+00,1.523990596602229353e-01,1.121486884581024412e-06,1.600000000000000000e+01
1.114805908523629228e+02,-1.109768804401339821e+02,2.000000000000000000e+00,1.523996435232603253e-01,5.775669861540766448e-07,3.500000000000000000e+01
1.114805908523629228e+02,-1.089768804401339821e+02,2.000000000000000000e+00,1.523996928894253422e-01,7.240314970902161917e-07,6.600000000000000000e+01
1.114805908523629228e+02,-1.069768804401339821e+02,2.000000000000000000e+00,4.193025399589692115e-02,1.104711691467212265e-01,1.000000000000000000e+02
1.114805908523629228e+02,-1.049768804401339821e+02,2.000000000000000000e+00,4.519154142376002534e-03,1.478816265554090126e-01,1.050000000000000000e+02
1.114805908523629228e+02,-1.029768804401339821e+02,2.000000000000000000e+00,8.084948755501032182e-04,2.889511171230814135e-01,1.000000000000000000e+02
1.114805908523629228e+02,-1.009768804401339821e+02,1.000000000000000000e+00,1.996884163343537412e-04,1.296765140819443850e-03,2.200000000000000000e+01
1.114805908523629228e+02,-9.997688044013398212e+01,1.000000000000000000e+00,1.998097200364590156e-04,1.761413062386194169e-04,2.300000000000000000e+01
1.124805908523629228e+02,-1.009768804401339821e+02,5.000000000000000000e-01,2.122021772598741904e-02,1.139366033714327708e-01,9.000000000000000000e+00
1.124805908523629228e+02,-1.004768804401339821e+02,5.000000000000000000e-01,2.309877568692361716e-02,1.293003651686035760e-01,1.200000000000000000e+01
1.129805908523629228e+02,-1.009768804401339821e+02,5.000000000000000000e-01,6.429067710048613771e-01,4.559377231574542222e+00,8.000000000000000000e+01
1.124805908523629228e+02,-9.997688044013398212e+01,1.000000000000000000e+00,4.944777929592492419e-03,1.474559881590640220e-01,2.900000000000000000e+01
1.114805908523629228e+02,-9.897688044013398212e+01,2.000000000000000000e+00,1.999387789659579084e-04,1.521998912098359025e-01,9.600000000000000000e+01
1.114805908523629228e+02,-9.697688044013398212e+01,2.000000000000000000e+00,1.998984543045700946e-04,1.367984567483758462e-01,1.060000000000000000e+02
1.114805908523629228e+02,-9.497688044013398212e+01,2.000000000000000000e+00,1.999096929486595395e-04,1.317072487891317312e-01,9.300000000000000000e+01
1.114805908523629228e+02,-9.297688044013398212e+01,2.000000000000000000e+00,1.999041061591988520e-04,1.298247626739894023e-01,1.300000000000000000e+02
1.114805908523629228e+02,-9.097688044013398212e+01,2.000000000000000000e+00,1.998426029545807836e-04,1.057382460167737293e-01,1.260000000000000000e+02
1.114805908523629228e+02,-8.897688044013398212e+01,2.000000000000000000e+00,1.999278543439064640e-04,5.611484420604311019e-02,1.130000000000000000e+02
1.114805908523629228e+02,-8.697688044013398212e+01,2.000000000000000000e+00,1.998018477539886925e-04,5.665370283940248351e-03,8.900000000000000000e+01
1.114805908523629228e+02,-8.497688044013398212e+01,2.000000000000000000e+00,1.998668504623601905e-04,5.500591989498038181e-03,9.600000000000000000e+01
1.114805908523629228e+02,-8.297688044013398212e+01,2.000000000000000000e+00,1.998251004834195098e-04,4.095450386857322697e-03,8.300000000000000000e+01
1.114805908523629228e+02,-8.097688044013398212e+01,2.000000000000000000e+00,1.997610588606590909e-04,4.221799457613272834e-03,8.000000000000000000e+01
1.114805908523629228e+02,-7.897688044013398212e+01,2.000000000000000000e+00,1.997655390884034432e-04,5.851200927748467437e-03,7.400000000000000000e+01
1.114805908523629228e+02,-7.697688044013398212e+01,2.000000000000000000e+00,1.998490066430491652e-04,4.386704600080458365e-03,7.300000000000000000e+01
1.114805908523629228e+02,-7.497688044013398212e+01,2.000000000000000000e+00,1.996952985754418819e-04,5.015364383282427951e-03,6.100000000000000000e+01
1.114805908523629228e+02,-7.297688044013398212e+01,2.000000000000000000e+00,1.996391427784516227e-04,3.693999689764691004e-03,6.000000000000000000e+01
1.114805908523629228e+02,-7.097688044013398212e+01,2.000000000000000000e+00,1.996313946662553517e-04,4.666456373970137225e-03,5.400000000000000000e+01
1.114805908523629228e+02,-6.897688044013398212e+01,2.000000000000000000e+00,1.993300618989391035e-04,4.272202907828922397e-03,5.200000000000000000e+01
1.114805908523629228e+02,-6.697688044013398212e+01,2.000000000000000000e+00,1.994206138780540874e-04,2.495347810532240040e-03,4.500000000000000000e+01
1.114805908523629228e+02,-6.497688044013398212e+01,2.000000000000000000e+00,1.997795525914724982e-04,3.122900117799875391e-03,3.000000000000000000e+01
1.114805908523629228e+02,-6.297688044013398212e+01,2.000000000000000000e+00,1.996016234333985897e-04,2.437225691102845419e-03,3.500000000000000000e+01
1.114805908523629228e+02,-6.097688044013398212e+01,2.000000000000000000e+00,1.997542901954751926e-04,4.642504112251089055e-07,3.100000000000000000e+01
1.114805908523629228e+02,-5.897688044013398212e+01,2.000000000000000000e+00,1.995912877066352564e-04,8.844962031218522609e-04,1.000000000000000000e+01
1.114805908523629228e+02,-5.697688044013398212e+01,2.000000000000000000e+00,1.998257845444939508e-04,9.467958721476321671e-07,1.800000000000000000e+01
1.114805908523629228e+02,-5.497688044013398212e+01,2.000000000000000000e+00,1.996362019466957458e-04,1.919066175900785562e-03,2.200000000000000000e+01
1.114805908523629228e+02,-5.297688044013398212e+01,2.000000000000000000e+00,2.005448613722648934e-04,1.744664641801563004e-03,5.000000000000000000e+00
1.114805908523629228e+02,-5.097688044013398212e+01,2.000000000000000000e+00,1.999237653999230647e-04,2.167197588408064941e-03,5.000000000000000000e+00
1.134805908523629228e+02,-1.409768804401339821e+02,2.000000000000000000e+00,1.123213932704435203e-01,7.610869981346246593e-04,5.000000000000000000e+00
1.134805908523629228e+02,-1.389768804401339821e+02,2.000000000000000000e+00,1.130748606119471589e-01,3.345660469174074891e-03,2.800000000000000000e+01
1.134805908523629228e+02,-1.369768804401339821e+02,2.000000000000000000e+00,1.149298018365101370e-01,3.238718898757306230e-03,9.000000000000000000e+00
1.134805908523629228e+02,-1.289768804401339821e+02,5.000000000000000000e-01,2.331711581293367974e+00,2.155762126899843256e+00,1.500000000000000000e+01
1.134805908523629228e+02,-1.269768804401339821e+02,2.000000000000000000e+00,1.391816080973751757e-01,1.902759535065801089e-03,1.500000000000000000e+01
1.134805908523629228e+02,-1.249768804401339821e+02,2.000000000000000000e+00,1.388814838029560350e-01,3.927951757387582177e-03,2.000000000000000000e+01
1.134805908523629228e+02,-1.229768804401339821e+02,2.000000000000000000e+00,1.397464401096414066e-01,6.627792660743397901e-03,1.700000000000000000e+01
1.134805908523629228e+02,-1.209768804401339821e+02,1.000000000000000000e+00,3.801905663906977484e+00,9.882606305660845969e-01,1.600000000000000000e+01
1.139805908523629228e+02,-1.199768804401339821e+02,5.000000000000000000e-01,1.100331567444432501e+00,3.333895948332314063e+00,3.900000000000000000e+01
1.139805908523629228e+02,-1.194768804401339821e+02,5.000000000000000000e-01,3.865812164444526466e-01,3.944744354706559708e+00,6.000000000000000000e+00
1.144805908523629228e+02,-1.199768804401339821e+02,1.000000000000000000e+00,3.644028798690622573e+00,2.815486477393527309e-01,7.000000000000000000e+00
1.134805908523629228e+02,-1.189768804401339821e+02,1.000000000000000000e+00,3.790107815452841589e+00,8.335161593644468958e-01,1.300000000000000000e+01
1.134805908523629228e+02,-1.129768804401339821e+02,2.000000000000000000e+00,1.523997686369491511e-01,5.499385267171419400e-07,2.100000000000000000e+01
1.134805908523629228e+02,-1.109768804401339821e+02,2.000000000000000000e+00,1.523997569695741683e-01,5.044251276398181716e-07,3.800000000000000000e+01
1.134805908523629228e+02,-1.089768804401339821e+02,2.000000000000000000e+00,1.523994514324170935e-01,9.733276507273291855e-07,2.700000000000000000e+01
1.134805908523629228e+02,-1.069768804401339821e+02,2.000000000000000000e+00,1.523997467115354998e-01,1.732248743169240157e-06,3.400000000000000000e+01
1.134805908523629228e+02,-1.049768804401339821e+02,2.000000000000000000e+00,1.523998561032883781e-01,1.699202034771696290e-06,5.400000000000000000e+01
1.134805908523629228e+02,-1.029768804401339821e+02,2.000000000000000000e+00,1.523998218168761132e-01,8.118594430894798819e-07,5.200000000000000000e+01
1.134805908523629228e+02,-1.009768804401339821e+02,2.000000000000000000e+00,1.523996899162443630e-01,1.648377314061866272e-06,5.400000000000000000e+01
1.134805908523629228e+02,-9.897688044013398212e+01,2.000000000000000000e+00,1.523997899676045320e-01,1.360964555080501626e-06,6.300000000000000000e+01
1.134805908523629228e+02,-9.697688044013398212e+01,2.000000000000000000e+00,1.523997648828698814e-01,9.932386471622756119e-07,6.700000000000000000e+01
1.134805908523629228e+02,-9.497688044013398212e+01,2.000000000000000000e+00,1.523998288077389185e-01,1.668416662131688710e-06,7.200000000000000000e+01
1.134805908523629228e+02,-9.297688044013398212e+01,2.000000000000000000e+00,1.523996954868342968e-01,1.952807365507291948e-06,6.200000000000000000e+01
1.134805908523629228e+02,-9.097688044013398212e+01,2.000000000000000000e+00,1.523997160208465096e-01,9.489013526597922521e-07,8.000000000000000000e+01
1.134805908523629228e+02,-8.897688044013398212e+01,2.000000000000000000e+00,1.523994922089226267e-01,1.144391899909891208e-06,8.800000000000000000e+01
1.134805908523629228e+02,-8.697688044013398212e+01,2.000000000000000000e+00,1.260296534185813555e-01,2.637087166867713162e-02,9.300000000000000000e+01
1.134805908523629228e+02,-8.497688044013398212e+01,1.000000000000000000e+00,5.707588909237554936e-02,9.532455033518841270e-02,2.400000000000000000e+01
1.134805908523629228e+02,-8.397688044013398212e+01,1.000000000000000000e+00,6.303227087621729452e-02,1.168234468979179042e+00,4.400000000000000000e+01
1.144805908523629228e+02,-8.497688044013398212e+01,1.000000000000000000e+00,1.523998379096677402e-01,6.068944144177468303e-07,2.000000000000000000e+01
1.144805908523629228e+02,-8.397688044013398212e+01,1.000000000000000000e+00,1.523997960301157750e-01,4.109924457984526214e-07,1.700000000000000000e+01
1.134805908523629228e+02,-8.297688044013398212e+01,1.000000000000000000e+00,1.329397180664442235e-01,1.107724881689422736e+00,7.100000000000000000e+01
1.134805908523629228e+02,-8.197688044013398212e+01,1.000000000000000000e+00,7.657045268893672429e-02,7.594389343587434338e-01,4.300000000000000000e+01
1.144805908523629228e+02,-8.297688044013398212e+01,1.000000000000000000e+00,1.523995347030878134e-01,1.292233416105847965e-06,1.200000000000000000e+01
1.144805908523629228e+02,-8.197688044013398212e+01,1.000000000000000000e+00,1.523994606014991149e-01,6.802331851685217146e-07,1.500000000000000000e+01
1.134805908523629228e+02,-8.097688044013398212e+01,5.000000000000000000e-01,1.159441280918829670e-01,6.931378864451875899e-01,2.500000000000000000e+01
1.134805908523629228e+02,-8.047688044013398212e+01,5.000000000000000000e-01,6.597715705755682891e-02,8.642291894387701956e-02,1.200000000000000000e+01
1.139805908523629228e+02,-8.097688044013398212e+01,5.000000000000000000e-01,1.487512020732166151e+00,4.431401472423724286e+00,5.900000000000000000e+01
1.139805908523629228e+02,-8.047688044013398212e+01,5.000000000000000000e-01,1.523995400884999296e-01,5.700050138557344326e-07,5.000000000000000000e+00
1.134805908523629228e+02,-7.997688044013398212e+01,1.000000000000000000e+00,3.787978069659434649e-02,1.145216276555378332e-01,2.800000000000000000e+01
1.144805908523629228e+02,-8.097688044013398212e+01,1.000000000000000000e+00,1.523995593050959663e-01,5.591776800484282717e-07,1.500000000000000000e+01
1.144805908523629228e+02,-7.997688044013398212e+01,1.000000000000000000e+00,1.523998387760148177e-01,3.016194598526311665e-07,1.600000000000000000e+01
1.134805908523629228e+02,-7.897688044013398212e+01,2.000000000000000000e+00,9.527600495328884811e-02,5.712470482249627779e-02,8.700000000000000000e+01
1.134805908523629228e+02,-7.697688044013398212e+01,2.000000000000000000e+00,1.296166594140553130e-01,2.278410384125217902e-02,8.100000000000000000e+01
1.134805908523629228e+02,-7.497688044013398212e+01,2.000000000000000000e+00,1.164234179793015578e-01,3.597705498888359443e-02,6.100000000000000000e+01
1.134805908523629228e+02,-7.297688044013398212e+01,2.000000000000000000e+00,1.189228403928596911e-01,3.347735328717743597e-02,6.200000000000000000e+01
1.134805908523629228e+02,-7.097688044013398212e+01,2.000000000000000000e+00,8.223974926690846843e-02,7.016073746801457234e-02,5.700000000000000000e+01
1.134805908523629228e+02,-6.897688044013398212e+01,2.000000000000000000e+00,1.159455368665188585e-01,3.645502739982332818e-02,6.300000000000000000e+01
1.134805908523629228e+02,-6.697688044013398212e+01,2.000000000000000000e+00,1.225172837486562388e-01,2.988311968477021241e-02,4.400000000000000000e+01
1.134805908523629228e+02,-6.497688044013398212e+01,2.000000000000000000e+00,6.663020311235019755e-02,8.577033624142392509e-02,4.300000000000000000e+01
1.134805908523629228e+02,-6.297688044013398212e+01,2.000000000000000000e+00,5.552470294552724894e-02,4.049119812898080983e-01,5.100000000000000000e+01
1.134805908523629228e+02,-6.097688044013398212e+01,1.000000000000000000e+00,1.059381199928068895e-01,1.301950371869280643e+00,2.100000000000000000e+01
1.134805908523629228e+02,-5.997688044013398212e+01,1.000000000000000000e+00,7.999682557853118881e-02,7.240320889391319015e-02,1.400000000000000000e+01
1.144805908523629228e+02,-5.997688044013398212e+01,1.000000000000000000e+00,1.523998571462154561e-01,1.162674122423545953e-06,1.000000000000000000e+01
1.134805908523629228e+02,-5.897688044013398212e+01,2.000000000000000000e+00,9.910584332665131613e-02,5.329472570358104178e-02,4.500000000000000000e+01
1.134805908523629228e+02,-5.697688044013398212e+01,5.000000000000000000e-01,8.111868512620770688e-02,6.818448485182584951e-02,7.000000000000000000e+00
1.139805908523629228e+02,-5.697688044013398212e+01,5.000000000000000000e-01,4.244049478334561143e-01,2.200384703399355324e+00,8.000000000000000000e+00
1.134805908523629228e+02,-5.597688044013398212e+01,1.000000000000000000e+00,4.173949608735415262e-02,1.324080194913076713e+00,1.200000000000000000e+01
1.144805908523629228e+02,-5.697688044013398212e+01,5.000000000000000000e-01,1.065509219177175781e+00,1.257132375897462184e+00,3.800000000000000000e+01
1.149805908523629228e+02,-5.697688044013398212e+01,5.000000000000000000e-01,9.195963123147206097e-01,1.387144913747134556e+00,2.600000000000000000e+01
1.149805908523629228e+02,-5.647688044013398212e+01,5.000000000000000000e-01,4.689912303852434294e-01,2.120149756891927861e+00,1.000000000000000000e+01
1.149805908523629228e+02,-5.597688044013398212e+01,5.000000000000000000e-01,9.178373590028426898e-01,1.393511727838265823e+00,2.500000000000000000e+01
1.149805908523629228e+02,-5.547688044013398212e+01,5.000000000000000000e-01,6.884609136042446620e-01,1.616321371909041904e+00,2.500000000000000000e+01
1.134805908523629228e+02,-5.497688044013398212e+01,1.000000000000000000e+00,4.303696791221885143e-02,1.093650905278732016e-01,8.000000000000000000e+00
1.134805908523629228e+02,-5.397688044013398212e+01,5.000000000000000000e-01,1.343122113725837008e-01,2.736656134188529155e+00,5.000000000000000000e+00
1.134805908523629228e+02,-5.347688044013398212e+01,5.000000000000000000e-01,1.866126060485839844e-02,2.181014101753446788e+00,6.000000000000000000e+00
1.139805908523629228e+02,-5.347688044013398212e+01,5.000000000000000000e-01,7.405376299000857587e-01,1.565893595774461744e+00,2.500000000000000000e+01
1.149805908523629228e+02,-5.497688044013398212e+01,5.000000000000000000e-01,7.882534888904391135e-01,1.519781921170912264e+00,2.900000000000000000e+01
1.149805908523629228e+02,-5.447688044013398212e+01,5.000000000000000000e-01,1.039299682966128735e+00,1.273552088281189487e+00,1.500000000000000000e+01
1.144805908523629228e+02,-5.397688044013398212e+01,1.000000000000000000e+00,9.503548996681254746e-01,1.354523731295671718e+00,5.400000000000000000e+01
1.134805908523629228e+02,-5.297688044013398212e+01,2.000000000000000000e+00,3.219065380357220146e-02,2.553533128733360691e-01,2.000000000000000000e+01
1.134805908523629228e+02,-5.097688044013398212e+01,2.000000000000000000e+00,8.414488913204599962e-02,6.825555862763151016e-02,2.300000000000000000e+01
1.134805908523629228e+02,-4.897688044013398212e+01,2.000000000000000000e+00,1.141934744920426043e-01,3.820679542716119703e-02,2.500000000000000000e+01
1.134805908523629228e+02,-4.697688044013398212e+01,2.000000000000000000e+00,1.645308107201027062e-02,1.359471817737231691e-01,1.700000000000000000e+01
1.134805908523629228e+02,-4.297688044013398212e+01,2.000000000000000000e+00,1.076826177978772031e-01,6.145196470328754268e-01,1.500000000000000000e+01
1.134805908523629228e+02,-3.697688044013398212e+01,2.000000000000000000e+00,1.523996765974961198e-01,1.315201663471313454e-01,9.000000000000000000e+00
1.134805908523629228e+02,-3.297688044013398212e+01,2.000000000000000000e+00,4.193457559066669088e-02,1.104654167603885406e-01,2.000000000000000000e+01
1.154805908523629228e+02,-1.369768804401339821e+02,1.000000000000000000e+00,1.101347481444820559e-01,3.026826586381661799e-03,9.000000000000000000e+00
1.164805908523629228e+02,-1.369768804401339821e+02,1.000000000000000000e+00,3.888175791676359516e+00,7.158350821130143871e-01,7.000000000000000000e+00
1.164805908523629228e+02,-1.359768804401339821e+02,1.000000000000000000e+00,1.116315134874437121e-01,6.250247328553754089e-04,8.000000000000000000e+00
1.154805908523629228e+02,-1.349768804401339821e+02,2.000000000000000000e+00,1.122006142834206521e-01,3.075727803624903056e-03,1.500000000000000000e+01
1.154805908523629228e+02,-1.229768804401339821e+02,2.000000000000000000e+00,1.381365647744448866e-01,1.957651820492484207e-03,1.000000000000000000e+01
1.154805908523629228e+02,-1.209768804401339821e+02,2.000000000000000000e+00,1.375128125777130284e-01,4.565792465704737735e-03,2.800000000000000000e+01
1.154805908523629228e+02,-1.189768804401339821e+02,2.000000000000000000e+00,1.388987497061487386e-01,6.402756409579990482e-03,1.400000000000000000e+01
1.154805908523629228e+02,-1.169768804401339821e+02,2.000000000000000000e+00,1.426449259425504879e-01,7.264815863960494280e-03,8.000000000000000000e+00
1.154805908523629228e+02,-1.149768804401339821e+02,2.000000000000000000e+00,1.445421618573476397e-01,7.814298660002105823e-03,9.000000000000000000e+00
1.154805908523629228e+02,-1.109768804401339821e+02,2.000000000000000000e+00,1.500968079081283213e-01,2.303210180610720803e-03,1.300000000000000000e+01
1.154805908523629228e+02,-1.089768804401339821e+02,2.000000000000000000e+00,1.523997431242660738e-01,5.192039752299759670e-07,3.400000000000000000e+01
1.154805908523629228e+02,-1.069768804401339821e+02,2.000000000000000000e+00,1.523998733876838207e-01,1.591282193041942961e-06,3.400000000000000000e+01
1.154805908523629228e+02,-1.049768804401339821e+02,2.000000000000000000e+00,1.523997073821121151e-01,1.070991145629696106e-06,4.400000000000000000e+01
1.154805908523629228e+02,-1.029768804401339821e+02,2.000000000000000000e+00,1.523998191596690199e-01,1.155000860314503441e-06,5.000000000000000000e+01
1.154805908523629228e+02,-1.009768804401339821e+02,2.000000000000000000e+00,1.523995929435679741e-01,2.433433917925498235e-06,4.100000000000000000e+01
1.154805908523629228e+02,-9.897688044013398212e+01,2.000000000000000000e+00,1.523997777943447152e-01,2.374753040434995910e-06,4.200000000000000000e+01
1.154805908523629228e+02,-9.697688044013398212e+01,2.000000000000000000e+00,1.523998003122963851e-01,2.414647958914883930e-06,4.100000000000000000e+01
1.154805908523629228e+02,-9.497688044013398212e+01,2.000000000000000000e+00,1.523994009652690218e-01,1.938827373287876910e-06,4.700000000000000000e+01
1.154805908523629228e+02,-9.297688044013398212e+01,2.000000000000000000e+00,1.523995879258532027e-01,1.338066144274119296e-06,3.500000000000000000e+01
1.154805908523629228e+02,-9.097688044013398212e+01,2.000000000000000000e+00,1.523993945914129955e-01,3.285652351081580491e-06,3.800000000000000000e+01
1.154805908523629228e+02,-8.897688044013398212e+01,2.000000000000000000e+00,1.523995302704115318e-01,1.412665204203467084e-06,3.500000000000000000e+01
1.154805908523629228e+02,-8.697688044013398212e+01,2.000000000000000000e+00,1.523994854051490822e-01,2.037701789719958967e-06,3.700000000000000000e+01
1.154805908523629228e+02,-8.497688044013398212e+01,2.000000000000000000e+00,1.523998584221869790e-01,2.371008900325932700e-06,2.800000000000000000e+01
1.154805908523629228e+02,-8.297688044013398212e+01,2.000000000000000000e+00,1.523997149639422233e-01,1.465825342411575249e-06,3.900000000000000000e+01
1.154805908523629228e+02,-8.097688044013398212e+01,2.000000000000000000e+00,1.523995983228126627e-01,1.625236786928496713e-06,2.700000000000000000e+01
1.154805908523629228e+02,-7.897688044013398212e+01,2.000000000000000000e+00,1.523998203313361444e-01,1.776351651772145601e-06,3.500000000000000000e+01
1.154805908523629228e+02,-7.697688044013398212e+01,2.000000000000000000e+00,1.523995382199682669e-01,1.205191317549259011e-06,4.400000000000000000e+01
1.154805908523629228e+02,-7.497688044013398212e+01,2.000000000000000000e+00,1.523996441466704543e-01,8.218232503409694800e-07,4.500000000000000000e+01
1.154805908523629228e+02,-7.297688044013398212e+01,2.000000000000000000e+00,1.523998023819283232e-01,7.202981066323221881e-07,4.800000000000000000e+01
1.154805908523629228e+02,-7.097688044013398212e+01,2.000000000000000000e+00,1.523997526431115079e-01,6.831974903032111968e-07,3.800000000000000000e+01
1.154805908523629228e+02,-6.897688044013398212e+01,2.000000000000000000e+00,1.523998355664844817e-01,6.269499509270470838e-07,2.800000000000000000e+01
1.154805908523629228e+02,-6.697688044013398212e+01,2.000000000000000000e+00,1.523998414974064575e-01,1.207366738587012378e-06,2.500000000000000000e+01
1.154805908523629228e+02,-6.497688044013398212e+01,2.000000000000000000e+00,1.523997363758373136e-01,2.635822669905252269e-06,2.500000000000000000e+01
1.154805908523629228e+02,-6.297688044013398212e+01,2.000000000000000000e+00,1.523990517059107819e-01,1.856342355138762557e-06,3.200000000000000000e+01
1.154805908523629228e+02,-6.097688044013398212e+01,2.000000000000000000e+00,1.523999588708671027e-01,6.441117581523769786e-07,2.100000000000000000e+01
1.154805908523629228e+02,-5.097688044013398212e+01,2.000000000000000000e+00,1.523992696988167861e-01,1.344102024125604089e-06,9.000000000000000000e+00
1.174805908523629228e+02,-1.569768804401339821e+02,2.000000000000000000e+00,6.975328769390180816e-02,1.615022477017100111e-03,1.300000000000000000e+01
1.174805908523629228e+02,-1.349768804401339821e+02,2.000000000000000000e+00,1.097043225504927833e-01,2.254600186399002837e-03,1.100000000000000000e+01
1.184805908523629228e+02,-1.329768804401339821e+02,1.000000000000000000e+00,1.074599656253475699e-01,4.720515844272854533e-04,5.000000000000000000e+00
1.184805908523629228e+02,-1.319768804401339821e+02,1.000000000000000000e+00,1.089329527781084800e-01,9.866869459754428195e-01,2.400000000000000000e+01
1.174805908523629228e+02,-1.309768804401339821e+02,2.000000000000000000e+00,1.097049993878393137e-01,2.594698427712663347e-03,1.000000000000000000e+01
1.174805908523629228e+02,-1.289768804401339821e+02,2.000000000000000000e+00,1.129088057265560663e-01,5.198809379060254088e-03,9.000000000000000000e+00
1.174805908523629228e+02,-1.189768804401339821e+02,2.000000000000000000e+00,1.355826996090549186e-01,1.512402184400130079e-03,7.000000000000000000e+00
1.174805908523629228e+02,-1.169768804401339821e+02,2.000000000000000000e+00,1.359605433472722835e-01,3.399948765055865740e-03,1.700000000000000000e+01
1.174805908523629228e+02,-1.139768804401339821e+02,1.000000000000000000e+00,1.408201042830925509e-01,2.243331184349162122e-03,6.000000000000000000e+00
1.184805908523629228e+02,-1.149768804401339821e+02,1.000000000000000000e+00,1.384129388231141178e-01,1.079841359958068514e+00,3.200000000000000000e+01
1.184805908523629228e+02,-1.139768804401339821e+02,1.000000000000000000e+00,1.340142569157389829e-01,6.081769449809204531e-03,1.100000000000000000e+01
1.184805908523629228e+02,-1.129768804401339821e+02,1.000000000000000000e+00,1.360891145498982213e-01,3.850996908291576259e-03,8.000000000000000000e+00
1.189805908523629228e+02,-1.114768804401339821e+02,5.000000000000000000e-01,2.872600147618141087e+00,1.777753718601065458e+00,1.000000000000000000e+01
1.174805908523629228e+02,-1.109768804401339821e+02,1.000000000000000000e+00,1.447260359445320665e-01,2.473873968302509052e-03,5.000000000000000000e+00
1.184805908523629228e+02,-1.109768804401339821e+02,1.000000000000000000e+00,1.397235137326831023e-01,3.072908197468859903e-03,6.000000000000000000e+00
1.184805908523629228e+02,-1.099768804401339821e+02,1.000000000000000000e+00,3.727766597142196936e+00,8.471448274333175377e-01,1.200000000000000000e+01
1.174805908523629228e+02,-1.089768804401339821e+02,2.000000000000000000e+00,1.456008276284186387e-01,6.797583537549445332e-03,1.600000000000000000e+01
1.174805908523629228e+02,-1.069768804401339821e+02,2.000000000000000000e+00,1.455121289892921388e-01,6.888061237945636295e-03,1.700000000000000000e+01
1.174805908523629228e+02,-1.049768804401339821e+02,2.000000000000000000e+00,1.473805987226635139e-01,5.022333952497681775e-03,2.400000000000000000e+01
1.174805908523629228e+02,-1.029768804401339821e+02,2.000000000000000000e+00,1.492169717263833739e-01,3.184997537533262868e-03,2.500000000000000000e+01
1.174805908523629228e+02,-1.009768804401339821e+02,2.000000000000000000e+00,1.523985668623943357e-01,1.855844422582464404e-06,3.300000000000000000e+01
1.174805908523629228e+02,-9.897688044013398212e+01,1.000000000000000000e+00,1.523998932312752019e-01,1.296235325159988960e-06,1.400000000000000000e+01
1.174805908523629228e+02,-9.797688044013398212e+01,1.000000000000000000e+00,1.523996584427464995e-01,4.517597659847716329e-07,8.000000000000000000e+00
1.184805908523629228e+02,-9.897688044013398212e+01,1.000000000000000000e+00,2.743869820555526751e-01,5.927987717375500232e-01,2.600000000000000000e+01
1.184805908523629228e+02,-9.797688044013398212e+01,1.000000000000000000e+00,2.236518164711651657e-01,6.657907218134810901e-01,3.600000000000000000e+01
1.174805908523629228e+02,-9.697688044013398212e+01,2.000000000000000000e+00,1.523994521684766679e-01,9.649082683693688267e-07,3.800000000000000000e+01
1.174805908523629228e+02,-9.497688044013398212e+01,2.000000000000000000e+00,1.523998748706104078e-01,2.053403064389280885e-06,4.400000000000000000e+01
1.174805908523629228e+02,-9.297688044013398212e+01,2.000000000000000000e+00,1.523996095326302647e-01,1.720309089320304352e-06,5.400000000000000000e+01
1.174805908523629228e+02,-9.097688044013398212e+01,1.000000000000000000e+00,1.523998904322505510e-01,1.133943186459873687e-06,2.100000000000000000e+01
1.174805908523629228e+02,-8.997688044013398212e+01,1.000000000000000000e+00,1.523998098731004502e-01,4.638633325781960082e-07,1.400000000000000000e+01
1.189805908523629228e+02,-9.097688044013398212e+01,5.000000000000000000e-01,5.099635717559991566e-01,1.816903040467309660e+00,3.500000000000000000e+01
1.189805908523629228e+02,-9.047688044013398212e+01,5.000000000000000000e-01,4.075084263998564049e-01,1.939913366443576148e+00,5.300000000000000000e+01
1.184805908523629228e+02,-8.997688044013398212e+01,1.000000000000000000e+00,2.478939107785766982e-01,1.151978472218064597e+00,6.600000000000000000e+01
1.174805908523629228e+02,-8.897688044013398212e+01,1.000000000000000000e+00,1.523998866991396750e-01,8.330561511726841672e-07,1.700000000000000000e+01
1.174805908523629228e+02,-8.797688044013398212e+01,1.000000000000000000e+00,1.523997559810346125e-01,6.620163446602322921e-07,1.400000000000000000e+01
1.184805908523629228e+02,-8.897688044013398212e+01,1.000000000000000000e+00,1.997968606811277859e-01,1.195408642745768191e+00,4.900000000000000000e+01
1.184805908523629228e+02,-8.797688044013398212e+01,1.000000000000000000e+00,3.196680040092685915e-01,1.064712961589713069e+00,7.400000000000000000e+01
1.174805908523629228e+02,-8.697688044013398212e+01,1.000000000000000000e+00,1.523998163035571451e-01,1.735609250208547394e-06,1.600000000000000000e+01
1.174805908523629228e+02,-8.597688044013398212e+01,1.000000000000000000e+00,1.523997885951621778e-01,1.709362476648434992e-06,1.500000000000000000e+01
1.189805908523629228e+02,-8.697688044013398212e+01,5.000000000000000000e-01,4.986853968352051858e-01,8.344409755170165255e+00,4.500000000000000000e+01
1.189805908523629228e+02,-8.647688044013398212e+01,5.000000000000000000e-01,4.652603584032654060e-01,1.032791842334513266e+00,4.900000000000000000e+01
1.184805908523629228e+02,-8.597688044013398212e+01,5.000000000000000000e-01,1.524001796768544581e-01,8.580074396240105372e+00,7.000000000000000000e+00
1.189805908523629228e+02,-8.597688044013398212e+01,5.000000000000000000e-01,4.927589423637277477e-01,8.105547401261052443e+00,4.300000000000000000e+01
1.189805908523629228e+02,-8.547688044013398212e+01,5.000000000000000000e-01,4.551634572585632199e-01,6.453791359355622426e+00,3.100000000000000000e+01
1.174805908523629228e+02,-8.497688044013398212e+01,1.000000000000000000e+00,1.523997936560385347e-01,4.003041040312460552e-07,1.500000000000000000e+01
1.174805908523629228e+02,-8.397688044013398212e+01,1.000000000000000000e+00,1.523997884907463407e-01,4.831598224563915522e-07,1.900000000000000000e+01
1.184805908523629228e+02,-8.497688044013398212e+01,5.000000000000000000e-01,1.524030673658355595e-01,8.162088446846498258e+00,5.000000000000000000e+00
1.184805908523629228e+02,-8.447688044013398212e+01,5.000000000000000000e-01,1.524000461383554494e-01,7.511145570371437152e+00,9.000000000000000000e+00
1.189805908523629228e+02,-8.497688044013398212e+01,5.000000000000000000e-01,3.831633631641302995e-01,7.179936093578661804e+00,2.700000000000000000e+01
1.189805908523629228e+02,-8.447688044013398212e+01,5.000000000000000000e-01,5.053430504904816711e-01,7.067062269440365085e+00,3.100000000000000000e+01
1.184805908523629228e+02,-8.397688044013398212e+01,5.000000000000000000e-01,1.523993362641959948e-01,7.148607091838234950e+00,5.000000000000000000e+00
1.184805908523629228e+02,-8.347688044013398212e+01,5.000000000000000000e-01,1.523998962119850198e-01,8.237715351486954773e+00,6.000000000000000000e+00
1.189805908523629228e+02,-8.397688044013398212e+01,5.000000000000000000e-01,5.003380122028450172e-01,6.653296326320991660e+00,3.500000000000000000e+01
1.189805908523629228e+02,-8.347688044013398212e+01,5.000000000000000000e-01,4.510353367107656775e-01,7.784578200504474133e+00,4.200000000000000000e+01
1.174805908523629228e+02,-8.297688044013398212e+01,1.000000000000000000e+00,1.523996783709651304e-01,2.037183444159040846e-06,1.200000000000000000e+01
1.174805908523629228e+02,-8.197688044013398212e+01,1.000000000000000000e+00,1.523999082221469958e-01,8.107918798572200103e-07,1.100000000000000000e+01
1.189805908523629228e+02,-8.297688044013398212e+01,5.000000000000000000e-01,4.841248638536628235e-01,7.634622739272855618e+00,4.600000000000000000e+01
1.189805908523629228e+02,-8.247688044013398212e+01,5.000000000000000000e-01,3.876208613111775669e-01,1.127714091978578193e+00,4.100000000000000000e+01
1.184805908523629228e+02,-8.197688044013398212e+01,1.000000000000000000e+00,3.220956498025608905e-01,1.064323067059230965e+00,6.100000000000000000e+01
1.174805908523629228e+02,-8.097688044013398212e+01,1.000000000000000000e+00,1.523998019205450305e-01,5.974116983331612118e-07,1.100000000000000000e+01
1.174805908523629228e+02,-7.997688044013398212e+01,1.000000000000000000e+00,1.523996293086109510e-01,7.765576782448047055e-07,1.800000000000000000e+01
1.184805908523629228e+02,-8.097688044013398212e+01,1.000000000000000000e+00,2.483207060498271446e-01,1.151956720387518507e+00,5.400000000000000000e+01
1.184805908523629228e+02,-7.997688044013398212e+01,1.000000000000000000e+00,3.192352974984911107e-01,1.038336719451485424e+00,6.100000000000000000e+01
1.174805908523629228e+02,-7.897688044013398212e+01,1.000000000000000000e+00,1.523998250230041707e-01,1.529996921878495897e-06,1.300000000000000000e+01
1.174805908523629228e+02,-7.797688044013398212e+01,1.000000000000000000e+00,1.523996934652312452e-01,5.216502084182117471e-07,1.400000000000000000e+01
1.184805908523629228e+02,-7.897688044013398212e+01,1.000000000000000000e+00,3.392474575950722437e-01,1.106575174410310503e+00,7.800000000000000000e+01
1.184805908523629228e+02,-7.797688044013398212e+01,1.000000000000000000e+00,3.475235505515780199e-01,1.035213005098984507e+00,7.000000000000000000e+01
1.174805908523629228e+02,-7.697688044013398212e+01,1.000000000000000000e+00,1.523994152419189396e-01,6.164140975428722413e-07,1.000000000000000000e+01
1.174805908523629228e+02,-7.597688044013398212e+01,1.000000000000000000e+00,1.523999135303697461e-01,5.894271803974504564e-07,6.000000000000000000e+00
1.184805908523629228e+02,-7.697688044013398212e+01,1.000000000000000000e+00,2.420717617843246572e-01,1.152251519114217970e+00,4.600000000000000000e+01
1.184805908523629228e+02,-7.597688044013398212e+01,1.000000000000000000e+00,2.681632988545732399e-01,1.127676494932412732e+00,6.200000000000000000e+01
1.174805908523629228e+02,-7.497688044013398212e+01,1.000000000000000000e+00,1.523999063847640834e-01,5.675768842694495220e-07,6.000000000000000000e+00
1.184805908523629228e+02,-7.497688044013398212e+01,1.000000000000000000e+00,4.180147884557349203e-01,9.947134713330675337e-01,8.500000000000000000e+01
1.184805908523629228e+02,-7.397688044013398212e+01,1.000000000000000000e+00,2.325508087247814548e-01,1.160580244648429016e+00,6.400000000000000000e+01
1.174805908523629228e+02,-7.197688044013398212e+01,1.000000000000000000e+00,1.523997536690776811e-01,7.051736519159135241e-07,5.000000000000000000e+00
1.184805908523629228e+02,-7.297688044013398212e+01,1.000000000000000000e+00,2.952853625005323335e-01,1.057367881592144343e+00,4.700000000000000000e+01
1.184805908523629228e+02,-7.197688044013398212e+01,1.000000000000000000e+00,3.265373867355210180e-01,1.022401612596611775e+00,4.500000000000000000e+01
1.174805908523629228e+02,-6.997688044013398212e+01,1.000000000000000000e+00,1.523986801533931401e-01,4.165201622774450385e-06,7.000000000000000000e+00
1.184805908523629228e+02,-7.097688044013398212e+01,1.000000000000000000e+00,2.756813964285375618e-01,1.037239616869133796e+00,6.800000000000000000e+01
1.184805908523629228e+02,-6.997688044013398212e+01,1.000000000000000000e+00,2.864132471128825741e-01,1.060492311476359584e+00,6.800000000000000000e+01
1.174805908523629228e+02,-6.897688044013398212e+01,1.000000000000000000e+00,1.523997667851245130e-01,3.438445946496448968e-06,8.000000000000000000e+00
1.174805908523629228e+02,-6.797688044013398212e+01,1.000000000000000000e+00,1.523996714067918090e-01,7.822816865676873732e-07,5.000000000000000000e+00
1.184805908523629228e+02,-6.897688044013398212e+01,1.000000000000000000e+00,1.830298000434671668e-01,1.118386602472082547e+00,4.700000000000000000e+01
1.184805908523629228e+02,-6.797688044013398212e+01,1.000000000000000000e+00,2.632214446446587419e-01,1.064191654395698405e+00,4.300000000000000000e+01
1.174805908523629228e+02,-6.697688044013398212e+01,1.000000000000000000e+00,1.523997264292084597e-01,1.075772324554691295e-06,9.000000000000000000e+00
1.174805908523629228e+02,-6.597688044013398212e+01,1.000000000000000000e+00,1.523990455346071471e-01,1.557665475160341373e-06,8.000000000000000000e+00
1.184805908523629228e+02,-6.697688044013398212e+01,1.000000000000000000e+00,2.253148651785743528e-01,1.179681510906564146e+00,7.100000000000000000e+01
1.184805908523629228e+02,-6.597688044013398212e+01,1.000000000000000000e+00,2.172031018569761662e-01,1.189621673883917596e+00,6.000000000000000000e+01
1.174805908523629228e+02,-6.497688044013398212e+01,1.000000000000000000e+00,1.523990566552717030e-01,1.720267500060490562e-06,7.000000000000000000e+00
1.174805908523629228e+02,-6.397688044013398212e+01,1.000000000000000000e+00,1.523990427639760337e-01,1.367103016236548285e-06,7.000000000000000000e+00
1.184805908523629228e+02,-6.497688044013398212e+01,1.000000000000000000e+00,3.069103714650699422e-01,1.014043754947752785e+00,4.700000000000000000e+01
1.184805908523629228e+02,-6.397688044013398212e+01,1.000000000000000000e+00,4.833414860613077235e-01,8.863041649559981749e-01,4.000000000000000000e+01
1.174805908523629228e+02,-6.297688044013398212e+01,1.000000000000000000e+00,1.523998856144002656e-01,6.637458639380255931e-07,8.000000000000000000e+00
1.184805908523629228e+02,-6.297688044013398212e+01,1.000000000000000000e+00,3.828117016337957423e-01,8.901824350148586085e-01,4.300000000000000000e+01
1.184805908523629228e+02,-6.197688044013398212e+01,1.000000000000000000e+00,2.672885802870483829e-01,1.198434569629041713e+00,5.100000000000000000e+01
1.184805908523629228e+02,-6.097688044013398212e+01,1.000000000000000000e+00,3.057193319616026694e-01,1.063086587961822094e+00,3.200000000000000000e+01
1.184805908523629228e+02,-5.997688044013398212e+01,1.000000000000000000e+00,4.564237545935158069e-01,8.583317991882005726e-01,1.400000000000000000e+01
1.174805908523629228e+02,-5.797688044013398212e+01,1.000000000000000000e+00,1.523998603530538065e-01,4.423759001892513254e-07,5.000000000000000000e+00
1.184805908523629228e+02,-5.897688044013398212e+01,1.000000000000000000e+00,4.135091438383096119e-01,9.444073327077884272e-01,6.100000000000000000e+01
1.184805908523629228e+02,-5.797688044013398212e+01,1.000000000000000000e+00,3.543495216825441330e-01,1.084702699501622902e+00,3.700000000000000000e+01
1.184805908523629228e+02,-5.697688044013398212e+01,1.000000000000000000e+00,2.893919162993064953e-01,1.107808978631100061e+00,2.900000000000000000e+01
1.184805908523629228e+02,-5.597688044013398212e+01,1.000000000000000000e+00,1.982232554909659494e-01,1.189580214917218104e+00,2.300000000000000000e+01
1.184805908523629228e+02,-5.497688044013398212e+01,1.000000000000000000e+00,2.144587970795837073e-01,9.781773614155535590e-01,2.000000000000000000e+01
1.189805908523629228e+02,-5.397688044013398212e+01,5.000000000000000000e-01,4.020601386037284120e-01,6.925433493247025396e+00,1.200000000000000000e+01
1.189805908523629228e+02,-5.347688044013398212e+01,5.000000000000000000e-01,1.191590238592608486e+00,6.566766403607921632e+00,1.100000000000000000e+01
1.184805908523629228e+02,-5.247688044013398212e+01,5.000000000000000000e-01,6.250796202122596235e+00,3.073778528554226064e+00,5.000000000000000000e+00
1.189805908523629228e+02,-5.297688044013398212e+01,5.000000000000000000e-01,6.737219568627802468e-01,8.955392047034056446e+00,1.000000000000000000e+01
1.189805908523629228e+02,-5.247688044013398212e+01,5.000000000000000000e-01,1.279182788211538080e+00,7.608064768268339328e+00,8.000000000000000000e+00
1.184805908523629228e+02,-5.147688044013398212e+01,5.000000000000000000e-01,7.865995648223299774e+00,1.345269484503391233e+00,9.000000000000000000e+00
1.189805908523629228e+02,-5.197688044013398212e+01,5.000000000000000000e-01,2.042349739200806091e-01,1.174187868427273296e+00,6.000000000000000000e+00
1.189805908523629228e+02,-5.147688044013398212e+01,5.000000000000000000e-01,6.083108794752978277e-01,9.240236997339492220e+00,2.600000000000000000e+01
1.189805908523629228e+02,-5.097688044013398212e+01,5.000000000000000000e-01,7.609839472104977798e-01,8.793118291679148157e+00,1.600000000000000000e+01
1.189805908523629228e+02,-5.047688044013398212e+01,5.000000000000000000e-01,8.157535370577507772e-01,7.375784802781374161e+00,7.000000000000000000e+00
1.189805908523629228e+02,-4.997688044013398212e+01,5.000000000000000000e-01,4.526491413969829236e-01,8.073920353591764965e+00,9.000000000000000000e+00
1.189805908523629228e+02,-4.947688044013398212e+01,5.000000000000000000e-01,4.720702486955137278e-01,3.101269689661139140e+00,1.500000000000000000e+01
1.184805908523629228e+02,-4.897688044013398212e+01,1.000000000000000000e+00,6.784421328991822042e-01,6.545012006902776180e-01,7.000000000000000000e+00
1.184805908523629228e+02,-4.797688044013398212e+01,1.000000000000000000e+00,5.345435100539780438e-01,8.704396254686576073e-01,2.300000000000000000e+01
1.184805908523629228e+02,-4.697688044013398212e+01,1.000000000000000000e+00,5.308087013630122808e-01,8.586319196872445048e-01,1.000000000000000000e+01
1.189805908523629228e+02,-4.597688044013398212e+01,5.000000000000000000e-01,5.365040793486681725e-01,1.698860193261870544e+00,1.600000000000000000e+01
1.189805908523629228e+02,-4.547688044013398212e+01,5.000000000000000000e-01,4.822327640312458197e-01,1.765529990843982544e+00,1.400000000000000000e+01
1.184805908523629228e+02,-4.497688044013398212e+01,1.000000000000000000e+00,1.524022945674103902e-01,1.021737110325735998e+00,5.000000000000000000e+00
1.194805908523629228e+02,-1.529768804401339821e+02,2.000000000000000000e+00,9.664356007967622730e-02,6.536767088477596355e-02,6.000000000000000000e+00
1.194805908523629228e+02,-1.509768804401339821e+02,2.000000000000000000e+00,1.283988884757927273e-01,9.908631980775250980e-02,2.100000000000000000e+01
1.194805908523629228e+02,-1.489768804401339821e+02,2.000000000000000000e+00,1.208597077879246390e-01,1.565592500725627723e-01,1.800000000000000000e+01
1.194805908523629228e+02,-1.469768804401339821e+02,2.000000000000000000e+00,1.701437892183104705e-01,1.761489896246168363e-01,2.700000000000000000e+01
1.194805908523629228e+02,-1.449768804401339821e+02,2.000000000000000000e+00,1.677919505088982521e-01,2.527983579031898298e-01,1.800000000000000000e+01
1.194805908523629228e+02,-1.429768804401339821e+02,2.000000000000000000e+00,2.453609888055267862e-01,2.367853072650270840e-01,2.400000000000000000e+01
1.194805908523629228e+02,-1.409768804401339821e+02,2.000000000000000000e+00,1.783094129839226660e-01,3.332840458090804425e-01,3.200000000000000000e+01
1.194805908523629228e+02,-1.329768804401339821e+02,2.000000000000000000e+00,1.076639919013002711e-01,6.075888625849150682e-01,5.000000000000000000e+00
1.194805908523629228e+02,-1.309768804401339821e+02,2.000000000000000000e+00,1.052852720366247163e-01,5.724030898214854668e-03,3.000000000000000000e+01
1.194805908523629228e+02,-1.289768804401339821e+02,2.000000000000000000e+00,1.028762817778356570e-01,9.972246285139235722e-03,1.800000000000000000e+01
1.194805908523629228e+02,-1.269768804401339821e+02,2.000000000000000000e+00,1.094080461333479803e-01,4.453130887545286853e-03,1.100000000000000000e+01
1.194805908523629228e+02,-1.149768804401339821e+02,1.000000000000000000e+00,1.315617809350220213e-01,1.018423170533742539e+00,6.000000000000000000e+00
1.194805908523629228e+02,-1.139768804401339821e+02,1.000000000000000000e+00,1.288818266485830810e-01,3.911638293416869194e-03,5.000000000000000000e+00
1.194805908523629228e+02,-1.129768804401339821e+02,2.000000000000000000e+00,1.317918912352005201e-01,2.696483635062418838e-03,1.200000000000000000e+01
1.194805908523629228e+02,-1.109768804401339821e+02,5.000000000000000000e-01,5.399199038118628335e-01,3.922842640170587813e+00,3.000000000000000000e+01
1.194805908523629228e+02,-1.104768804401339821e+02,5.000000000000000000e-01,1.919710495649820936e-01,4.411507677635429836e+00,1.000000000000000000e+01
1.194805908523629228e+02,-1.099768804401339821e+02,1.000000000000000000e+00,1.308855678463810845e-01,5.798640681217992476e-03,8.000000000000000000e+00
1.204805908523629228e+02,-1.109768804401339821e+02,1.000000000000000000e+00,3.751388550843866021e+00,8.914694292787164187e-01,1.200000000000000000e+01
1.204805908523629228e+02,-1.099768804401339821e+02,1.000000000000000000e+00,1.200510088788350471e-01,6.237723460449678958e-03,8.000000000000000000e+00
1.194805908523629228e+02,-1.089768804401339821e+02,2.000000000000000000e+00,1.104554245173951649e-01,2.777691517070592087e-02,2.700000000000000000e+01
1.194805908523629228e+02,-1.069768804401339821e+02,2.000000000000000000e+00,1.150730903737040983e-01,2.702512942241820648e-02,2.800000000000000000e+01
1.194805908523629228e+02,-1.049768804401339821e+02,2.000000000000000000e+00,1.083049482191501822e-01,3.324100461742210411e-02,1.800000000000000000e+01
1.194805908523629228e+02,-1.029768804401339821e+02,2.000000000000000000e+00,1.141279964040800010e-01,3.101391882631937547e-02,3.000000000000000000e+01
1.194805908523629228e+02,-1.009768804401339821e+02,2.000000000000000000e+00,1.121302766414715713e-01,3.550225512740934342e-02,1.600000000000000000e+01
1.194805908523629228e+02,-9.797688044013398212e+01,1.000000000000000000e+00,1.376358545572370085e-01,7.517537208756043254e-01,8.000000000000000000e+00
1.209805908523629228e+02,-9.897688044013398212e+01,5.000000000000000000e-01,1.473650618070212248e+00,2.635197473348470432e+00,1.300000000000000000e+01
1.209805908523629228e+02,-9.747688044013398212e+01,5.000000000000000000e-01,3.874954351384609197e+00,7.221301639236523684e-01,6.000000000000000000e+00
1.194805908523629228e+02,-9.697688044013398212e+01,2.000000000000000000e+00,1.108737829650365825e-01,3.926844724860750757e-02,1.700000000000000000e+01
1.194805908523629228e+02,-9.497688044013398212e+01,2.000000000000000000e+00,1.106104923654938482e-01,4.179228587105883463e-02,1.500000000000000000e+01
1.194805908523629228e+02,-9.297688044013398212e+01,2.000000000000000000e+00,1.182119481374672709e-01,3.418795364664645176e-02,1.500000000000000000e+01
1.194805908523629228e+02,-9.097688044013398212e+01,5.000000000000000000e-01,7.591577307553618592e-01,1.535347231155211878e+00,2.300000000000000000e+01
1.194805908523629228e+02,-9.047688044013398212e+01,5.000000000000000000e-01,1.646463207196155132e+00,7.012417007868596563e-01,1.000000000000000000e+01
1.199805908523629228e+02,-9.097688044013398212e+01,5.000000000000000000e-01,5.461562975119216290e-01,7.989447643084213180e-01,6.000000000000000000e+00
1.194805908523629228e+02,-8.997688044013398212e+01,1.000000000000000000e+00,4.595189348237041504e-01,9.170707332728644801e-01,2.300000000000000000e+01
1.204805908523629228e+02,-9.097688044013398212e+01,1.000000000000000000e+00,4.293543396511428911e-01,9.537712067491220802e-01,2.300000000000000000e+01
1.194805908523629228e+02,-8.897688044013398212e+01,1.000000000000000000e+00,4.690588003485455237e-01,9.359233354658699211e-01,3.900000000000000000e+01
1.194805908523629228e+02,-8.797688044013398212e+01,5.000000000000000000e-01,3.855566231294020874e-01,1.000963918515862749e+00,2.200000000000000000e+01
1.194805908523629228e+02,-8.747688044013398212e+01,5.000000000000000000e-01,7.316101223583563851e+00,1.633664772668861787e+00,7.000000000000000000e+00
1.199805908523629228e+02,-8.797688044013398212e+01,5.000000000000000000e-01,6.389829055047425932e+00,1.769406529209091694e+00,7.000000000000000000e+00
1.199805908523629228e+02,-8.747688044013398212e+01,5.000000000000000000e-01,6.584467700122522693e+00,2.056862508684887736e+00,7.000000000000000000e+00
1.209805908523629228e+02,-8.847688044013398212e+01,5.000000000000000000e-01,7.101754735612402669e+00,1.710380866733679284e+00,6.000000000000000000e+00
1.204805908523629228e+02,-8.797688044013398212e+01,5.000000000000000000e-01,6.414940102170655578e+00,2.293192791477650871e+00,7.000000000000000000e+00
1.204805908523629228e+02,-8.747688044013398212e+01,5.000000000000000000e-01,6.386613936796615931e+00,2.252068592145139547e+00,1.800000000000000000e+01
1.209805908523629228e+02,-8.797688044013398212e+01,5.000000000000000000e-01,6.819314614808233976e+00,1.085638839544389889e+00,8.000000000000000000e+00
1.209805908523629228e+02,-8.747688044013398212e+01,5.000000000000000000e-01,6.584822749054953128e+00,1.670605194626396006e+00,1.400000000000000000e+01
1.194805908523629228e+02,-8.647688044013398212e+01,5.000000000000000000e-01,6.936669059398171022e+00,1.122596084935726601e+00,6.000000000000000000e+00
1.199805908523629228e+02,-8.697688044013398212e+01,5.000000000000000000e-01,6.801770057862309038e+00,1.941610576684580813e+00,1.400000000000000000e+01
1.199805908523629228e+02,-8.647688044013398212e+01,5.000000000000000000e-01,6.745077527914609128e+00,2.166224935329574386e+00,1.100000000000000000e+01
1.194805908523629228e+02,-8.597688044013398212e+01,5.000000000000000000e-01,1.203135690915958955e+00,6.952449461110370876e+00,2.200000000000000000e+01
1.194805908523629228e+02,-8.547688044013398212e+01,5.000000000000000000e-01,4.384781628969617873e-01,7.736518758221025749e+00,2.200000000000000000e+01
1.199805908523629228e+02,-8.597688044013398212e+01,5.000000000000000000e-01,6.011159843368439226e+00,1.087720057892561876e+00,1.800000000000000000e+01
1.199805908523629228e+02,-8.547688044013398212e+01,5.000000000000000000e-01,6.244912774733996308e+00,2.829198539255302514e+00,1.000000000000000000e+01
1.204805908523629228e+02,-8.697688044013398212e+01,5.000000000000000000e-01,6.317793766129526034e+00,1.814322426661764354e+00,1.000000000000000000e+01
1.204805908523629228e+02,-8.647688044013398212e+01,5.000000000000000000e-01,5.991409491413465460e+00,2.432615017378841671e+00,1.100000000000000000e+01
1.209805908523629228e+02,-8.697688044013398212e+01,5.000000000000000000e-01,6.512931725771283098e+00,3.575067425293253720e+00,1.900000000000000000e+01
1.209805908523629228e+02,-8.647688044013398212e+01,5.000000000000000000e-01,6.480924001393405298e+00,3.540541685665131943e+00,1.400000000000000000e+01
1.204805908523629228e+02,-8.597688044013398212e+01,5.000000000000000000e-01,5.852108259301652460e+00,4.312830343118583265e+00,1.500000000000000000e+01
1.204805908523629228e+02,-8.547688044013398212e+01,5.000000000000000000e-01,5.932972943369447805e+00,3.728673523854528327e+00,2.300000000000000000e+01
1.209805908523629228e+02,-8.597688044013398212e+01,5.000000000000000000e-01,5.739714423840378998e+00,4.035025213561814539e+00,1.800000000000000000e+01
1.209805908523629228e+02,-8.547688044013398212e+01,5.000000000000000000e-01,5.743671380113887892e+00,3.344279237290090023e+00,5.000000000000000000e+00
1.194805908523629228e+02,-8.497688044013398212e+01,5.000000000000000000e-01,4.911460787739130862e-01,6.875991092730419751e+00,3.400000000000000000e+01
1.194805908523629228e+02,-8.447688044013398212e+01,5.000000000000000000e-01,4.727344312550978422e-01,6.872848113724291608e+00,2.100000000000000000e+01
1.199805908523629228e+02,-8.497688044013398212e+01,5.000000000000000000e-01,6.319234485499956477e+00,2.300101176571461181e+00,1.100000000000000000e+01
1.199805908523629228e+02,-8.447688044013398212e+01,5.000000000000000000e-01,6.387592168085144628e+00,2.167460146151481304e+00,2.100000000000000000e+01
1.194805908523629228e+02,-8.397688044013398212e+01,5.000000000000000000e-01,4.215620589953140707e-01,7.023972275349737338e+00,2.900000000000000000e+01
1.194805908523629228e+02,-8.347688044013398212e+01,5.000000000000000000e-01,5.829775871497874462e+00,2.495536991611798427e+00,1.000000000000000000e+01
1.199805908523629228e+02,-8.397688044013398212e+01,5.000000000000000000e-01,6.582569594418522740e+00,1.792070238668873827e+00,8.000000000000000000e+00
1.204805908523629228e+02,-8.497688044013398212e+01,5.000000000000000000e-01,6.022952655353451590e+00,2.675735935794234521e+00,1.300000000000000000e+01
1.204805908523629228e+02,-8.447688044013398212e+01,5.000000000000000000e-01,6.231913333482398620e+00,2.999253946023812567e+00,2.400000000000000000e+01
1.209805908523629228e+02,-8.447688044013398212e+01,5.000000000000000000e-01,5.957365544798125967e+00,2.114990662321767800e+00,1.800000000000000000e+01
1.204805908523629228e+02,-8.397688044013398212e+01,5.000000000000000000e-01,6.497489219255052184e+00,2.446146141441309929e+00,8.000000000000000000e+00
1.204805908523629228e+02,-8.347688044013398212e+01,5.000000000000000000e-01,6.642942009860193231e+00,2.554175952627420365e+00,7.000000000000000000e+00
1.209805908523629228e+02,-8.397688044013398212e+01,5.000000000000000000e-01,6.421754613371810194e+00,1.764371976944335785e+00,1.100000000000000000e+01
1.209805908523629228e+02,-8.347688044013398212e+01,5.000000000000000000e-01,6.548850967591060446e+00,3.048547730787974253e+00,8.000000000000000000e+00
1.194805908523629228e+02,-8.297688044013398212e+01,1.000000000000000000e+00,7.094550652869306084e+00,1.068769780856798413e+00,2.400000000000000000e+01
1.194805908523629228e+02,-8.197688044013398212e+01,5.000000000000000000e-01,4.874682577550196183e-01,8.211028651273573065e-01,7.000000000000000000e+00
1.194805908523629228e+02,-8.147688044013398212e+01,5.000000000000000000e-01,4.529414774238627039e-01,6.586936012955030506e+00,1.900000000000000000e+01
1.204805908523629228e+02,-8.297688044013398212e+01,5.000000000000000000e-01,6.669229532974676466e+00,3.000545679233876051e+00,8.000000000000000000e+00
1.204805908523629228e+02,-8.247688044013398212e+01,5.000000000000000000e-01,6.730360099805216656e+00,3.275341806830007307e+00,1.200000000000000000e+01
1.209805908523629228e+02,-8.247688044013398212e+01,5.000000000000000000e-01,6.795857804643408606e+00,3.548356903577897903e+00,5.000000000000000000e+00
1.204805908523629228e+02,-8.197688044013398212e+01,1.000000000000000000e+00,7.704403019172950451e+00,1.338232668669284919e+00,1.200000000000000000e+01
1.194805908523629228e+02,-8.097688044013398212e+01,1.000000000000000000e+00,3.786683554206318192e-01,7.175171726769575820e-01,3.600000000000000000e+01
1.194805908523629228e+02,-7.997688044013398212e+01,1.000000000000000000e+00,3.985832488537324192e-01,8.221584545165756541e-01,3.200000000000000000e+01
1.194805908523629228e+02,-7.797688044013398212e+01,1.000000000000000000e+00,4.367379765377751299e-01,9.682440702863245319e-01,1.500000000000000000e+01
1.194805908523629228e+02,-7.697688044013398212e+01,2.000000000000000000e+00,3.846604268878257016e-01,7.385508602725259220e-01,5.800000000000000000e+01
1.194805908523629228e+02,-7.397688044013398212e+01,1.000000000000000000e+00,3.172125732688158006e-01,6.847691498393158049e-01,6.000000000000000000e+00
1.194805908523629228e+02,-7.297688044013398212e+01,1.000000000000000000e+00,3.310867459433759485e-01,7.176603039108304660e-01,2.700000000000000000e+01
1.194805908523629228e+02,-7.197688044013398212e+01,1.000000000000000000e+00,2.890770465144991697e-01,7.649838092935221656e-01,3.400000000000000000e+01
1.194805908523629228e+02,-6.997688044013398212e+01,1.000000000000000000e+00,1.839637739333886413e-01,1.075690921801927713e+00,5.000000000000000000e+00
1.194805908523629228e+02,-6.897688044013398212e+01,1.000000000000000000e+00,3.360391470378694123e-01,6.887105729326079562e-01,2.100000000000000000e+01
1.194805908523629228e+02,-6.797688044013398212e+01,1.000000000000000000e+00,4.181987720370428652e-01,6.658820139282684014e-01,2.700000000000000000e+01
1.194805908523629228e+02,-6.497688044013398212e+01,1.000000000000000000e+00,4.000003807973190328e-01,6.523500617569132354e-01,1.700000000000000000e+01
1.194805908523629228e+02,-6.397688044013398212e+01,1.000000000000000000e+00,3.981524217195339665e-01,6.713826630327415224e-01,1.800000000000000000e+01
1.194805908523629228e+02,-6.097688044013398212e+01,1.000000000000000000e+00,5.162753611514544483e-01,5.004881922928715587e-01,7.000000000000000000e+00
1.194805908523629228e+02,-5.997688044013398212e+01,1.000000000000000000e+00,4.149000792397655735e-01,6.191229678424440275e-01,2.000000000000000000e+01
1.194805908523629228e+02,-5.897688044013398212e+01,1.000000000000000000e+00,4.050867975731835546e-01,6.115918225016583332e-01,6.000000000000000000e+00
1.194805908523629228e+02,-5.697688044013398212e+01,1.000000000000000000e+00,5.012230250744296178e-01,5.724014516587117019e-01,9.000000000000000000e+00
1.194805908523629228e+02,-5.597688044013398212e+01,1.000000000000000000e+00,3.828035831690989599e-01,6.751565621731443478e-01,9.000000000000000000e+00
1.194805908523629228e+02,-5.497688044013398212e+01,5.000000000000000000e-01,7.783107700977072163e-01,1.046783170268502650e-01,6.000000000000000000e+00
1.199805908523629228e+02,-5.447688044013398212e+01,5.000000000000000000e-01,6.462040336398919393e+00,2.095221786318477442e+00,8.000000000000000000e+00
1.194805908523629228e+02,-5.397688044013398212e+01,5.000000000000000000e-01,7.041976640259931308e+00,1.409967849182959476e+00,1.000000000000000000e+01
1.194805908523629228e+02,-5.347688044013398212e+01,5.000000000000000000e-01,7.029432100059946009e+00,4.141589748692791062e-01,7.000000000000000000e+00
1.199805908523629228e+02,-5.397688044013398212e+01,5.000000000000000000e-01,6.692407736862744372e+00,1.514414324220341612e+00,1.500000000000000000e+01
1.199805908523629228e+02,-5.347688044013398212e+01,5.000000000000000000e-01,5.264623651705275797e+00,2.855658318889637393e+00,1.400000000000000000e+01
1.204805908523629228e+02,-5.497688044013398212e+01,5.000000000000000000e-01,6.977457470698804620e+00,1.968481722654355615e+00,1.000000000000000000e+01
1.204805908523629228e+02,-5.447688044013398212e+01,5.000000000000000000e-01,6.389531311505869837e+00,2.363995339609477497e+00,2.500000000000000000e+01
1.209805908523629228e+02,-5.497688044013398212e+01,5.000000000000000000e-01,6.043091304473211522e+00,2.594379546826875327e+00,1.800000000000000000e+01
1.209805908523629228e+02,-5.447688044013398212e+01,5.000000000000000000e-01,5.450538892552817316e+00,3.704936773340641309e+00,2.400000000000000000e+01
1.204805908523629228e+02,-5.397688044013398212e+01,5.000000000000000000e-01,5.290932829481939770e+00,4.146554967127213054e+00,2.700000000000000000e+01
1.204805908523629228e+02,-5.347688044013398212e+01,5.000000000000000000e-01,5.139476809585753259e+00,5.133052886915644208e+00,2.100000000000000000e+01
1.209805908523629228e+02,-5.397688044013398212e+01,5.000000000000000000e-01,7.474247087332776651e+00,3.275625948797531883e+00,2.500000000000000000e+01
1.209805908523629228e+02,-5.347688044013398212e+01,5.000000000000000000e-01,5.100914003547530662e+00,5.003344927217384885e+00,1.500000000000000000e+01
1.194805908523629228e+02,-5.297688044013398212e+01,5.000000000000000000e-01,7.253162994059035640e+00,2.633278383731330052e+00,6.000000000000000000e+00
1.194805908523629228e+02,-5.247688044013398212e+01,5.000000000000000000e-01,5.754068170714143449e+00,2.991673125618801166e+00,1.100000000000000000e+01
1.199805908523629228e+02,-5.297688044013398212e+01,5.000000000000000000e-01,6.857586727982423191e+00,2.974142587526746873e+00,1.700000000000000000e+01
1.199805908523629228e+02,-5.247688044013398212e+01,5.000000000000000000e-01,6.035099537496906308e+00,3.492437337417403143e+00,2.300000000000000000e+01
1.194805908523629228e+02,-5.197688044013398212e+01,5.000000000000000000e-01,4.939036032376849517e-01,8.397606859711453708e+00,7.000000000000000000e+00
1.194805908523629228e+02,-5.147688044013398212e+01,5.000000000000000000e-01,7.213009567820375167e+00,2.176103090924852879e+00,1.400000000000000000e+01
1.199805908523629228e+02,-5.197688044013398212e+01,5.000000000000000000e-01,6.643406198327310719e+00,2.534846478935518732e+00,2.000000000000000000e+01
1.199805908523629228e+02,-5.147688044013398212e+01,5.000000000000000000e-01,5.167910494936100108e+00,3.255944256048785235e+00,9.000000000000000000e+00
1.204805908523629228e+02,-5.297688044013398212e+01,5.000000000000000000e-01,5.640046727427622031e+00,3.726061583284224099e+00,2.100000000000000000e+01
1.204805908523629228e+02,-5.247688044013398212e+01,5.000000000000000000e-01,6.190263947180342896e+00,2.230494896445899045e+00,1.400000000000000000e+01
1.209805908523629228e+02,-5.297688044013398212e+01,5.000000000000000000e-01,6.204923970320736615e+00,1.480054711340036633e+00,7.000000000000000000e+00
1.209805908523629228e+02,-5.247688044013398212e+01,5.000000000000000000e-01,5.174628163048465623e+00,1.132031493589680693e+00,8.000000000000000000e+00
1.204805908523629228e+02,-5.197688044013398212e+01,5.000000000000000000e-01,5.177833688244430910e+00,1.893478930059412590e+00,1.700000000000000000e+01
1.204805908523629228e+02,-5.147688044013398212e+01,5.000000000000000000e-01,6.224970929136705244e+00,2.869655725280710890e+00,1.400000000000000000e+01
1.209805908523629228e+02,-5.197688044013398212e+01,5.000000000000000000e-01,5.019529893067750770e+00,1.255388680669043744e+00,9.000000000000000000e+00
1.209805908523629228e+02,-5.147688044013398212e+01,5.000000000000000000e-01,5.935473465146725580e+00,3.097977499994355455e-01,8.000000000000000000e+00
1.194805908523629228e+02,-5.097688044013398212e+01,5.000000000000000000e-01,7.284696878649121743e+00,2.139444144049253538e+00,1.200000000000000000e+01
1.194805908523629228e+02,-5.047688044013398212e+01,5.000000000000000000e-01,7.335537759575862182e+00,1.517032425180502742e+00,8.000000000000000000e+00
1.199805908523629228e+02,-5.097688044013398212e+01,5.000000000000000000e-01,6.655407692345394643e+00,2.371944557608293813e+00,8.000000000000000000e+00
1.199805908523629228e+02,-5.047688044013398212e+01,5.000000000000000000e-01,6.768427005079667325e+00,2.399348875923241309e+00,9.000000000000000000e+00
1.204805908523629228e+02,-5.097688044013398212e+01,5.000000000000000000e-01,6.246263774591113815e+00,1.512966634588201131e+00,7.000000000000000000e+00
1.204805908523629228e+02,-5.047688044013398212e+01,5.000000000000000000e-01,6.337098727533409637e+00,2.693428802657140686e+00,7.000000000000000000e+00
1.209805908523629228e+02,-5.097688044013398212e+01,5.000000000000000000e-01,4.561049849936187783e+00,3.062494423073989225e-01,5.000000000000000000e+00
1.214805908523629228e+02,-1.529768804401339821e+02,2.000000000000000000e+00,1.093547199940271497e+00,7.230903769330332409e-02,1.000000000000000000e+01
1.214805908523629228e+02,-1.509768804401339821e+02,2.000000000000000000e+00,1.119611868998501514e+00,8.728309646269138966e-02,1.500000000000000000e+01
1.214805908523629228e+02,-1.489768804401339821e+02,2.000000000000000000e+00,1.130630841380993346e+00,9.720455697101626491e-02,2.400000000000000000e+01
1.214805908523629228e+02,-1.469768804401339821e+02,2.000000000000000000e+00,1.140475360623109058e+00,1.299480807232276103e-01,2.100000000000000000e+01
1.214805908523629228e+02,-1.449768804401339821e+02,2.000000000000000000e+00,1.156340052387546002e+00,1.455114191769277809e-01,2.000000000000000000e+01
1.214805908523629228e+02,-1.429768804401339821e+02,2.000000000000000000e+00,1.154690833221736046e+00,1.819828805320782283e-01,2.600000000000000000e+01
1.214805908523629228e+02,-1.409768804401339821e+02,1.000000000000000000e+00,1.220432442776608228e+00,1.288829281270160720e-01,1.200000000000000000e+01
1.214805908523629228e+02,-1.399768804401339821e+02,1.000000000000000000e+00,3.918317509988585856e-01,9.726346863862612713e-01,2.300000000000000000e+01
1.224805908523629228e+02,-1.399768804401339821e+02,1.000000000000000000e+00,3.293978255469817151e-01,1.036709214926241795e+00,1.400000000000000000e+01
1.214805908523629228e+02,-1.289768804401339821e+02,2.000000000000000000e+00,7.492483535089684843e-02,2.082480257589844341e-02,1.300000000000000000e+01
1.214805908523629228e+02,-1.269768804401339821e+02,2.000000000000000000e+00,7.141237863193428126e-02,1.758378375885505385e-02,1.600000000000000000e+01
1.214805908523629228e+02,-1.249768804401339821e+02,2.000000000000000000e+00,7.398896762318907250e-02,2.220465256914105900e-03,1.000000000000000000e+01
1.214805908523629228e+02,-1.229768804401339821e+02,2.000000000000000000e+00,7.565722431044843987e-02,4.974319017663098030e-03,1.300000000000000000e+01
1.214805908523629228e+02,-1.069768804401339821e+02,2.000000000000000000e+00,9.432157716436684325e-02,8.028156402423713978e-03,1.600000000000000000e+01
1.214805908523629228e+02,-1.049768804401339821e+02,2.000000000000000000e+00,9.593732467349402881e-02,2.751957348763475752e-03,2.000000000000000000e+01
1.214805908523629228e+02,-1.029768804401339821e+02,2.000000000000000000e+00,9.810109761434197828e-02,3.846812085005965609e-03,2.500000000000000000e+01
1.214805908523629228e+02,-1.009768804401339821e+02,2.000000000000000000e+00,9.585043252458583241e-02,5.852663848788949852e-03,3.400000000000000000e+01
1.214805908523629228e+02,-9.847688044013398212e+01,5.000000000000000000e-01,1.256720473270007687e+00,3.311174672588800050e+00,4.100000000000000000e+01
1.214805908523629228e+02,-9.797688044013398212e+01,5.000000000000000000e-01,1.034777092314493885e-01,4.431910336616275536e+00,1.100000000000000000e+01
1.224805908523629228e+02,-9.797688044013398212e+01,1.000000000000000000e+00,8.836287438259242399e-02,8.965066426590784232e-03,5.000000000000000000e+00
1.214805908523629228e+02,-9.697688044013398212e+01,2.000000000000000000e+00,8.893850427244745505e-02,1.699611322266027236e-02,3.200000000000000000e+01
1.214805908523629228e+02,-9.497688044013398212e+01,2.000000000000000000e+00,9.390034519098344745e-02,1.416565048581544528e-02,3.400000000000000000e+01
1.214805908523629228e+02,-9.297688044013398212e+01,2.000000000000000000e+00,9.112832372819612559e-02,1.918119354930292175e-02,2.100000000000000000e+01
1.214805908523629228e+02,-9.097688044013398212e+01,1.000000000000000000e+00,2.184828558556052569e-01,1.112119558555214383e+00,2.000000000000000000e+01
1.224805908523629228e+02,-9.097688044013398212e+01,1.000000000000000000e+00,4.620719169299440376e-01,9.306076379167445012e-01,3.500000000000000000e+01
1.224805908523629228e+02,-8.997688044013398212e+01,1.000000000000000000e+00,8.386324777883883641e+00,1.211560281473769152e+00,1.000000000000000000e+01
1.214805908523629228e+02,-8.747688044013398212e+01,5.000000000000000000e-01,6.637384912405766002e+00,3.458778685048482515e+00,1.300000000000000000e+01
1.219805908523629228e+02,-8.797688044013398212e+01,5.000000000000000000e-01,6.865641657359945249e+00,3.481174927383020368e+00,8.000000000000000000e+00
1.224805908523629228e+02,-8.897688044013398212e+01,5.000000000000000000e-01,7.174494725669104511e+00,2.231306042225702058e+00,7.000000000000000000e+00
1.224805908523629228e+02,-8.847688044013398212e+01,5.000000000000000000e-01,6.945351478198888984e+00,2.108497305144295453e+00,7.000000000000000000e+00
1.229805908523629228e+02,-8.897688044013398212e+01,5.000000000000000000e-01,7.198363889513971436e+00,9.172566751363886439e-01,8.000000000000000000e+00
1.229805908523629228e+02,-8.847688044013398212e+01,5.000000000000000000e-01,6.888992479158449811e+00,2.064388369711430471e+00,9.000000000000000000e+00
1.224805908523629228e+02,-8.797688044013398212e+01,5.000000000000000000e-01,6.608206415806540335e+00,2.118824730265190581e+00,1.500000000000000000e+01
1.229805908523629228e+02,-8.797688044013398212e+01,5.000000000000000000e-01,6.525460895935630390e+00,5.223949946954764556e-01,9.000000000000000000e+00
1.229805908523629228e+02,-8.747688044013398212e+01,5.000000000000000000e-01,6.428811859531985640e+00,2.049744989052888933e+00,1.200000000000000000e+01
1.214805908523629228e+02,-8.697688044013398212e+01,5.000000000000000000e-01,6.521766113410735421e+00,3.215535963265295116e+00,1.100000000000000000e+01
1.214805908523629228e+02,-8.647688044013398212e+01,5.000000000000000000e-01,6.658492196924209239e+00,2.295970845584323072e+00,7.000000000000000000e+00
1.219805908523629228e+02,-8.697688044013398212e+01,5.000000000000000000e-01,6.146647394137722209e+00,3.602692218807029612e+00,1.300000000000000000e+01
1.219805908523629228e+02,-8.647688044013398212e+01,5.000000000000000000e-01,6.113655130198768717e+00,3.759482952320725602e+00,2.000000000000000000e+01
1.224805908523629228e+02,-8.697688044013398212e+01,5.000000000000000000e-01,6.203335158671705152e+00,1.814385190695648298e+00,1.000000000000000000e+01
1.229805908523629228e+02,-8.697688044013398212e+01,5.000000000000000000e-01,6.271744975085437268e+00,1.682599263358816266e+00,7.000000000000000000e+00
1.229805908523629228e+02,-8.647688044013398212e+01,5.000000000000000000e-01,7.586249216843154564e+00,3.070248920069715837e-01,7.000000000000000000e+00
1.224805908523629228e+02,-8.597688044013398212e+01,1.000000000000000000e+00,5.687228702008924941e+00,1.393027240553601054e+00,9.000000000000000000e+00
1.214805908523629228e+02,-8.497688044013398212e+01,1.000000000000000000e+00,5.616490832296155311e+00,1.380350681308542882e+00,2.900000000000000000e+01
1.214805908523629228e+02,-8.397688044013398212e+01,5.000000000000000000e-01,6.001361782680521451e+00,1.007470344851588706e-01,5.000000000000000000e+00
1.214805908523629228e+02,-8.347688044013398212e+01,5.000000000000000000e-01,6.510773598535174678e+00,2.897590230293242364e+00,9.000000000000000000e+00
1.219805908523629228e+02,-8.397688044013398212e+01,5.000000000000000000e-01,5.836132730239392608e+00,6.443934539420697050e-01,9.000000000000000000e+00
1.224805908523629228e+02,-8.497688044013398212e+01,1.000000000000000000e+00,5.629538047992677541e+00,5.665115949248855642e-01,8.000000000000000000e+00
1.224805908523629228e+02,-8.397688044013398212e+01,1.000000000000000000e+00,6.246278129578371363e+00,2.774428103519479549e-01,1.400000000000000000e+01
1.214805908523629228e+02,-8.297688044013398212e+01,5.000000000000000000e-01,6.677825843795504923e+00,2.290540479624445069e+00,1.200000000000000000e+01
1.214805908523629228e+02,-8.247688044013398212e+01,5.000000000000000000e-01,7.475480427417569018e+00,2.110592778289783311e+00,5.000000000000000000e+00
1.219805908523629228e+02,-8.297688044013398212e+01,5.000000000000000000e-01,6.635409425217931201e+00,1.492676862129593829e+00,6.000000000000000000e+00
1.219805908523629228e+02,-8.247688044013398212e+01,5.000000000000000000e-01,7.202719693259461486e+00,1.800872874803025603e+00,6.000000000000000000e+00
1.214805908523629228e+02,-8.197688044013398212e+01,5.000000000000000000e-01,7.606996976952271616e+00,2.136887144547610085e+00,5.000000000000000000e+00
1.219805908523629228e+02,-8.197688044013398212e+01,5.000000000000000000e-01,7.363957562692155179e+00,1.990634934211994889e+00,9.000000000000000000e+00
1.224805908523629228e+02,-8.297688044013398212e+01,1.000000000000000000e+00,6.623777443232936157e+00,1.061664437537436001e+00,1.400000000000000000e+01
1.224805908523629228e+02,-8.197688044013398212e+01,1.000000000000000000e+00,6.521409199375508337e+00,1.233641923797353712e+00,1.700000000000000000e+01
1.219805908523629228e+02,-8.097688044013398212e+01,5.000000000000000000e-01,7.111635544360297878e+00,2.772025237218460170e+00,7.000000000000000000e+00
1.219805908523629228e+02,-8.047688044013398212e+01,5.000000000000000000e-01,7.108955437110689779e+00,2.219303059583936921e+00,9.000000000000000000e+00
1.224805908523629228e+02,-8.097688044013398212e+01,5.000000000000000000e-01,6.765573398434935548e+00,2.220705801475539864e+00,1.400000000000000000e+01
1.224805908523629228e+02,-8.047688044013398212e+01,5.000000000000000000e-01,6.831530818460033849e+00,1.081594338373084163e+00,8.000000000000000000e+00
1.229805908523629228e+02,-8.097688044013398212e+01,5.000000000000000000e-01,6.653412381655298802e+00,1.511016781556282496e-01,7.000000000000000000e+00
1.229805908523629228e+02,-8.047688044013398212e+01,5.000000000000000000e-01,6.780869147567414323e+00,7.705170982936673241e-01,6.000000000000000000e+00
1.224805908523629228e+02,-7.997688044013398212e+01,1.000000000000000000e+00,7.725024552333850103e+00,5.162233728908889319e-01,1.200000000000000000e+01
1.224805908523629228e+02,-5.797688044013398212e+01,1.000000000000000000e+00,7.108456005106006614e+00,7.983567818589785148e-01,1.200000000000000000e+01
1.219805908523629228e+02,-5.647688044013398212e+01,5.000000000000000000e-01,6.447460510724999594e+00,2.409763883979859855e+00,1.200000000000000000e+01
1.214805908523629228e+02,-5.597688044013398212e+01,5.000000000000000000e-01,6.956714527924008351e+00,1.667901173172586127e+00,5.000000000000000000e+00
1.214805908523629228e+02,-5.547688044013398212e+01,5.000000000000000000e-01,6.558146258637126635e+00,4.980931927286258443e-01,7.000000000000000000e+00
1.219805908523629228e+02,-5.597688044013398212e+01,5.000000000000000000e-01,6.823982890815244673e+00,1.805247786524903475e+00,1.900000000000000000e+01
1.219805908523629228e+02,-5.547688044013398212e+01,5.000000000000000000e-01,6.443784031208947383e+00,1.684527849597676763e+00,2.400000000000000000e+01
1.224805908523629228e+02,-5.697688044013398212e+01,5.000000000000000000e-01,6.693604390107580571e+00,2.434159861062189734e+00,8.000000000000000000e+00
1.224805908523629228e+02,-5.647688044013398212e+01,5.000000000000000000e-01,6.420399099738179238e+00,2.433534578622736255e+00,1.100000000000000000e+01
1.229805908523629228e+02,-5.697688044013398212e+01,5.000000000000000000e-01,6.563791141616793112e+00,1.474073173649726343e+00,8.000000000000000000e+00
1.229805908523629228e+02,-5.647688044013398212e+01,5.000000000000000000e-01,7.250689873254557938e+00,1.467389147732477639e+00,5.000000000000000000e+00
1.224805908523629228e+02,-5.597688044013398212e+01,5.000000000000000000e-01,7.516883417687538760e+00,8.594568005448026682e-01,2.000000000000000000e+01
1.224805908523629228e+02,-5.547688044013398212e+01,5.000000000000000000e-01,5.780332839313830462e+00,4.045833533827503103e+00,7.000000000000000000e+00
1.229805908523629228e+02,-5.597688044013398212e+01,5.000000000000000000e-01,6.220550790862013457e+00,1.992035475122705179e+00,8.000000000000000000e+00
1.214805908523629228e+02,-5.497688044013398212e+01,5.000000000000000000e-01,6.033485931221089338e+00,2.718940473254082058e+00,3.100000000000000000e+01
1.214805908523629228e+02,-5.447688044013398212e+01,5.000000000000000000e-01,5.146744371263124229e+00,3.314610327077565977e+00,1.800000000000000000e+01
1.219805908523629228e+02,-5.497688044013398212e+01,5.000000000000000000e-01,5.533172656602383555e+00,3.873344123522379334e+00,2.400000000000000000e+01
1.219805908523629228e+02,-5.447688044013398212e+01,5.000000000000000000e-01,5.135489121197422513e+00,5.036449435867283775e+00,1.500000000000000000e+01
1.214805908523629228e+02,-5.397688044013398212e+01,5.000000000000000000e-01,5.886094331468488150e+00,1.746059646298610879e+00,1.700000000000000000e+01
1.214805908523629228e+02,-5.347688044013398212e+01,5.000000000000000000e-01,6.038615719330244325e+00,6.737044034541801452e-01,9.000000000000000000e+00
1.224805908523629228e+02,-5.497688044013398212e+01,5.000000000000000000e-01,5.583825456506640528e+00,4.071083098235969366e+00,6.000000000000000000e+00
1.229805908523629228e+02,-5.497688044013398212e+01,5.000000000000000000e-01,5.829212185750774822e+00,4.027696449305411264e+00,9.000000000000000000e+00
1.229805908523629228e+02,-5.447688044013398212e+01,5.000000000000000000e-01,5.572968714395001300e+00,3.835864529989803984e+00,6.000000000000000000e+00
1.214805908523629228e+02,-5.297688044013398212e+01,1.000000000000000000e+00,5.705152115259506829e+00,8.030788233980814539e-01,1.600000000000000000e+01
1.224805908523629228e+02,-5.197688044013398212e+01,1.000000000000000000e+00,4.370644036328879878e+00,1.395404239065474172e-01,1.100000000000000000e+01
1.214805908523629228e+02,-5.097688044013398212e+01,1.000000000000000000e+00,4.298156818328504158e+00,2.047935280487482856e-01,1.400000000000000000e+01
1.224805908523629228e+02,-3.797688044013398212e+01,1.000000000000000000e+00,1.163425543595217881e-01,1.046198161631896273e+00,1.100000000000000000e+01
1.234805908523629228e+02,-1.529768804401339821e+02,2.000000000000000000e+00,2.181318788630173255e+00,1.583734637893163821e-02,8.000000000000000000e+00
1.234805908523629228e+02,-1.509768804401339821e+02,1.000000000000000000e+00,2.193214508045010724e+00,1.659097793844033220e-02,7.000000000000000000e+00
1.234805908523629228e+02,-1.499768804401339821e+02,1.000000000000000000e+00,2.185974190676032602e+00,2.050262964077509409e-02,7.000000000000000000e+00
1.244805908523629228e+02,-1.499768804401339821e+02,1.000000000000000000e+00,3.276060214501407497e+00,2.857676658958041571e-02,9.000000000000000000e+00
1.234805908523629228e+02,-1.489768804401339821e+02,1.000000000000000000e+00,2.199324161187424131e+00,1.416262192371986472e-02,6.000000000000000000e+00
1.234805908523629228e+02,-1.479768804401339821e+02,1.000000000000000000e+00,2.197214948406586377e+00,2.427790285909425805e-02,9.000000000000000000e+00
1.234805908523629228e+02,-1.469768804401339821e+02,1.000000000000000000e+00,2.206315847416627118e+00,1.022825587593878538e-02,7.000000000000000000e+00
1.234805908523629228e+02,-1.459768804401339821e+02,1.000000000000000000e+00,2.206476043358469141e+00,2.175636338546249604e-02,9.000000000000000000e+00
1.244805908523629228e+02,-1.469768804401339821e+02,1.000000000000000000e+00,3.256681816361570281e+00,5.537663629449340874e-02,9.000000000000000000e+00
1.244805908523629228e+02,-1.459768804401339821e+02,1.000000000000000000e+00,3.223192879361340690e+00,5.131691927366910377e-02,1.100000000000000000e+01
1.234805908523629228e+02,-1.449768804401339821e+02,1.000000000000000000e+00,2.212394872090210463e+00,2.116930391300009262e-02,7.000000000000000000e+00
1.234805908523629228e+02,-1.439768804401339821e+02,1.000000000000000000e+00,2.205117432482253115e+00,2.957363704416726691e-02,8.000000000000000000e+00
1.244805908523629228e+02,-1.449768804401339821e+02,1.000000000000000000e+00,3.225241928719183804e+00,6.882684460273758020e-02,9.000000000000000000e+00
1.244805908523629228e+02,-1.439768804401339821e+02,1.000000000000000000e+00,3.209148839195640868e+00,7.503511683846264546e-02,1.300000000000000000e+01
1.234805908523629228e+02,-1.429768804401339821e+02,1.000000000000000000e+00,2.203842754770207968e+00,3.776121729841541708e-02,1.100000000000000000e+01
1.234805908523629228e+02,-1.419768804401339821e+02,1.000000000000000000e+00,2.216177544013989031e+00,2.636708019852029850e-02,1.300000000000000000e+01
1.244805908523629228e+02,-1.429768804401339821e+02,1.000000000000000000e+00,3.200780978945748867e+00,9.318233516237350855e-02,9.000000000000000000e+00
1.244805908523629228e+02,-1.419768804401339821e+02,1.000000000000000000e+00,3.192629452298287873e+00,1.115362556496384272e-01,1.100000000000000000e+01
1.234805908523629228e+02,-1.409768804401339821e+02,1.000000000000000000e+00,2.206410546014994090e+00,3.851061123194199354e-02,1.100000000000000000e+01
1.234805908523629228e+02,-1.399768804401339821e+02,5.000000000000000000e-01,3.948718391560391838e-01,1.836769900430624158e+00,1.900000000000000000e+01
1.239805908523629228e+02,-1.399768804401339821e+02,5.000000000000000000e-01,5.376351150760994013e-01,1.693618640597710945e+00,1.200000000000000000e+01
1.244805908523629228e+02,-1.409768804401339821e+02,1.000000000000000000e+00,3.178299480688528078e+00,1.324630453577411160e-01,1.500000000000000000e+01
1.244805908523629228e+02,-1.399768804401339821e+02,5.000000000000000000e-01,2.518204313254126525e-01,1.981975115338215687e+00,1.600000000000000000e+01
1.249805908523629228e+02,-1.399768804401339821e+02,5.000000000000000000e-01,1.280377716966564661e+00,1.939878975348242163e+00,1.800000000000000000e+01
1.234805908523629228e+02,-1.269768804401339821e+02,2.000000000000000000e+00,7.240801843784164249e-02,4.966971719400498086e-04,5.000000000000000000e+00
1.234805908523629228e+02,-1.249768804401339821e+02,2.000000000000000000e+00,6.306680663609584570e-02,1.109759366751268683e-02,2.200000000000000000e+01
1.234805908523629228e+02,-1.229768804401339821e+02,2.000000000000000000e+00,5.246864874172256499e-02,2.386861608951540425e-02,1.500000000000000000e+01
1.234805908523629228e+02,-1.209768804401339821e+02,2.000000000000000000e+00,5.360648178082838555e-02,8.442021707703958877e-03,7.000000000000000000e+00
1.234805908523629228e+02,-9.897688044013398212e+01,2.000000000000000000e+00,2.122476643687754572e-01,3.681215225772104804e-01,2.500000000000000000e+01
1.234805908523629228e+02,-9.497688044013398212e+01,2.000000000000000000e+00,7.881134978453330220e-02,5.853299370648462618e-03,1.400000000000000000e+01
1.234805908523629228e+02,-9.297688044013398212e+01,2.000000000000000000e+00,7.903062137049161884e-02,6.273492760810475688e-03,1.300000000000000000e+01
1.234805908523629228e+02,-9.097688044013398212e+01,1.000000000000000000e+00,5.459775993928155380e-01,8.948779240124760115e-01,1.600000000000000000e+01
1.234805908523629228e+02,-8.997688044013398212e+01,1.000000000000000000e+00,8.098390787297791604e+00,1.005668445493714813e+00,1.400000000000000000e+01
1.244805908523629228e+02,-9.097688044013398212e+01,1.000000000000000000e+00,4.597353245848578851e-01,9.315038680536318338e-01,1.600000000000000000e+01
1.244805908523629228e+02,-8.997688044013398212e+01,1.000000000000000000e+00,7.978696002677434507e+00,1.029403583606180561e+00,1.200000000000000000e+01
1.234805908523629228e+02,-8.897688044013398212e+01,5.000000000000000000e-01,7.272762099488776499e+00,1.719710164998595303e+00,6.000000000000000000e+00
1.234805908523629228e+02,-8.847688044013398212e+01,5.000000000000000000e-01,6.802193145623895987e+00,1.117717201864482313e+00,1.100000000000000000e+01
1.234805908523629228e+02,-8.797688044013398212e+01,1.000000000000000000e+00,5.994149462105932358e+00,4.925674174749303802e-01,2.100000000000000000e+01
1.244805908523629228e+02,-8.847688044013398212e+01,5.000000000000000000e-01,6.460621624831717646e+00,1.315628055448355482e+00,5.000000000000000000e+00
1.249805908523629228e+02,-8.897688044013398212e+01,5.000000000000000000e-01,5.773641170129608646e+00,2.278631732871175153e+00,6.000000000000000000e+00
1.249805908523629228e+02,-8.847688044013398212e+01,5.000000000000000000e-01,5.586004169204622727e+00,2.017857630548484771e+00,6.000000000000000000e+00
1.244805908523629228e+02,-8.797688044013398212e+01,1.000000000000000000e+00,5.511645796811349030e+00,1.047124942437759998e+00,1.300000000000000000e+01
1.234805908523629228e+02,-8.697688044013398212e+01,2.000000000000000000e+00,5.603684797246199167e+00,5.116951711395945068e-01,6.100000000000000000e+01
1.234805908523629228e+02,-8.397688044013398212e+01,1.000000000000000000e+00,1.192942488614063823e+00,5.723644820309341519e-01,1.200000000000000000e+01
1.244805908523629228e+02,-8.447688044013398212e+01,5.000000000000000000e-01,1.702747518373032953e+00,4.200274576660958381e+00,3.800000000000000000e+01
1.249805908523629228e+02,-8.447688044013398212e+01,5.000000000000000000e-01,2.974372277262439468e+00,2.462708772580699979e+00,5.000000000000000000e+00
1.244805908523629228e+02,-8.397688044013398212e+01,5.000000000000000000e-01,2.958026265914603048e+00,3.135119965947704035e+00,8.300000000000000000e+01
1.244805908523629228e+02,-8.347688044013398212e+01,5.000000000000000000e-01,1.663427691082927318e+00,4.427055882825678523e+00,1.300000000000000000e+01
1.234805908523629228e+02,-8.297688044013398212e+01,1.000000000000000000e+00,6.193223702650858087e+00,2.223778568253189647e-01,9.000000000000000000e+00
1.234805908523629228e+02,-8.197688044013398212e+01,1.000000000000000000e+00,6.246391671466243523e+00,7.901957852322611942e-01,3.200000000000000000e+01
1.244805908523629228e+02,-8.297688044013398212e+01,1.000000000000000000e+00,6.190068804111584555e+00,3.557548297496637701e-01,8.000000000000000000e+00
1.234805908523629228e+02,-8.097688044013398212e+01,5.000000000000000000e-01,6.560019933753394206e+00,2.427019354676269280e+00,5.000000000000000000e+00
1.239805908523629228e+02,-8.047688044013398212e+01,5.000000000000000000e-01,7.185252831296525144e+00,1.151004998665930756e+00,7.000000000000000000e+00
1.234805908523629228e+02,-7.997688044013398212e+01,5.000000000000000000e-01,7.289324643986580199e+00,3.887979649459607501e-01,5.000000000000000000e+00
1.239805908523629228e+02,-7.997688044013398212e+01,5.000000000000000000e-01,7.510950583910261713e+00,1.961646901672207122e+00,9.000000000000000000e+00
1.244805908523629228e+02,-8.097688044013398212e+01,1.000000000000000000e+00,7.009112035155872888e+00,1.287021924537187445e+00,5.000000000000000000e+00
1.244805908523629228e+02,-7.997688044013398212e+01,5.000000000000000000e-01,7.316637553412969730e+00,1.889453569227581120e+00,5.000000000000000000e+00
1.234805908523629228e+02,-7.897688044013398212e+01,1.000000000000000000e+00,8.016491972825487977e+00,4.140297323857442535e-01,8.000000000000000000e+00
1.234805908523629228e+02,-5.797688044013398212e+01,1.000000000000000000e+00,8.264168814736432722e+00,8.620043263252981092e-01,9.000000000000000000e+00
1.234805908523629228e+02,-5.697688044013398212e+01,5.000000000000000000e-01,7.595134763758541574e+00,1.384696929669707366e+00,8.000000000000000000e+00
1.239805908523629228e+02,-5.697688044013398212e+01,5.000000000000000000e-01,8.050862443889519326e+00,5.301192220432628943e-01,6.000000000000000000e+00
1.239805908523629228e+02,-5.647688044013398212e+01,5.000000000000000000e-01,6.376199999778768834e+00,1.902179905607138899e+00,5.000000000000000000e+00
1.234805908523629228e+02,-5.597688044013398212e+01,5.000000000000000000e-01,6.450144895802545797e+00,2.250075092278922106e+00,1.000000000000000000e+01
1.234805908523629228e+02,-5.547688044013398212e+01,5.000000000000000000e-01,5.922038063698527921e+00,1.740093008919337159e+00,6.000000000000000000e+00
1.244805908523629228e+02,-5.697688044013398212e+01,1.000000000000000000e+00,8.050590276287394431e+00,1.242689724273818186e+00,1.300000000000000000e+01
1.244805908523629228e+02,-5.547688044013398212e+01,5.000000000000000000e-01,5.837802672154713157e+00,2.460282765571267127e+00,6.000000000000000000e+00
1.249805908523629228e+02,-5.547688044013398212e+01,5.000000000000000000e-01,5.666795913402787654e+00,2.682222739786113586e+00,1.000000000000000000e+01
1.234805908523629228e+02,-5.497688044013398212e+01,5.000000000000000000e-01,5.807500096841989645e+00,1.668595957234285443e+00,8.000000000000000000e+00
1.234805908523629228e+02,-5.447688044013398212e+01,5.000000000000000000e-01,5.300850493546085396e+00,3.835011285057361441e+00,5.000000000000000000e+00
1.239805908523629228e+02,-5.447688044013398212e+01,5.000000000000000000e-01,5.213941581806725623e+00,2.470847434446145741e+00,7.000000000000000000e+00
1.249805908523629228e+02,-5.497688044013398212e+01,5.000000000000000000e-01,5.527493524194918351e+00,2.761574585281072913e+00,6.000000000000000000e+00
1.244805908523629228e+02,-5.397688044013398212e+01,1.000000000000000000e+00,4.758829808434268394e+00,1.787176210954619648e-01,7.000000000000000000e+00
1.239805908523629228e+02,-5.247688044013398212e+01,5.000000000000000000e-01,1.386297894298902156e+00,2.914302212058212049e+00,2.200000000000000000e+01
1.234805908523629228e+02,-5.197688044013398212e+01,5.000000000000000000e-01,2.967214623518779959e+00,1.565535536762267199e+00,6.000000000000000000e+00
1.239805908523629228e+02,-5.197688044013398212e+01,5.000000000000000000e-01,2.965674594628605831e+00,1.208622130930240068e+00,1.100000000000000000e+01
1.254805908523629228e+02,-1.449768804401339821e+02,2.000000000000000000e+00,4.275188855058503101e+00,1.015044639202615784e-01,6.000000000000000000e+00
1.254805908523629228e+02,-1.429768804401339821e+02,2.000000000000000000e+00,4.218795857339796562e+00,1.942525214022197133e-01,2.000000000000000000e+01
1.254805908523629228e+02,-1.399768804401339821e+02,5.000000000000000000e-01,1.137146522745004606e+00,2.129761136040381864e+00,1.600000000000000000e+01
1.259805908523629228e+02,-1.399768804401339821e+02,5.000000000000000000e-01,1.239133198095183408e+00,2.050155544865138069e+00,1.500000000000000000e+01
1.264805908523629228e+02,-1.409768804401339821e+02,1.000000000000000000e+00,4.191732531410287343e+00,1.983989150568490345e-01,1.100000000000000000e+01
1.264805908523629228e+02,-1.399768804401339821e+02,5.000000000000000000e-01,1.606815180802938281e+00,2.583391912475637930e+00,8.000000000000000000e+00
1.269805908523629228e+02,-1.399768804401339821e+02,5.000000000000000000e-01,1.253294038561086010e+00,3.151791238393206740e+00,1.600000000000000000e+01
1.254805908523629228e+02,-1.229768804401339821e+02,2.000000000000000000e+00,5.262062390805555268e-02,3.432134643879258817e-04,5.000000000000000000e+00
1.254805908523629228e+02,-1.209768804401339821e+02,2.000000000000000000e+00,5.344650971843147719e-02,9.555459467366564374e-04,1.500000000000000000e+01
1.254805908523629228e+02,-1.189768804401339821e+02,2.000000000000000000e+00,5.472922529063452973e-02,1.071249454284516067e-03,2.400000000000000000e+01
1.254805908523629228e+02,-1.169768804401339821e+02,2.000000000000000000e+00,5.626356737030233784e-02,1.108665889920777692e-03,2.500000000000000000e+01
1.254805908523629228e+02,-1.149768804401339821e+02,2.000000000000000000e+00,5.794960142436291622e-02,9.211564212788167505e-04,1.700000000000000000e+01
1.254805908523629228e+02,-1.129768804401339821e+02,2.000000000000000000e+00,5.942227328376370465e-02,7.230602842046573997e-04,6.000000000000000000e+00
1.254805908523629228e+02,-1.089768804401339821e+02,2.000000000000000000e+00,6.217246829123990182e-02,5.909594254515093681e-04,6.000000000000000000e+00
1.264805908523629228e+02,-9.897688044013398212e+01,1.000000000000000000e+00,8.376491414442589767e-02,6.247381649847766338e-01,1.200000000000000000e+01
1.264805908523629228e+02,-9.797688044013398212e+01,1.000000000000000000e+00,3.254403300108523744e-01,4.697457874302903846e-01,1.400000000000000000e+01
1.254805908523629228e+02,-9.097688044013398212e+01,1.000000000000000000e+00,3.338621207067378194e-01,9.759132198193420926e-01,1.100000000000000000e+01
1.264805908523629228e+02,-9.097688044013398212e+01,1.000000000000000000e+00,2.208799988714237605e-01,1.259017169024828853e+00,2.400000000000000000e+01
1.259805908523629228e+02,-8.897688044013398212e+01,5.000000000000000000e-01,7.299923905154761528e+00,4.470140765980366027e-01,5.000000000000000000e+00
1.254805908523629228e+02,-8.797688044013398212e+01,1.000000000000000000e+00,5.424754229072192402e+00,8.644261872795571122e-01,2.500000000000000000e+01
1.264805908523629228e+02,-8.897688044013398212e+01,1.000000000000000000e+00,7.109392625205670946e+00,6.151355656166250796e-01,6.000000000000000000e+00
1.254805908523629228e+02,-8.697688044013398212e+01,2.000000000000000000e+00,5.311093043603949404e+00,4.844125220427040190e-01,3.700000000000000000e+01
1.254805908523629228e+02,-8.497688044013398212e+01,2.000000000000000000e+00,5.451304209077907359e+00,1.281499455595387360e-01,1.200000000000000000e+01
1.254805908523629228e+02,-8.297688044013398212e+01,2.000000000000000000e+00,5.906800618851428375e+00,5.501268558430121303e-01,2.700000000000000000e+01
1.254805908523629228e+02,-7.997688044013398212e+01,1.000000000000000000e+00,7.116561142824014752e+00,1.145875759487829271e+00,8.000000000000000000e+00
1.264805908523629228e+02,-8.097688044013398212e+01,1.000000000000000000e+00,6.173017225456407964e+00,3.732220285069161037e-01,1.200000000000000000e+01
1.254805908523629228e+02,-7.897688044013398212e+01,1.000000000000000000e+00,7.285983118600853459e+00,1.064079672407730826e+00,1.000000000000000000e+01
1.254805908523629228e+02,-5.597688044013398212e+01,5.000000000000000000e-01,6.146011184968843466e+00,2.558644185313305286e+00,5.000000000000000000e+00
1.254805908523629228e+02,-5.547688044013398212e+01,5.000000000000000000e-01,6.123460598347829631e+00,2.267420315309594869e+00,5.000000000000000000e+00
1.274805908523629228e+02,-1.449768804401339821e+02,2.000000000000000000e+00,5.361821840927740723e+00,3.827033082762021365e-02,9.000000000000000000e+00
1.274805908523629228e+02,-1.429768804401339821e+02,2.000000000000000000e+00,5.304933738638692553e+00,1.993867457278266642e-01,1.700000000000000000e+01
1.274805908523629228e+02,-1.399768804401339821e+02,5.000000000000000000e-01,2.544551353275465999e-01,4.052582994230781388e+00,2.100000000000000000e+01
1.279805908523629228e+02,-1.399768804401339821e+02,5.000000000000000000e-01,1.190587771100739767e+00,4.019756246031549018e+00,1.600000000000000000e+01
1.284805908523629228e+02,-1.409768804401339821e+02,1.000000000000000000e+00,5.298065256077586049e+00,2.573409709344574026e-01,9.000000000000000000e+00
1.284805908523629228e+02,-1.399768804401339821e+02,5.000000000000000000e-01,1.797120026804312154e+00,3.630624132729135312e+00,1.900000000000000000e+01
1.289805908523629228e+02,-1.399768804401339821e+02,5.000000000000000000e-01,1.177133410209355135e+00,4.110203911544219935e+00,3.000000000000000000e+01
1.274805908523629228e+02,-1.169768804401339821e+02,2.000000000000000000e+00,5.679589515402216904e-02,4.521316192422908387e-04,1.200000000000000000e+01
1.274805908523629228e+02,-1.149768804401339821e+02,2.000000000000000000e+00,5.785680017675538800e-02,1.000817277612850442e-03,1.800000000000000000e+01
1.274805908523629228e+02,-1.129768804401339821e+02,2.000000000000000000e+00,5.945961920401954259e-02,9.581058145901252820e-04,2.400000000000000000e+01
1.274805908523629228e+02,-1.109768804401339821e+02,2.000000000000000000e+00,6.077184928572467587e-02,8.436614122566687968e-04,2.200000000000000000e+01
1.274805908523629228e+02,-1.089768804401339821e+02,2.000000000000000000e+00,6.233372567059784763e-02,1.173046188938570156e-03,2.000000000000000000e+01
1.274805908523629228e+02,-1.069768804401339821e+02,2.000000000000000000e+00,6.401608286160058447e-02,9.956201143798415476e-04,1.900000000000000000e+01
1.274805908523629228e+02,-1.049768804401339821e+02,2.000000000000000000e+00,6.554675038465554437e-02,8.786301950043789999e-04,1.500000000000000000e+01
1.274805908523629228e+02,-9.897688044013398212e+01,2.000000000000000000e+00,7.040974458544564663e-02,7.256228785992502317e-01,1.800000000000000000e+01
1.284805908523629228e+02,-9.297688044013398212e+01,1.000000000000000000e+00,1.234626722039451896e-01,8.225897874301468793e-01,1.500000000000000000e+01
1.274805908523629228e+02,-9.097688044013398212e+01,1.000000000000000000e+00,2.492534894143176305e-01,1.253780223480203793e+00,2.200000000000000000e+01
1.274805908523629228e+02,-8.297688044013398212e+01,2.000000000000000000e+00,6.336071562704079341e+00,4.883030473916853964e-01,1.300000000000000000e+01
1.294805908523629228e+02,-1.429768804401339821e+02,2.000000000000000000e+00,6.489281429057577988e+00,1.152802773894396893e-01,7.000000000000000000e+00
1.294805908523629228e+02,-1.399768804401339821e+02,5.000000000000000000e-01,1.985026165233538586e+00,3.498964834422278791e+00,1.000000000000000000e+01
1.299805908523629228e+02,-1.399768804401339821e+02,5.000000000000000000e-01,1.132975393073107240e+00,4.200071454457321884e+00,2.700000000000000000e+01
1.304805908523629228e+02,-1.399768804401339821e+02,5.000000000000000000e-01,1.993072313216381897e+00,4.539821301879118920e+00,2.000000000000000000e+01
1.309805908523629228e+02,-1.399768804401339821e+02,5.000000000000000000e-01,1.092621895988805658e-01,5.799398628430552982e+00,1.100000000000000000e+01
1.299805908523629228e+02,-1.089768804401339821e+02,5.000000000000000000e-01,3.897039527701745332e+00,6.064449938927727324e-01,5.000000000000000000e+00
1.294805908523629228e+02,-1.079768804401339821e+02,1.000000000000000000e+00,6.302957335343384315e-02,4.528129729672036863e-04,7.000000000000000000e+00
1.294805908523629228e+02,-1.069768804401339821e+02,2.000000000000000000e+00,6.386431027240613290e-02,1.115614331454906072e-03,1.600000000000000000e+01
1.294805908523629228e+02,-1.049768804401339821e+02,2.000000000000000000e+00,6.534077741088895053e-02,9.816752865956096530e-04,1.300000000000000000e+01
1.294805908523629228e+02,-1.029768804401339821e+02,2.000000000000000000e+00,6.675075375339219186e-02,1.177439596997537086e-03,2.300000000000000000e+01
1.294805908523629228e+02,-1.009768804401339821e+02,2.000000000000000000e+00,6.829613381696741925e-02,3.686395476925063974e-04,6.000000000000000000e+00
1.309805908523629228e+02,-9.897688044013398212e+01,5.000000000000000000e-01,4.450380523695930179e+00,3.077400905031622003e-01,6.000000000000000000e+00
1.309805908523629228e+02,-9.797688044013398212e+01,5.000000000000000000e-01,7.043200429627498316e-02,1.113103395717907063e-04,5.000000000000000000e+00
1.309805908523629228e+02,-9.747688044013398212e+01,5.000000000000000000e-01,7.076110157344066287e-02,4.640349233702470322e+00,9.000000000000000000e+00
1.294805908523629228e+02,-9.697688044013398212e+01,2.000000000000000000e+00,7.141017340895246257e-02,3.703933795147907881e-01,1.900000000000000000e+01
1.294805908523629228e+02,-9.497688044013398212e+01,2.000000000000000000e+00,7.298418622206925832e-02,6.584953945877047854e-04,1.700000000000000000e+01
1.294805908523629228e+02,-9.097688044013398212e+01,1.000000000000000000e+00,1.007071479453142127e+00,3.979098825245575011e-01,1.000000000000000000e+01
1.304805908523629228e+02,-9.097688044013398212e+01,1.000000000000000000e+00,4.720735094006643928e-01,9.739175116999515547e-01,2.500000000000000000e+01
1.294805908523629228e+02,-8.597688044013398212e+01,1.000000000000000000e+00,8.797473854022028750e-01,3.190308874656566651e-02,8.000000000000000000e+00
1.304805908523629228e+02,-8.597688044013398212e+01,1.000000000000000000e+00,1.367301272621209929e+00,9.471837833948120178e-01,1.800000000000000000e+01
1.294805908523629228e+02,-8.497688044013398212e+01,1.000000000000000000e+00,8.902895501615974982e-01,2.383812206942785838e-01,8.000000000000000000e+00
1.304805908523629228e+02,-8.497688044013398212e+01,1.000000000000000000e+00,1.283822902347666384e+00,9.934479907338442661e-01,1.900000000000000000e+01
1.304805908523629228e+02,-8.397688044013398212e+01,1.000000000000000000e+00,1.239924853476591426e+00,1.650546386224063244e-01,1.000000000000000000e+01
1.294805908523629228e+02,-8.297688044013398212e+01,2.000000000000000000e+00,1.013625029393034671e+00,4.048757479257241165e-01,2.900000000000000000e+01
1.294805908523629228e+02,-8.097688044013398212e+01,2.000000000000000000e+00,8.983846346128696592e-01,5.806518577649795176e-01,2.800000000000000000e+01
1.294805908523629228e+02,-7.897688044013398212e+01,2.000000000000000000e+00,1.044682422117768184e+00,3.812351187609619441e-01,3.400000000000000000e+01
1.294805908523629228e+02,-7.697688044013398212e+01,2.000000000000000000e+00,1.184707130676869280e+00,2.767426832623680610e-01,2.800000000000000000e+01
1.294805908523629228e+02,-7.497688044013398212e+01,2.000000000000000000e+00,1.208594015235925800e+00,3.241366349892138565e-01,3.000000000000000000e+01
1.294805908523629228e+02,-7.297688044013398212e+01,2.000000000000000000e+00,1.183218268319073507e+00,2.108572543312057235e-01,2.100000000000000000e+01
1.294805908523629228e+02,-7.097688044013398212e+01,2.000000000000000000e+00,1.261483343285587200e+00,2.432744763419010248e-01,3.300000000000000000e+01
1.294805908523629228e+02,-6.897688044013398212e+01,2.000000000000000000e+00,1.200460144865240109e+00,2.045207171888807629e-01,2.800000000000000000e+01
1.294805908523629228e+02,-6.697688044013398212e+01,2.000000000000000000e+00,1.225614784582248040e+00,2.076745410805980185e-01,3.700000000000000000e+01
1.294805908523629228e+02,-6.497688044013398212e+01,2.000000000000000000e+00,1.245279524263926962e+00,1.581981380730557163e-01,2.700000000000000000e+01
1.294805908523629228e+02,-6.297688044013398212e+01,2.000000000000000000e+00,1.183132301558604604e+00,2.218486935078549660e-01,3.500000000000000000e+01
1.294805908523629228e+02,-6.097688044013398212e+01,2.000000000000000000e+00,1.194369960939752007e+00,1.972014904694603388e-01,3.700000000000000000e+01
1.294805908523629228e+02,-5.897688044013398212e+01,2.000000000000000000e+00,1.170286488326599317e+00,1.832081671504106613e-01,2.900000000000000000e+01
1.294805908523629228e+02,-5.697688044013398212e+01,2.000000000000000000e+00,1.198030177142380026e+00,1.285395079325302170e-01,2.200000000000000000e+01
1.294805908523629228e+02,-5.497688044013398212e+01,2.000000000000000000e+00,1.166824785405162768e+00,1.406398244786668528e-01,2.800000000000000000e+01
1.294805908523629228e+02,-5.297688044013398212e+01,2.000000000000000000e+00,1.157880426292074327e+00,1.043598797141238599e-01,1.500000000000000000e+01
1.294805908523629228e+02,-5.097688044013398212e+01,2.000000000000000000e+00,1.136460329569264349e+00,8.664428118783895627e-02,1.700000000000000000e+01
1.294805908523629228e+02,-4.897688044013398212e+01,2.000000000000000000e+00,1.150609220181309400e+00,5.674305568904713937e-02,1.400000000000000000e+01
1.314805908523629228e+02,-1.409768804401339821e+02,1.000000000000000000e+00,7.606902556665625426e+00,1.517619546477106951e-01,1.000000000000000000e+01
1.314805908523629228e+02,-1.399768804401339821e+02,5.000000000000000000e-01,2.203302564674428421e+00,3.287107637524612880e+00,1.300000000000000000e+01
1.319805908523629228e+02,-1.399768804401339821e+02,5.000000000000000000e-01,5.000820905642078262e-01,4.892731516766366084e+00,7.000000000000000000e+00
1.314805908523629228e+02,-1.149768804401339821e+02,2.000000000000000000e+00,2.248767544804779028e+00,2.594827506243202464e-02,2.000000000000000000e+01
1.314805908523629228e+02,-1.129768804401339821e+02,1.000000000000000000e+00,2.056428420017771597e+00,2.178560400517191020e-01,2.000000000000000000e+01
1.314805908523629228e+02,-9.847688044013398212e+01,5.000000000000000000e-01,1.181852606584232523e+00,3.397832105249941392e+00,2.000000000000000000e+01
1.314805908523629228e+02,-9.797688044013398212e+01,1.000000000000000000e+00,3.796137588506857785e+00,6.636577480596579370e-01,6.000000000000000000e+00
1.314805908523629228e+02,-9.097688044013398212e+01,1.000000000000000000e+00,1.274280686600765211e+00,2.514371322793083063e-01,7.000000000000000000e+00
1.324805908523629228e+02,-9.097688044013398212e+01,1.000000000000000000e+00,1.197558808086634841e+00,2.074244538129768056e-01,1.300000000000000000e+01
1.344805908523629228e+02,-1.384768804401339821e+02,5.000000000000000000e-01,2.198876509587689210e+00,5.542968740768559499e+00,1.100000000000000000e+01
1.344805908523629228e+02,-1.379768804401339821e+02,5.000000000000000000e-01,2.202258090991440209e+00,6.607381539935426318e+00,2.500000000000000000e+01
1.344805908523629228e+02,-1.374768804401339821e+02,5.000000000000000000e-01,3.280222611551219192e+00,5.506452238754205197e+00,2.700000000000000000e+01
1.344805908523629228e+02,-1.369768804401339821e+02,5.000000000000000000e-01,1.108315122153665566e+00,6.622713185156626992e+00,2.000000000000000000e+01
1.344805908523629228e+02,-1.364768804401339821e+02,5.000000000000000000e-01,1.760559300493731882e+00,7.018144572049623164e+00,2.900000000000000000e+01
1.344805908523629228e+02,-1.359768804401339821e+02,5.000000000000000000e-01,2.197437835354014268e+00,6.451569876207303267e+00,3.800000000000000000e+01
1.344805908523629228e+02,-1.354768804401339821e+02,5.000000000000000000e-01,2.199538866685174288e+00,6.479262906040546000e+00,2.900000000000000000e+01
1.344805908523629228e+02,-1.349768804401339821e+02,5.000000000000000000e-01,2.197991899806027050e+00,6.524956624600477539e+00,3.200000000000000000e+01
1.344805908523629228e+02,-1.344768804401339821e+02,5.000000000000000000e-01,2.832910953340030957e+00,5.777049280920675045e+00,3.900000000000000000e+01
1.344805908523629228e+02,-1.339768804401339821e+02,5.000000000000000000e-01,1.164185404651209454e+00,7.396242465029829738e+00,4.400000000000000000e+01
1.344805908523629228e+02,-1.334768804401339821e+02,5.000000000000000000e-01,3.040718247020356646e+00,5.646754768223237519e+00,3.000000000000000000e+01
1.344805908523629228e+02,-1.329768804401339821e+02,5.000000000000000000e-01,1.157218117422658343e+00,7.398148566359296296e+00,3.800000000000000000e+01
1.344805908523629228e+02,-1.324768804401339821e+02,5.000000000000000000e-01,1.179637201135285585e+00,8.116097029054918366e+00,4.600000000000000000e+01
1.344805908523629228e+02,-1.319768804401339821e+02,5.000000000000000000e-01,1.382732291727704510e+00,7.125958425231475601e+00,2.700000000000000000e+01
1.344805908523629228e+02,-1.314768804401339821e+02,5.000000000000000000e-01,2.195578694879522175e+00,6.604215213528227935e+00,4.700000000000000000e+01
1.344805908523629228e+02,-1.309768804401339821e+02,5.000000000000000000e-01,1.202029041879717708e+00,7.358431940070601307e+00,6.400000000000000000e+01
1.344805908523629228e+02,-1.304768804401339821e+02,5.000000000000000000e-01,1.801482727571801501e+00,6.641231502294635547e+00,5.400000000000000000e+01
1.344805908523629228e+02,-1.299768804401339821e+02,1.000000000000000000e+00,8.579877945489897684e+00,2.233308181506696855e-01,6.000000000000000000e+00
1.344805908523629228e+02,-1.274768804401339821e+02,5.000000000000000000e-01,2.230826134381918457e+00,7.980588532895656506e+00,6.000000000000000000e+01
1.344805908523629228e+02,-1.269768804401339821e+02,5.000000000000000000e-01,1.432231508834467482e+00,8.696622852215323718e+00,6.700000000000000000e+01
1.344805908523629228e+02,-1.264768804401339821e+02,5.000000000000000000e-01,2.227824341526150498e+00,7.450240042331967238e+00,4.700000000000000000e+01
1.344805908523629228e+02,-1.259768804401339821e+02,5.000000000000000000e-01,2.236872473403159312e+00,8.028676687854424898e+00,8.600000000000000000e+01
1.344805908523629228e+02,-1.254768804401339821e+02,5.000000000000000000e-01,3.193828821444176569e+00,7.258823145615139083e+00,7.800000000000000000e+01
1.344805908523629228e+02,-1.249768804401339821e+02,5.000000000000000000e-01,3.229563263479271473e+00,7.117180417445826635e+00,7.600000000000000000e+01
1.344805908523629228e+02,-1.244768804401339821e+02,5.000000000000000000e-01,2.224647739010423564e+00,8.023009277685522633e+00,7.200000000000000000e+01
1.344805908523629228e+02,-1.239768804401339821e+02,5.000000000000000000e-01,3.195828922522911508e+00,7.119480123673797678e+00,7.200000000000000000e+01
1.344805908523629228e+02,-1.234768804401339821e+02,5.000000000000000000e-01,2.232901248656538051e+00,8.015205934022045398e+00,7.000000000000000000e+01
1.344805908523629228e+02,-1.229768804401339821e+02,5.000000000000000000e-01,3.281988963405900073e+00,7.146410445810315260e+00,9.800000000000000000e+01
1.344805908523629228e+02,-1.224768804401339821e+02,5.000000000000000000e-01,2.227407840203871725e+00,7.691759646528156580e+00,7.600000000000000000e+01
1.344805908523629228e+02,-1.219768804401339821e+02,5.000000000000000000e-01,2.021573136567129669e+00,7.911153844312190486e+00,6.500000000000000000e+01
1.344805908523629228e+02,-1.214768804401339821e+02,5.000000000000000000e-01,2.241833971376098411e+00,8.019279810189534174e+00,8.500000000000000000e+01
1.344805908523629228e+02,-1.209768804401339821e+02,5.000000000000000000e-01,2.241281625272610434e+00,8.303451329786906143e+00,1.060000000000000000e+02
1.344805908523629228e+02,-1.204768804401339821e+02,5.000000000000000000e-01,2.226022387509946299e+00,7.495596760314230167e+00,6.700000000000000000e+01
1.344805908523629228e+02,-1.199768804401339821e+02,5.000000000000000000e-01,2.226722333164571577e+00,7.662009343526387184e+00,6.200000000000000000e+01
1.344805908523629228e+02,-1.194768804401339821e+02,5.000000000000000000e-01,3.166369946248182465e+00,6.645672385019666173e+00,1.040000000000000000e+02
1.344805908523629228e+02,-1.189768804401339821e+02,5.000000000000000000e-01,2.027152432473357635e+00,7.524724672744696363e+00,7.000000000000000000e+01
1.344805908523629228e+02,-1.184768804401339821e+02,5.000000000000000000e-01,1.320036085778659718e+00,7.445813671096643382e+00,7.500000000000000000e+01
1.349805908523629228e+02,-1.189768804401339821e+02,5.000000000000000000e-01,7.885148868843172565e+00,2.482345578981997036e+00,1.200000000000000000e+01
1.344805908523629228e+02,-1.179768804401339821e+02,5.000000000000000000e-01,1.328973387064914302e+00,7.363274657983943428e+00,6.100000000000000000e+01
1.344805908523629228e+02,-1.174768804401339821e+02,5.000000000000000000e-01,1.326773198552895883e+00,7.377739183028619863e+00,6.000000000000000000e+01
1.339805908523629228e+02,-1.154768804401339821e+02,5.000000000000000000e-01,1.234930312617069426e+00,4.088390970745501285e+00,3.000000000000000000e+01
1.344805908523629228e+02,-1.169768804401339821e+02,5.000000000000000000e-01,2.230029111126755392e+00,6.439206706655935974e+00,7.300000000000000000e+01
1.344805908523629228e+02,-1.164768804401339821e+02,5.000000000000000000e-01,1.339342720909103335e+00,7.317034491348300307e+00,8.100000000000000000e+01
1.344805908523629228e+02,-1.159768804401339821e+02,5.000000000000000000e-01,1.688721742346203758e+00,7.035877322414632928e+00,5.800000000000000000e+01
1.344805908523629228e+02,-1.154768804401339821e+02,5.000000000000000000e-01,3.439195565992768877e+00,5.371694254605596797e+00,3.200000000000000000e+01
1.339805908523629228e+02,-1.149768804401339821e+02,5.000000000000000000e-01,1.195434606472743688e+00,4.477738621024281329e+00,3.100000000000000000e+01
1.339805908523629228e+02,-1.144768804401339821e+02,5.000000000000000000e-01,3.177618503314333154e+00,1.797309779825951637e+00,5.000000000000000000e+00
1.339805908523629228e+02,-1.139768804401339821e+02,5.000000000000000000e-01,3.147193333675849303e+00,2.391603687794581212e+00,1.600000000000000000e+01
1.339805908523629228e+02,-1.134768804401339821e+02,5.000000000000000000e-01,5.295529673969678441e+00,9.290378070457467885e-01,1.300000000000000000e+01
1.344805908523629228e+02,-1.149768804401339821e+02,5.000000000000000000e-01,3.199089130635181188e+00,5.424815527602268261e+00,4.000000000000000000e+01
1.344805908523629228e+02,-1.144768804401339821e+02,5.000000000000000000e-01,1.277217382365323672e+00,7.394648162256558521e+00,6.800000000000000000e+01
1.344805908523629228e+02,-1.139768804401339821e+02,5.000000000000000000e-01,1.341165165123513470e+00,7.372729282589686406e+00,5.200000000000000000e+01
1.344805908523629228e+02,-1.134768804401339821e+02,5.000000000000000000e-01,1.248716514935295230e+00,7.296762362372898103e+00,6.300000000000000000e+01
1.339805908523629228e+02,-1.129768804401339821e+02,5.000000000000000000e-01,3.133396213891896043e+00,2.733713945002779422e+00,1.200000000000000000e+01
1.339805908523629228e+02,-1.119768804401339821e+02,5.000000000000000000e-01,5.262608921216040958e-01,4.857655055287631640e+00,5.800000000000000000e+01
1.339805908523629228e+02,-1.114768804401339821e+02,5.000000000000000000e-01,1.089551785628684044e+00,4.080650932799510855e+00,2.500000000000000000e+01
1.344805908523629228e+02,-1.129768804401339821e+02,5.000000000000000000e-01,1.360327270825635315e+00,7.384699787418497863e+00,5.600000000000000000e+01
1.344805908523629228e+02,-1.124768804401339821e+02,5.000000000000000000e-01,1.374529709622275941e+00,6.017812518807227562e+00,5.600000000000000000e+01
1.344805908523629228e+02,-1.119768804401339821e+02,5.000000000000000000e-01,6.208379004540343971e+00,3.923628481852427186e+00,5.500000000000000000e+01
1.344805908523629228e+02,-1.114768804401339821e+02,5.000000000000000000e-01,2.249665270592182686e+00,7.644179888205784756e+00,1.040000000000000000e+02
1.344805908523629228e+02,-1.109768804401339821e+02,5.000000000000000000e-01,2.242591077554903833e+00,7.304607278804803983e+00,7.500000000000000000e+01
1.344805908523629228e+02,-1.104768804401339821e+02,5.000000000000000000e-01,2.239058251880909900e+00,7.499135947739339336e+00,9.500000000000000000e+01
1.344805908523629228e+02,-1.099768804401339821e+02,5.000000000000000000e-01,2.252713793932594744e+00,7.360929985769978146e+00,1.150000000000000000e+02
1.344805908523629228e+02,-1.094768804401339821e+02,5.000000000000000000e-01,2.250639934953821975e+00,7.564817855983369199e+00,8.000000000000000000e+01
1.344805908523629228e+02,-1.089768804401339821e+02,5.000000000000000000e-01,2.944093154243680566e+00,6.810633847955718245e+00,1.150000000000000000e+02
1.344805908523629228e+02,-1.084768804401339821e+02,5.000000000000000000e-01,2.257982484803476186e+00,7.260584048114843370e+00,1.200000000000000000e+02
1.344805908523629228e+02,-1.079768804401339821e+02,5.000000000000000000e-01,2.250505873808573032e+00,7.395425320559494864e+00,9.500000000000000000e+01
1.344805908523629228e+02,-1.074768804401339821e+02,5.000000000000000000e-01,2.434431457752460393e+00,7.464185471376167058e+00,8.200000000000000000e+01
1.344805908523629228e+02,-1.069768804401339821e+02,5.000000000000000000e-01,3.152274494476497768e+00,6.901221357727857608e+00,1.320000000000000000e+02
1.344805908523629228e+02,-1.064768804401339821e+02,5.000000000000000000e-01,2.239449395759853800e+00,7.419198497140067516e+00,1.050000000000000000e+02
1.344805908523629228e+02,-1.059768804401339821e+02,5.000000000000000000e-01,2.264649507368867276e+00,7.296440692821532181e+00,8.800000000000000000e+01
1.344805908523629228e+02,-1.054768804401339821e+02,5.000000000000000000e-01,2.224508766284637229e+00,8.234069975086242721e+00,1.430000000000000000e+02
1.344805908523629228e+02,-1.049768804401339821e+02,5.000000000000000000e-01,1.755000361131677789e+00,7.910459808643500068e+00,9.300000000000000000e+01
1.344805908523629228e+02,-1.044768804401339821e+02,5.000000000000000000e-01,2.065676709985484472e+00,7.750119922942954709e+00,1.200000000000000000e+02
1.344805908523629228e+02,-1.039768804401339821e+02,5.000000000000000000e-01,1.920082353765865113e+00,7.683773225187158218e+00,1.040000000000000000e+02
1.344805908523629228e+02,-1.034768804401339821e+02,5.000000000000000000e-01,2.783909859436569878e+00,7.853111422065429892e+00,5.900000000000000000e+01
1.349805908523629228e+02,-1.034768804401339821e+02,5.000000000000000000e-01,3.217582070321847176e+00,6.592582322698134156e+00,3.700000000000000000e+01
1.349805908523629228e+02,-9.147688044013398212e+01,5.000000000000000000e-01,7.523650014475781411e+00,2.412474542184122051e+00,7.000000000000000000e+00
1.334805908523629228e+02,-9.097688044013398212e+01,1.000000000000000000e+00,1.213584198817205806e+00,1.913981022738342475e-01,5.000000000000000000e+00
1.344805908523629228e+02,-9.097688044013398212e+01,5.000000000000000000e-01,1.308141890166612864e+00,8.712368886342410690e+00,5.000000000000000000e+00
1.349805908523629228e+02,-9.097688044013398212e+01,5.000000000000000000e-01,8.072448996171374347e+00,1.255003772585292054e+00,1.100000000000000000e+01
1.349805908523629228e+02,-9.047688044013398212e+01,5.000000000000000000e-01,6.739941906334474986e+00,2.654666284042954238e+00,1.700000000000000000e+01
1.344805908523629228e+02,-8.997688044013398212e+01,5.000000000000000000e-01,8.839228335842884476e+00,7.080273800769223413e-01,6.000000000000000000e+00
1.349805908523629228e+02,-8.997688044013398212e+01,5.000000000000000000e-01,6.461404436904587989e+00,3.336040409634674297e+00,1.000000000000000000e+01
1.349805908523629228e+02,-8.947688044013398212e+01,5.000000000000000000e-01,6.502562506422806976e+00,3.138238083691557989e+00,1.200000000000000000e+01
1.349805908523629228e+02,-8.897688044013398212e+01,5.000000000000000000e-01,6.467161899229094679e+00,1.792228973846953899e+00,1.200000000000000000e+01
1.344805908523629228e+02,-8.797688044013398212e+01,1.000000000000000000e+00,6.490802881451184447e+00,1.013788297597815635e+00,1.700000000000000000e+01
1.354805908523629228e+02,-1.309768804401339821e+02,2.000000000000000000e+00,8.579877575910037635e+00,9.458061942524409460e-07,9.000000000000000000e+00
1.359805908523629228e+02,-1.189768804401339821e+02,5.000000000000000000e-01,7.989202540582931000e+00,1.816075540201862459e+00,6.000000000000000000e+00
1.364805908523629228e+02,-1.189768804401339821e+02,5.000000000000000000e-01,8.152148122082767401e+00,2.329861441534527344e+00,1.300000000000000000e+01
1.364805908523629228e+02,-1.184768804401339821e+02,5.000000000000000000e-01,8.194873461162107020e+00,2.370487352086740884e+00,1.300000000000000000e+01
1.369805908523629228e+02,-1.184768804401339821e+02,5.000000000000000000e-01,8.369346768235047307e+00,2.164194699693460677e+00,6.000000000000000000e+00
1.364805908523629228e+02,-1.179768804401339821e+02,5.000000000000000000e-01,7.626873063199265168e+00,2.498996898762212204e+00,1.500000000000000000e+01
1.364805908523629228e+02,-1.174768804401339821e+02,5.000000000000000000e-01,8.009799596558485391e+00,2.345274600890382644e+00,1.100000000000000000e+01
1.369805908523629228e+02,-1.179768804401339821e+02,5.000000000000000000e-01,8.783556354086069717e+00,2.135873561095024797e+00,7.000000000000000000e+00
1.364805908523629228e+02,-1.169768804401339821e+02,5.000000000000000000e-01,8.002508342668338770e+00,2.580664524391902859e+00,2.100000000000000000e+01
1.364805908523629228e+02,-1.164768804401339821e+02,5.000000000000000000e-01,8.114540835390624096e+00,2.537120754665158628e+00,1.900000000000000000e+01
1.364805908523629228e+02,-1.159768804401339821e+02,5.000000000000000000e-01,7.769298980387735476e+00,2.163287032333744087e+00,8.000000000000000000e+00
1.364805908523629228e+02,-1.154768804401339821e+02,5.000000000000000000e-01,7.926711688887158935e+00,2.892985394713076808e+00,2.500000000000000000e+01
1.364805908523629228e+02,-1.149768804401339821e+02,5.000000000000000000e-01,7.900789120087043038e+00,2.126414731499090216e+00,1.200000000000000000e+01
1.364805908523629228e+02,-1.144768804401339821e+02,5.000000000000000000e-01,7.943949445674694410e+00,2.537350451523862738e+00,1.600000000000000000e+01
1.369805908523629228e+02,-1.149768804401339821e+02,5.000000000000000000e-01,8.416392037569645268e+00,2.122420722030190277e+00,1.000000000000000000e+01
1.364805908523629228e+02,-1.139768804401339821e+02,5.000000000000000000e-01,7.924827252549213163e+00,2.292064735377796758e+00,2.200000000000000000e+01
1.364805908523629228e+02,-1.134768804401339821e+02,5.000000000000000000e-01,8.002110162569607610e+00,2.713519267026963888e+00,1.500000000000000000e+01
1.369805908523629228e+02,-1.134768804401339821e+02,5.000000000000000000e-01,8.503219286440243607e+00,2.134186217114624640e+00,5.000000000000000000e+00
1.364805908523629228e+02,-1.129768804401339821e+02,5.000000000000000000e-01,7.900849443141413353e+00,2.237554142996603268e+00,1.200000000000000000e+01
1.354805908523629228e+02,-1.034768804401339821e+02,5.000000000000000000e-01,3.157169779116386188e+00,7.131422710677672860e+00,1.600000000000000000e+01
1.359805908523629228e+02,-1.034768804401339821e+02,5.000000000000000000e-01,3.003774533219063958e+00,6.539351880633567760e+00,3.000000000000000000e+01
1.364805908523629228e+02,-1.034768804401339821e+02,5.000000000000000000e-01,3.590053822697526265e+00,5.837264828987437149e+00,3.300000000000000000e+01
1.369805908523629228e+02,-1.034768804401339821e+02,5.000000000000000000e-01,1.914587008986877281e+00,5.624646959980317718e+00,8.000000000000000000e+00
1.354805908523629228e+02,-9.897688044013398212e+01,2.000000000000000000e+00,4.369908728604707804e-01,1.313093989451775689e-01,1.100000000000000000e+01
1.354805908523629228e+02,-9.397688044013398212e+01,1.000000000000000000e+00,9.152053790801620181e+00,2.166533223047917289e-01,1.500000000000000000e+01
1.364805908523629228e+02,-9.397688044013398212e+01,1.000000000000000000e+00,8.560277059646224984e+00,4.518106731625639583e-01,1.100000000000000000e+01
1.354805908523629228e+02,-9.297688044013398212e+01,1.000000000000000000e+00,9.104128567231095204e+00,4.337685010751854975e-01,1.400000000000000000e+01
1.354805908523629228e+02,-9.197688044013398212e+01,5.000000000000000000e-01,8.184312307295591893e+00,1.506441148299158428e+00,1.200000000000000000e+01
1.354805908523629228e+02,-9.147688044013398212e+01,5.000000000000000000e-01,7.505213879297321533e+00,2.222060831201924991e+00,1.200000000000000000e+01
1.359805908523629228e+02,-9.197688044013398212e+01,5.000000000000000000e-01,7.654411690932115597e+00,1.861633954978763050e+00,1.400000000000000000e+01
1.359805908523629228e+02,-9.147688044013398212e+01,5.000000000000000000e-01,6.527894852484777743e+00,2.250184735093618826e+00,1.000000000000000000e+01
1.364805908523629228e+02,-9.297688044013398212e+01,1.000000000000000000e+00,8.168483888421269157e+00,1.017962957413924840e+00,3.100000000000000000e+01
1.364805908523629228e+02,-9.197688044013398212e+01,5.000000000000000000e-01,7.464933881103668512e+00,8.262188087255619706e-01,6.000000000000000000e+00
1.354805908523629228e+02,-9.097688044013398212e+01,5.000000000000000000e-01,7.363375624778544903e+00,1.736621101232383779e+00,1.200000000000000000e+01
1.354805908523629228e+02,-9.047688044013398212e+01,5.000000000000000000e-01,6.416837216087484030e+00,2.490406776358086383e+00,7.000000000000000000e+00
1.359805908523629228e+02,-9.097688044013398212e+01,5.000000000000000000e-01,6.516824075061073529e+00,2.291358661797632479e+00,1.000000000000000000e+01
1.359805908523629228e+02,-9.047688044013398212e+01,5.000000000000000000e-01,5.611510727888529004e+00,3.177627827767040003e+00,1.500000000000000000e+01
1.354805908523629228e+02,-8.997688044013398212e+01,5.000000000000000000e-01,7.438850189571759586e+00,2.255633048638522098e+00,1.200000000000000000e+01
1.354805908523629228e+02,-8.947688044013398212e+01,5.000000000000000000e-01,7.166679931547843552e+00,1.909485062358077911e+00,1.300000000000000000e+01
1.359805908523629228e+02,-8.997688044013398212e+01,5.000000000000000000e-01,5.109415753431894025e+00,2.379230400438116177e+00,1.300000000000000000e+01
1.359805908523629228e+02,-8.947688044013398212e+01,5.000000000000000000e-01,4.847225119950917538e+00,2.862667665164442710e+00,2.000000000000000000e+01
1.364805908523629228e+02,-9.097688044013398212e+01,5.000000000000000000e-01,1.355753539937212926e+00,6.426847497228628470e+00,1.100000000000000000e+01
1.364805908523629228e+02,-9.047688044013398212e+01,5.000000000000000000e-01,1.335621859221561847e+00,5.353121468197955757e+00,1.200000000000000000e+01
1.369805908523629228e+02,-9.097688044013398212e+01,5.000000000000000000e-01,4.178692062897371606e+00,2.679197529777129994e+00,1.500000000000000000e+01
1.369805908523629228e+02,-9.047688044013398212e+01,5.000000000000000000e-01,1.282198279611383773e+00,5.304717401588627368e+00,8.000000000000000000e+00
1.354805908523629228e+02,-8.897688044013398212e+01,5.000000000000000000e-01,6.522226515148269677e+00,2.782983495644359984e+00,7.000000000000000000e+00
1.354805908523629228e+02,-8.847688044013398212e+01,5.000000000000000000e-01,6.261770229632675822e+00,9.660062488650620338e-01,5.000000000000000000e+00
1.359805908523629228e+02,-8.897688044013398212e+01,5.000000000000000000e-01,6.007232738368737834e+00,3.029897073399262730e+00,6.000000000000000000e+00
1.359805908523629228e+02,-8.847688044013398212e+01,5.000000000000000000e-01,5.989744029711917328e+00,2.522687459146729871e+00,5.000000000000000000e+00
1.354805908523629228e+02,-8.797688044013398212e+01,5.000000000000000000e-01,5.617580062816060149e+00,2.964035238008163375e+00,1.000000000000000000e+01
1.354805908523629228e+02,-8.747688044013398212e+01,5.000000000000000000e-01,5.664527187270074648e+00,7.991767973354848564e-01,7.000000000000000000e+00
1.359805908523629228e+02,-8.797688044013398212e+01,5.000000000000000000e-01,5.081190220753573961e+00,4.692841879984498199e+00,1.200000000000000000e+01
1.359805908523629228e+02,-8.747688044013398212e+01,5.000000000000000000e-01,5.628400842371514834e+00,3.369862018031235529e+00,5.000000000000000000e+00
1.364805908523629228e+02,-8.897688044013398212e+01,5.000000000000000000e-01,4.740139765055163323e+00,1.140686081205020130e+00,5.000000000000000000e+00
1.364805908523629228e+02,-8.847688044013398212e+01,5.000000000000000000e-01,5.203522843844883283e+00,4.069156983637586933e+00,7.000000000000000000e+00
1.369805908523629228e+02,-8.897688044013398212e+01,5.000000000000000000e-01,4.902415350283000350e+00,9.297574675771187458e-01,8.000000000000000000e+00
1.369805908523629228e+02,-8.847688044013398212e+01,5.000000000000000000e-01,4.879940990534560541e+00,5.251042193523636215e-01,6.000000000000000000e+00
1.364805908523629228e+02,-8.797688044013398212e+01,5.000000000000000000e-01,4.879081200592515266e+00,4.540635960951452610e+00,1.000000000000000000e+01
1.364805908523629228e+02,-8.747688044013398212e+01,5.000000000000000000e-01,4.857304218793013106e+00,4.617996293259706064e+00,7.000000000000000000e+00
1.369805908523629228e+02,-8.747688044013398212e+01,5.000000000000000000e-01,6.397270364962820643e+00,2.403617931236277094e+00,8.000000000000000000e+00
1.354805908523629228e+02,-8.697688044013398212e+01,5.000000000000000000e-01,5.722827081019710604e+00,2.168667007374260436e+00,9.000000000000000000e+00
1.354805908523629228e+02,-8.647688044013398212e+01,5.000000000000000000e-01,5.740427626680024709e+00,2.463536642887633299e+00,1.300000000000000000e+01
1.359805908523629228e+02,-8.697688044013398212e+01,5.000000000000000000e-01,5.675466974606750981e+00,2.867583337462887627e+00,9.000000000000000000e+00
1.359805908523629228e+02,-8.647688044013398212e+01,5.000000000000000000e-01,6.076442041236710168e+00,2.933401526115966718e+00,7.000000000000000000e+00
1.354805908523629228e+02,-8.597688044013398212e+01,5.000000000000000000e-01,5.651273159050635542e+00,2.901597334989771682e-01,5.000000000000000000e+00
1.359805908523629228e+02,-8.597688044013398212e+01,5.000000000000000000e-01,5.760118378849172771e+00,2.987843529708806400e+00,1.100000000000000000e+01
1.359805908523629228e+02,-8.547688044013398212e+01,5.000000000000000000e-01,5.651245504103893147e+00,6.939854488711745262e-01,8.000000000000000000e+00
1.364805908523629228e+02,-8.647688044013398212e+01,5.000000000000000000e-01,5.207505716437355048e+00,1.809324104768710306e+00,5.000000000000000000e+00
1.369805908523629228e+02,-8.647688044013398212e+01,5.000000000000000000e-01,4.908741016706827054e+00,1.495581347957752882e-01,6.000000000000000000e+00
1.364805908523629228e+02,-8.597688044013398212e+01,1.000000000000000000e+00,5.331033790598008970e+00,1.390328740460322621e+00,1.700000000000000000e+01
1.364805908523629228e+02,-8.497688044013398212e+01,1.000000000000000000e+00,4.890584448552175445e+00,1.161736130081241214e+00,1.600000000000000000e+01
1.374805908523629228e+02,-1.034768804401339821e+02,5.000000000000000000e-01,2.068598559475577581e+00,7.160169330112768016e+00,1.500000000000000000e+01
1.379805908523629228e+02,-1.034768804401339821e+02,5.000000000000000000e-01,2.251249751771254193e+00,7.405227621381200720e+00,5.000000000000000000e+01
1.384805908523629228e+02,-1.034768804401339821e+02,5.000000000000000000e-01,4.225092284923830377e+00,4.032833008100213945e+00,1.300000000000000000e+01
1.389805908523629228e+02,-1.034768804401339821e+02,5.000000000000000000e-01,5.825061494668012152e+00,1.212603021813084325e+00,5.000000000000000000e+00
1.374805908523629228e+02,-9.497688044013398212e+01,2.000000000000000000e+00,8.426267187090523691e+00,2.807460805617090216e-01,1.500000000000000000e+01
1.374805908523629228e+02,-9.297688044013398212e+01,1.000000000000000000e+00,7.086416280470397844e+00,1.155513157648077716e+00,1.700000000000000000e+01
1.374805908523629228e+02,-9.197688044013398212e+01,1.000000000000000000e+00,5.617732408080843953e+00,1.290132246932781612e+00,8.000000000000000000e+00
1.374805908523629228e+02,-8.997688044013398212e+01,1.000000000000000000e+00,5.793678078295471323e+00,5.785866485958823802e-02,5.000000000000000000e+00
1.389805908523629228e+02,-8.847688044013398212e+01,5.000000000000000000e-01,2.210722263417113975e+00,2.074096844080797641e+00,2.300000000000000000e+01
1.374805908523629228e+02,-8.697688044013398212e+01,2.000000000000000000e+00,4.916782370693241866e+00,2.383390885601617271e-01,6.000000000000000000e+00
1.374805908523629228e+02,-8.497688044013398212e+01,1.000000000000000000e+00,5.464596638636908921e+00,1.218692030309200369e+00,6.000000000000000000e+00
1.384805908523629228e+02,-8.397688044013398212e+01,1.000000000000000000e+00,5.866744657141701680e+00,2.884290006737035839e-01,1.100000000000000000e+01
1.384805908523629228e+02,-7.697688044013398212e+01,5.000000000000000000e-01,2.261941948007339498e+00,2.128282295283552727e+00,1.900000000000000000e+01
1.384805908523629228e+02,-7.647688044013398212e+01,5.000000000000000000e-01,2.254459615629487601e+00,2.153988397363482576e+00,2.100000000000000000e+01
1.384805908523629228e+02,-7.597688044013398212e+01,1.000000000000000000e+00,2.232890542818523727e+00,1.011952334259681674e+00,1.800000000000000000e+01
1.384805908523629228e+02,-7.497688044013398212e+01,1.000000000000000000e+00,2.202698262963723508e+00,1.052595773938061807e+00,2.300000000000000000e+01
1.384805908523629228e+02,-7.397688044013398212e+01,1.000000000000000000e+00,2.196531247132753162e+00,1.028612743632320470e+00,2.400000000000000000e+01
1.384805908523629228e+02,-7.297688044013398212e+01,1.000000000000000000e+00,2.212650644930334476e+00,1.102126250121600481e+00,3.100000000000000000e+01
1.384805908523629228e+02,-7.197688044013398212e+01,1.000000000000000000e+00,2.213057405612795403e+00,1.027681545479973035e+00,1.500000000000000000e+01
1.384805908523629228e+02,-7.097688044013398212e+01,1.000000000000000000e+00,2.235808114338285968e+00,1.003760187452240160e+00,1.800000000000000000e+01
1.384805908523629228e+02,-6.997688044013398212e+01,1.000000000000000000e+00,2.216317791840686446e+00,1.020597902365607101e+00,1.900000000000000000e+01
1.384805908523629228e+02,-6.897688044013398212e+01,1.000000000000000000e+00,2.223870371837127102e+00,1.092990133979023337e+00,3.000000000000000000e+01
1.384805908523629228e+02,-6.797688044013398212e+01,1.000000000000000000e+00,2.211419380972689197e+00,1.035906366452497451e+00,1.600000000000000000e+01
1.384805908523629228e+02,-6.697688044013398212e+01,1.000000000000000000e+00,2.135004235459998956e+00,1.108622785291855539e+00,1.700000000000000000e+01
1.384805908523629228e+02,-6.597688044013398212e+01,1.000000000000000000e+00,2.140190596600856310e+00,1.094664232400266890e+00,1.500000000000000000e+01
1.384805908523629228e+02,-6.497688044013398212e+01,1.000000000000000000e+00,2.222475392393441940e+00,1.101028307882109480e+00,2.400000000000000000e+01
1.384805908523629228e+02,-6.397688044013398212e+01,1.000000000000000000e+00,2.116987640466063247e+00,1.069985541258827055e+00,1.100000000000000000e+01
1.384805908523629228e+02,-6.297688044013398212e+01,1.000000000000000000e+00,2.177365292528904206e+00,1.066259827036923014e+00,1.800000000000000000e+01
1.384805908523629228e+02,-6.197688044013398212e+01,1.000000000000000000e+00,2.169980023492162235e+00,1.079791580041710830e+00,1.300000000000000000e+01
1.384805908523629228e+02,-6.097688044013398212e+01,1.000000000000000000e+00,2.175793794723065666e+00,1.133215598671530877e+00,2.100000000000000000e+01
1.384805908523629228e+02,-5.997688044013398212e+01,1.000000000000000000e+00,2.133819644354091327e+00,1.097430557099427606e+00,1.300000000000000000e+01
1.384805908523629228e+02,-5.897688044013398212e+01,1.000000000000000000e+00,2.173682654002328185e+00,1.076351515299226680e+00,1.500000000000000000e+01
1.384805908523629228e+02,-5.797688044013398212e+01,1.000000000000000000e+00,2.145951400930709241e+00,1.072129513476941742e+00,1.400000000000000000e+01
1.384805908523629228e+02,-5.697688044013398212e+01,1.000000000000000000e+00,2.177812168939525783e+00,1.159781086041010933e+00,1.600000000000000000e+01
1.384805908523629228e+02,-5.597688044013398212e+01,1.000000000000000000e+00,2.120959541112449998e+00,1.122767859919539202e+00,1.800000000000000000e+01
1.384805908523629228e+02,-5.397688044013398212e+01,1.000000000000000000e+00,2.165314337798080579e+00,1.064119164943558182e+00,1.200000000000000000e+01
1.394805908523629228e+02,-1.034768804401339821e+02,5.000000000000000000e-01,5.289505298993497640e+00,2.189032943765903738e+00,1.300000000000000000e+01
1.399805908523629228e+02,-1.034768804401339821e+02,5.000000000000000000e-01,3.263410747908685572e+00,4.157504877191059656e+00,1.100000000000000000e+01
1.394805908523629228e+02,-9.297688044013398212e+01,2.000000000000000000e+00,5.066955702489000402e+00,1.062453415544695190e-01,1.100000000000000000e+01
1.404805908523629228e+02,-7.947688044013398212e+01,5.000000000000000000e-01,5.217017810850681947e+00,3.766787931519330890e+00,3.600000000000000000e+01
1.404805908523629228e+02,-7.897688044013398212e+01,5.000000000000000000e-01,5.337802435742977636e+00,4.508201821852305002e+00,3.200000000000000000e+01
1.404805908523629228e+02,-7.847688044013398212e+01,5.000000000000000000e-01,5.269801106214907271e+00,4.464462057294558583e+00,2.800000000000000000e+01
1.409805908523629228e+02,-7.897688044013398212e+01,5.000000000000000000e-01,2.234013481423546832e+00,1.983169601777016400e+00,1.700000000000000000e+01
1.409805908523629228e+02,-7.847688044013398212e+01,5.000000000000000000e-01,2.199171086441721990e+00,2.085689880816568476e+00,1.400000000000000000e+01
1.404805908523629228e+02,-7.797688044013398212e+01,5.000000000000000000e-01,5.392898060194321275e+00,4.501298526281329870e+00,4.100000000000000000e+01
1.404805908523629228e+02,-7.747688044013398212e+01,5.000000000000000000e-01,5.390614579245219140e+00,4.295127915754064496e+00,3.400000000000000000e+01
1.409805908523629228e+02,-7.797688044013398212e+01,5.000000000000000000e-01,2.245076509842344414e+00,2.086921151245198836e+00,2.000000000000000000e+01
1.409805908523629228e+02,-7.747688044013398212e+01,5.000000000000000000e-01,2.220977626266906313e+00,1.954069727980931148e+00,1.300000000000000000e+01
1.404805908523629228e+02,-7.697688044013398212e+01,5.000000000000000000e-01,5.667665925153884565e+00,3.771926705850982664e+00,2.900000000000000000e+01
1.409805908523629228e+02,-7.697688044013398212e+01,5.000000000000000000e-01,2.250521381686251043e+00,1.938004202323907688e+00,9.000000000000000000e+00
1.409805908523629228e+02,-7.647688044013398212e+01,5.000000000000000000e-01,5.223595201194733306e+00,4.961640672223612825e+00,4.500000000000000000e+01
1.409805908523629228e+02,-7.597688044013398212e+01,5.000000000000000000e-01,5.102577451481904447e+00,3.389318639122061327e+00,9.000000000000000000e+00
1.409805908523629228e+02,-7.297688044013398212e+01,5.000000000000000000e-01,5.196959652317751477e+00,4.908044153147832489e+00,1.400000000000000000e+01
1.409805908523629228e+02,-7.247688044013398212e+01,5.000000000000000000e-01,5.209561641931021114e+00,5.112142932807136830e+00,5.000000000000000000e+01
1.404805908523629228e+02,-7.197688044013398212e+01,5.000000000000000000e-01,5.736441713734287795e+00,4.448845531842404277e+00,4.300000000000000000e+01
1.404805908523629228e+02,-7.147688044013398212e+01,5.000000000000000000e-01,5.766688620500389995e+00,4.509592327584539539e+00,3.900000000000000000e+01
1.404805908523629228e+02,-7.097688044013398212e+01,5.000000000000000000e-01,6.230897549125124613e+00,4.342457621365214848e+00,4.500000000000000000e+01
1.404805908523629228e+02,-7.047688044013398212e+01,5.000000000000000000e-01,5.404856146428839381e+00,5.374251108857997394e+00,3.600000000000000000e+01
1.409805908523629228e+02,-7.097688044013398212e+01,5.000000000000000000e-01,4.048388144793815258e+00,2.421171887836637282e-01,5.000000000000000000e+00
1.409805908523629228e+02,-7.047688044013398212e+01,5.000000000000000000e-01,4.111013196020428140e+00,1.068251508023987384e-01,6.000000000000000000e+00
1.404805908523629228e+02,-6.997688044013398212e+01,5.000000000000000000e-01,6.047008517594586685e+00,4.276647113769338482e+00,4.200000000000000000e+01
1.404805908523629228e+02,-6.947688044013398212e+01,5.000000000000000000e-01,5.543794241656480715e+00,5.084159233604531813e+00,2.500000000000000000e+01
1.409805908523629228e+02,-6.997688044013398212e+01,5.000000000000000000e-01,2.159235081421571500e+00,2.114153903707649107e+00,7.000000000000000000e+00
1.409805908523629228e+02,-6.947688044013398212e+01,5.000000000000000000e-01,4.247771718204242042e+00,5.459514568536017798e+00,1.000000000000000000e+01
1.409805908523629228e+02,-6.897688044013398212e+01,5.000000000000000000e-01,5.316531331974272412e+00,5.262182554916386756e+00,5.000000000000000000e+01
1.409805908523629228e+02,-6.547688044013398212e+01,5.000000000000000000e-01,5.359140849497483927e+00,5.272836594931719745e+00,3.400000000000000000e+01
1.404805908523629228e+02,-6.447688044013398212e+01,5.000000000000000000e-01,6.467474116974691434e+00,8.501130361626554333e-01,5.000000000000000000e+00
1.409805908523629228e+02,-6.497688044013398212e+01,5.000000000000000000e-01,5.213970445552655875e+00,5.327507286852350532e+00,3.200000000000000000e+01
1.409805908523629228e+02,-6.447688044013398212e+01,5.000000000000000000e-01,5.418530868689822810e+00,5.476918890512036953e+00,2.300000000000000000e+01
1.404805908523629228e+02,-6.397688044013398212e+01,5.000000000000000000e-01,4.419175521611169444e+00,2.184412920021513216e+00,5.000000000000000000e+00
1.409805908523629228e+02,-6.397688044013398212e+01,5.000000000000000000e-01,5.500246479217524964e+00,4.613113073851799584e+00,2.800000000000000000e+01
1.409805908523629228e+02,-6.347688044013398212e+01,5.000000000000000000e-01,6.399764416845049375e+00,4.193060493893860929e+00,4.600000000000000000e+01
1.404805908523629228e+02,-5.997688044013398212e+01,5.000000000000000000e-01,5.562804649494047737e+00,5.111634372326275155e+00,3.100000000000000000e+01
1.404805908523629228e+02,-5.947688044013398212e+01,5.000000000000000000e-01,5.789401093849514623e+00,4.772423307347377630e+00,8.000000000000000000e+00
1.404805908523629228e+02,-5.897688044013398212e+01,5.000000000000000000e-01,5.487840958610329167e+00,5.464270328047639680e+00,1.900000000000000000e+01
1.404805908523629228e+02,-5.847688044013398212e+01,5.000000000000000000e-01,6.300324538444102451e+00,4.406555372136124582e+00,3.600000000000000000e+01
1.404805908523629228e+02,-5.797688044013398212e+01,5.000000000000000000e-01,6.270222847904548757e+00,4.233963841427671682e+00,2.200000000000000000e+01
1.414805908523629228e+02,-7.597688044013398212e+01,5.000000000000000000e-01,6.780960856462735720e+00,3.100370122719672494e+00,8.000000000000000000e+00
1.419805908523629228e+02,-7.547688044013398212e+01,5.000000000000000000e-01,8.982735240215079742e+00,5.214993280252908647e-01,1.000000000000000000e+01
1.424805908523629228e+02,-7.547688044013398212e+01,5.000000000000000000e-01,8.143713285912408395e+00,2.610506512789420697e+00,1.500000000000000000e+01
1.414805908523629228e+02,-7.497688044013398212e+01,1.000000000000000000e+00,8.285671417163678498e+00,1.141562180058187437e+00,1.800000000000000000e+01
1.414805908523629228e+02,-7.397688044013398212e+01,1.000000000000000000e+00,8.443086689328509920e+00,9.878475604226331086e-01,1.500000000000000000e+01
1.424805908523629228e+02,-7.497688044013398212e+01,1.000000000000000000e+00,1.009313928308948682e+01,4.618687364617528601e-01,1.400000000000000000e+01
1.424805908523629228e+02,-7.397688044013398212e+01,5.000000000000000000e-01,8.188744608089345789e+00,2.311453259741822919e+00,9.000000000000000000e+00
1.424805908523629228e+02,-7.347688044013398212e+01,5.000000000000000000e-01,7.951867868887109836e+00,2.792860549663105374e+00,9.000000000000000000e+00
1.414805908523629228e+02,-7.297688044013398212e+01,5.000000000000000000e-01,4.453191799422175023e+00,5.772523052873941296e+00,1.200000000000000000e+01
1.419805908523629228e+02,-7.297688044013398212e+01,5.000000000000000000e-01,9.249980817896258145e+00,3.034795190794792319e-01,6.000000000000000000e+00
1.424805908523629228e+02,-7.297688044013398212e+01,5.000000000000000000e-01,5.345916788261344976e+00,5.188886877083975335e+00,3.400000000000000000e+01
1.414805908523629228e+02,-6.797688044013398212e+01,1.000000000000000000e+00,8.628856395771959953e+00,8.818183255989708869e-01,1.600000000000000000e+01
1.424805908523629228e+02,-6.747688044013398212e+01,5.000000000000000000e-01,9.918303741862892764e+00,1.093204195466482176e+00,8.000000000000000000e+00
1.414805908523629228e+02,-6.697688044013398212e+01,1.000000000000000000e+00,8.537817537735243434e+00,1.007343270228709287e+00,1.300000000000000000e+01
1.424805908523629228e+02,-6.647688044013398212e+01,5.000000000000000000e-01,9.751840147581763318e+00,1.204704624688064385e+00,1.300000000000000000e+01
1.424805908523629228e+02,-6.597688044013398212e+01,5.000000000000000000e-01,6.235759396348687922e+00,4.563204009594893584e+00,1.100000000000000000e+01
1.424805908523629228e+02,-6.547688044013398212e+01,5.000000000000000000e-01,6.193948499712583988e+00,4.574362419128857660e+00,1.700000000000000000e+01
1.429805908523629228e+02,-6.597688044013398212e+01,5.000000000000000000e-01,6.180022826934605362e+00,1.364671615232690982e+00,5.000000000000000000e+00
1.414805908523629228e+02,-6.197688044013398212e+01,1.000000000000000000e+00,8.318214969201585873e+00,1.193455932293234767e+00,1.800000000000000000e+01
1.424805908523629228e+02,-6.197688044013398212e+01,1.000000000000000000e+00,9.705513274442337135e+00,1.197096229290778524e+00,1.200000000000000000e+01
1.414805908523629228e+02,-6.097688044013398212e+01,1.000000000000000000e+00,8.601419842098488644e+00,9.113720030066794209e-01,6.000000000000000000e+00
1.414805908523629228e+02,-5.997688044013398212e+01,1.000000000000000000e+00,4.284832560999838336e+00,1.001954691300136702e+00,6.000000000000000000e+00
1.424805908523629228e+02,-6.097688044013398212e+01,1.000000000000000000e+00,9.755702793391099803e+00,1.280193811513729685e+00,1.200000000000000000e+01
1.434805908523629228e+02,-7.547688044013398212e+01,5.000000000000000000e-01,4.642553552071908562e+00,2.699157500607030080e+00,1.800000000000000000e+01
1.434805908523629228e+02,-7.497688044013398212e+01,5.000000000000000000e-01,4.732455598351766213e+00,2.671057983208492637e+00,2.300000000000000000e+01
1.434805908523629228e+02,-7.447688044013398212e+01,5.000000000000000000e-01,5.048063347249229338e+00,2.450307158271679775e+00,2.000000000000000000e+01
1.434805908523629228e+02,-7.397688044013398212e+01,5.000000000000000000e-01,4.560602747326056416e+00,3.004778190401522941e+00,2.200000000000000000e+01
1.434805908523629228e+02,-7.347688044013398212e+01,5.000000000000000000e-01,4.550273330697636176e+00,2.978187770123617462e+00,2.200000000000000000e+01
1.434805908523629228e+02,-6.797688044013398212e+01,5.000000000000000000e-01,5.033180633833480577e+00,2.542085629692342863e+00,1.500000000000000000e+01
1.434805908523629228e+02,-6.747688044013398212e+01,5.000000000000000000e-01,4.528333099294820308e+00,3.201494781488557706e+00,1.200000000000000000e+01
1.434805908523629228e+02,-6.697688044013398212e+01,5.000000000000000000e-01,4.385643202983013467e+00,3.218467883838661336e+00,1.400000000000000000e+01
1.434805908523629228e+02,-6.647688044013398212e+01,5.000000000000000000e-01,4.343422990978470288e+00,3.157595517723788880e+00,2.100000000000000000e+01
1.434805908523629228e+02,-6.597688044013398212e+01,5.000000000000000000e-01,4.313387596854113326e+00,2.780356414193560610e+00,8.000000000000000000e+00
1.434805908523629228e+02,-6.097688044013398212e+01,1.000000000000000000e+00,4.237068957584056328e+00,1.115001252334768544e+00,1.100000000000000000e+01
