nan,nan,nan,nan,nan,nan,nan,nan,nan,nan,nan,nan,nan,nan,nan,nan,nan,nan,nan,nan,nan,nan,nan,nan,nan,nan,nan,nan,nan,nan,nan,nan,nan,nan,nan,nan,nan,nan,nan,nan,nan,nan,nan,nan,nan,nan,nan,nan,nan,nan,nan,nan,nan,nan,nan,nan,nan,nan,nan,nan,nan,nan,nan,nan,nan,nan,nan,nan,nan,nan,nan,nan,nan,nan,nan,nan,nan,nan,nan,nan,nan,nan,nan,nan,nan,nan,nan,nan,nan,nan,nan,nan,nan,nan,nan,nan,nan,nan,nan,nan,nan,nan,nan,nan,nan,nan,nan,nan,nan,nan,nan,nan,nan,nan,nan,nan,nan,nan,nan,nan,nan,nan,nan,nan,nan,nan,nan,nan,nan,nan,nan,nan,nan,7.532524648468097439e-08,0.000000000000000000e+00,0.000000000000000000e+00,0.000000000000000000e+00,9.536743306171047152e-08,0.000000000000000000e+00,0.000000000000000000e+00,nan,nan,nan,nan,nan,nan,nan,nan,nan,nan,nan,nan,nan,nan,nan,nan,nan,nan,nan,nan,nan,nan,nan,nan,nan,nan,nan,nan,nan,nan,nan,nan,nan,nan,nan,nan,nan,nan,nan,nan,nan,nan,nan,nan,nan,nan,nan,nan,nan,nan,nan,nan,nan,nan,nan,nan,nan,nan,nan,nan,nan,nan,nan,nan,nan,nan,nan,nan,nan,nan,nan,nan,nan,nan,nan
nan,nan,nan,nan,nan,nan,nan,nan,nan,nan,nan,nan,nan,nan,nan,nan,nan,nan,nan,nan,nan,nan,nan,nan,nan,nan,nan,nan,nan,nan,nan,nan,nan,nan,nan,nan,nan,nan,nan,nan,nan,nan,nan,nan,nan,nan,nan,nan,nan,nan,nan,nan,nan,nan,nan,nan,nan,nan,nan,nan,nan,nan,nan,nan,nan,nan,nan,nan,nan,nan,nan,nan,nan,nan,nan,nan,nan,nan,nan,nan,nan,nan,nan,nan,nan,nan,nan,nan,nan,nan,nan,nan,nan,nan,nan,nan,nan,nan,nan,nan,nan,nan,nan,nan,nan,nan,nan,nan,nan,nan,nan,nan,nan,nan,nan,nan,nan,nan,nan,nan,nan,nan,nan,nan,nan,nan,nan,nan,nan,nan,nan,nan,nan,nan,nan,nan,nan,9.376777398983904277e-08,0.000000000000000000e+00,0.000000000000000000e+00,0.000000000000000000e+00,0.000000000000000000e+00,nan,0.000000000000000000e+00,nan,nan,nan,nan,nan,nan,nan,nan,nan,nan,nan,nan,nan,nan,nan,nan,nan,nan,nan,nan,nan,nan,nan,nan,nan,nan,nan,nan,nan,nan,nan,nan,nan,nan,nan,nan,nan,nan,nan,nan,nan,nan,nan,nan,nan,nan,nan,nan,nan,nan,nan,nan,nan,nan,nan,nan,nan,nan,nan,nan,nan,nan,nan,nan,nan,nan,nan,nan,nan,nan,nan
nan,nan,nan,nan,nan,nan,nan,nan,nan,nan,nan,nan,nan,nan,nan,nan,nan,nan,nan,nan,nan,nan,nan,nan,nan,nan,nan,nan,nan,nan,nan,nan,nan,nan,nan,nan,nan,nan,nan,nan,nan,nan,nan,nan,nan,nan,nan,nan,nan,nan,nan,nan,nan,nan,nan,nan,nan,nan,nan,nan,nan,nan,nan,nan,nan,nan,nan,nan,nan,nan,nan,nan,nan,nan,nan,nan,nan,nan,nan,nan,nan,nan,nan,nan,nan,nan,nan,nan,nan,nan,nan,nan,nan,nan,nan,nan,nan,nan,nan,nan,nan,nan,nan,nan,nan,nan,nan,nan,nan,nan,nan,nan,nan,nan,nan,nan,nan,nan,nan,nan,nan,nan,nan,nan,nan,nan,nan,nan,nan,nan,nan,nan,nan,nan,nan,nan,nan,nan,nan,0.000000000000000000e+00,2.134391365871124435e-07,nan,0.000000000000000000e+00,0.000000000000000000e+00,0.000000000000000000e+00,0.000000000000000000e+00,0.000000000000000000e+00,nan,nan,nan,nan,nan,nan,nan,nan,nan,nan,nan,nan,nan,nan,nan,nan,nan,nan,nan,nan,nan,nan,nan,nan,nan,nan,nan,nan,nan,nan,nan,nan,nan,nan,nan,nan,nan,nan,nan,nan,nan,nan,nan,nan,nan,nan,nan,nan,nan,nan,nan,nan,nan,nan,nan,nan,nan,nan,nan,nan,nan,nan,nan,nan,nan,nan,nan,nan
nan,nan,nan,nan,nan,nan,nan,nan,nan,nan,nan,nan,nan,nan,nan,nan,nan,nan,nan,nan,nan,nan,nan,nan,nan,nan,nan,nan,nan,nan,nan,nan,nan,nan,nan,nan,nan,nan,nan,nan,nan,nan,nan,nan,nan,nan,nan,nan,nan,nan,nan,nan,nan,nan,nan,nan,nan,nan,nan,nan,nan,nan,nan,nan,nan,nan,nan,nan,nan,nan,nan,nan,nan,nan,nan,nan,nan,nan,nan,nan,nan,nan,nan,nan,nan,nan,nan,nan,nan,nan,nan,nan,nan,nan,nan,nan,nan,nan,nan,nan,nan,nan,nan,nan,nan,nan,nan,nan,nan,nan,nan,nan,nan,nan,nan,nan,nan,nan,nan,nan,nan,nan,nan,nan,nan,nan,nan,nan,nan,nan,nan,nan,nan,nan,nan,nan,nan,nan,nan,0.000000000000000000e+00,nan,nan,nan,0.000000000000000000e+00,4.859962388081839890e-08,0.000000000000000000e+00,0.000000000000000000e+00,0.000000000000000000e+00,0.000000000000000000e+00,nan,nan,nan,nan,nan,nan,nan,nan,nan,nan,nan,nan,nan,nan,nan,nan,nan,nan,nan,nan,nan,nan,nan,nan,nan,nan,nan,nan,nan,nan,nan,nan,nan,nan,nan,nan,nan,nan,nan,nan,nan,nan,nan,nan,nan,nan,nan,nan,nan,nan,nan,nan,nan,nan,nan,nan,nan,nan,nan,nan,nan,nan,nan,nan,nan,nan
nan,nan,nan,nan,nan,nan,nan,nan,nan,nan,nan,nan,nan,nan,nan,nan,nan,nan,nan,nan,nan,nan,nan,nan,nan,nan,nan,nan,nan,nan,nan,nan,nan,nan,nan,nan,nan,nan,nan,nan,nan,nan,nan,nan,nan,nan,nan,nan,nan,nan,nan,nan,nan,nan,nan,nan,nan,nan,nan,nan,nan,nan,nan,nan,nan,nan,nan,nan,nan,nan,nan,nan,nan,nan,nan,nan,nan,nan,nan,nan,nan,nan,nan,nan,nan,nan,nan,nan,nan,nan,nan,nan,nan,nan,nan,nan,nan,nan,nan,nan,nan,nan,nan,nan,nan,nan,nan,nan,nan,nan,nan,nan,nan,nan,nan,nan,nan,nan,nan,nan,nan,nan,nan,nan,nan,nan,nan,nan,nan,nan,nan,nan,nan,nan,nan,nan,nan,nan,nan,nan,nan,nan,nan,nan,0.000000000000000000e+00,0.000000000000000000e+00,6.860386747575830668e-08,0.000000000000000000e+00,0.000000000000000000e+00,0.000000000000000000e+00,0.000000000000000000e+00,nan,nan,nan,nan,nan,nan,nan,nan,nan,nan,nan,nan,nan,nan,nan,nan,nan,nan,nan,nan,nan,nan,nan,nan,nan,nan,nan,nan,nan,nan,nan,nan,nan,nan,nan,nan,nan,nan,nan,nan,nan,nan,nan,nan,nan,nan,nan,nan,nan,nan,nan,nan,nan,nan,nan,nan,nan,nan,nan,nan,nan,nan,nan,nan
nan,nan,nan,nan,nan,nan,nan,nan,nan,nan,nan,nan,nan,nan,nan,nan,nan,nan,nan,nan,nan,nan,nan,nan,nan,nan,nan,nan,nan,nan,nan,nan,nan,nan,nan,nan,nan,nan,nan,nan,nan,nan,nan,0.000000000000000000e+00,4.191854968667030334e-02,nan,nan,nan,nan,nan,nan,nan,nan,nan,nan,nan,nan,nan,nan,nan,nan,nan,nan,nan,nan,nan,nan,nan,nan,nan,nan,nan,nan,nan,nan,nan,nan,nan,nan,nan,nan,nan,nan,nan,nan,nan,nan,nan,nan,nan,nan,nan,nan,nan,nan,nan,nan,nan,nan,nan,nan,nan,nan,nan,nan,nan,nan,nan,nan,nan,nan,nan,nan,nan,nan,nan,nan,nan,nan,nan,nan,nan,nan,nan,nan,nan,nan,nan,nan,nan,nan,nan,nan,nan,nan,nan,nan,nan,nan,nan,nan,nan,nan,nan,nan,nan,0.000000000000000000e+00,nan,nan,nan,0.000000000000000000e+00,2.384185791015625000e-07,0.000000000000000000e+00,0.000000000000000000e+00,nan,nan,nan,nan,nan,nan,nan,nan,nan,nan,nan,nan,nan,nan,nan,nan,nan,nan,nan,nan,nan,nan,nan,nan,nan,nan,nan,nan,nan,nan,nan,nan,nan,nan,nan,nan,nan,nan,nan,nan,nan,nan,nan,nan,nan,nan,nan,nan,nan,nan,nan,nan,nan,nan,nan,nan,nan,nan,nan,nan,nan
nan,nan,nan,nan,nan,nan,nan,nan,nan,nan,nan,nan,nan,nan,nan,nan,nan,nan,nan,nan,nan,nan,nan,nan,nan,nan,nan,nan,nan,nan,nan,nan,nan,nan,nan,nan,nan,nan,nan,nan,nan,nan,nan,nan,nan,nan,nan,nan,nan,nan,nan,nan,nan,nan,nan,nan,nan,nan,nan,nan,nan,nan,nan,nan,nan,nan,nan,nan,nan,nan,nan,nan,nan,nan,nan,nan,nan,nan,nan,nan,nan,nan,nan,nan,nan,nan,nan,nan,nan,nan,nan,nan,nan,nan,nan,nan,nan,nan,nan,nan,nan,nan,nan,nan,nan,nan,nan,nan,nan,nan,nan,nan,nan,nan,nan,nan,nan,nan,nan,nan,nan,nan,nan,nan,nan,nan,nan,nan,nan,nan,nan,nan,nan,nan,nan,nan,nan,nan,nan,nan,nan,nan,nan,nan,nan,nan,nan,0.000000000000000000e+00,0.000000000000000000e+00,nan,nan,0.000000000000000000e+00,nan,0.000000000000000000e+00,0.000000000000000000e+00,0.000000000000000000e+00,nan,nan,nan,nan,nan,nan,nan,nan,nan,nan,nan,nan,nan,nan,nan,nan,nan,nan,nan,nan,nan,nan,nan,nan,nan,nan,nan,nan,nan,nan,nan,nan,nan,nan,nan,nan,nan,nan,nan,nan,nan,nan,nan,nan,nan,nan,nan,nan,nan,nan,nan,nan,nan,nan,nan,nan,nan,nan,nan
nan,nan,nan,nan,nan,nan,nan,nan,nan,nan,nan,nan,nan,nan,nan,nan,nan,nan,nan,nan,nan,nan,nan,nan,nan,nan,nan,nan,nan,nan,nan,nan,nan,nan,nan,nan,nan,nan,nan,nan,nan,nan,nan,nan,nan,nan,nan,nan,nan,nan,nan,nan,nan,nan,nan,nan,nan,nan,nan,nan,nan,nan,nan,nan,nan,nan,nan,nan,nan,nan,nan,nan,nan,nan,nan,nan,nan,nan,nan,nan,nan,nan,nan,nan,nan,nan,nan,nan,nan,nan,nan,nan,nan,nan,nan,nan,nan,nan,nan,nan,nan,nan,nan,nan,nan,nan,nan,nan,nan,nan,nan,nan,nan,nan,nan,nan,nan,nan,nan,nan,nan,nan,nan,nan,nan,nan,nan,nan,nan,nan,nan,nan,nan,nan,nan,nan,nan,nan,nan,nan,nan,nan,nan,nan,nan,nan,nan,nan,nan,nan,nan,0.000000000000000000e+00,0.000000000000000000e+00,0.000000000000000000e+00,0.000000000000000000e+00,0.000000000000000000e+00,nan,nan,nan,nan,nan,nan,nan,nan,nan,nan,nan,nan,nan,nan,nan,nan,nan,nan,nan,nan,nan,nan,nan,nan,nan,nan,nan,nan,nan,nan,nan,nan,nan,nan,nan,nan,nan,nan,nan,nan,nan,nan,nan,nan,nan,nan,nan,nan,nan,nan,nan,nan,nan,nan,nan,nan,nan,nan,nan
nan,nan,nan,nan,nan,nan,nan,nan,nan,nan,nan,nan,nan,nan,nan,nan,nan,nan,nan,nan,nan,nan,nan,nan,nan,nan,nan,nan,nan,nan,nan,nan,nan,nan,nan,nan,nan,nan,nan,nan,nan,nan,nan,nan,nan,nan,nan,nan,nan,nan,nan,nan,nan,nan,nan,nan,nan,nan,nan,nan,nan,nan,nan,nan,nan,nan,nan,nan,nan,nan,nan,nan,nan,nan,nan,nan,nan,nan,nan,nan,nan,nan,nan,nan,nan,nan,nan,nan,nan,nan,nan,nan,nan,nan,nan,nan,nan,nan,nan,nan,nan,nan,nan,nan,nan,nan,nan,nan,nan,nan,nan,nan,nan,nan,nan,nan,nan,nan,nan,nan,nan,nan,nan,nan,nan,nan,nan,nan,nan,nan,nan,nan,nan,nan,nan,nan,nan,nan,nan,nan,nan,nan,nan,nan,nan,nan,nan,nan,nan,nan,nan,nan,nan,0.000000000000000000e+00,nan,nan,nan,nan,nan,0.000000000000000000e+00,nan,nan,nan,nan,nan,nan,nan,nan,nan,nan,nan,nan,nan,nan,nan,nan,nan,nan,nan,nan,nan,nan,nan,nan,nan,nan,nan,nan,nan,nan,nan,nan,nan,nan,nan,nan,nan,nan,nan,nan,nan,nan,nan,nan,nan,nan,nan,nan,nan,nan,nan,nan,nan,nan,nan
nan,nan,nan,nan,nan,nan,nan,nan,nan,nan,nan,nan,nan,nan,nan,nan,nan,nan,nan,nan,nan,nan,nan,nan,nan,nan,nan,nan,nan,nan,nan,nan,nan,nan,nan,nan,nan,nan,nan,nan,nan,nan,nan,nan,nan,nan,nan,nan,nan,nan,nan,nan,nan,nan,nan,nan,nan,nan,nan,nan,nan,nan,nan,nan,nan,nan,nan,nan,nan,nan,nan,nan,nan,nan,nan,nan,nan,nan,nan,nan,nan,nan,nan,nan,nan,nan,nan,nan,nan,nan,nan,nan,nan,nan,nan,nan,nan,nan,nan,nan,nan,nan,nan,nan,nan,nan,nan,nan,nan,nan,nan,nan,nan,nan,nan,nan,nan,nan,nan,nan,nan,nan,nan,nan,nan,nan,nan,nan,nan,nan,nan,nan,nan,nan,nan,nan,nan,nan,nan,nan,nan,nan,nan,nan,nan,nan,nan,nan,nan,nan,nan,nan,nan,nan,nan,nan,nan,nan,nan,0.000000000000000000e+00,2.384185791015625000e-07,0.000000000000000000e+00,nan,nan,nan,nan,nan,nan,nan,nan,nan,nan,nan,nan,nan,nan,nan,nan,nan,nan,nan,nan,nan,nan,nan,nan,nan,nan,nan,nan,nan,nan,nan,nan,nan,nan,nan,nan,nan,nan,nan,nan,nan,nan,nan,nan,nan,nan,nan,nan,nan,nan,nan,nan,nan
nan,nan,nan,nan,nan,nan,nan,nan,nan,nan,nan,nan,nan,nan,nan,nan,nan,nan,nan,nan,nan,nan,nan,nan,nan,nan,nan,nan,nan,nan,nan,nan,nan,nan,nan,nan,nan,nan,nan,nan,nan,nan,nan,nan,nan,nan,nan,nan,nan,nan,nan,nan,nan,nan,nan,nan,nan,nan,nan,nan,nan,nan,nan,nan,nan,nan,nan,nan,nan,nan,nan,nan,nan,nan,nan,nan,nan,nan,nan,nan,nan,nan,nan,nan,nan,nan,nan,nan,nan,nan,nan,nan,nan,nan,nan,nan,nan,nan,nan,nan,nan,nan,nan,nan,nan,nan,nan,nan,nan,nan,nan,nan,nan,nan,nan,nan,nan,nan,nan,nan,nan,nan,nan,nan,nan,nan,nan,nan,nan,nan,nan,nan,nan,nan,nan,nan,nan,nan,nan,nan,nan,nan,nan,nan,nan,nan,nan,nan,nan,nan,nan,nan,nan,nan,nan,nan,nan,nan,nan,0.000000000000000000e+00,1.746184210560386418e-07,0.000000000000000000e+00,0.000000000000000000e+00,0.000000000000000000e+00,nan,nan,nan,nan,nan,nan,nan,nan,nan,nan,nan,nan,nan,nan,nan,nan,nan,nan,nan,nan,nan,nan,nan,nan,nan,nan,nan,nan,nan,nan,nan,nan,nan,nan,nan,nan,nan,nan,nan,nan,nan,nan,nan,nan,nan,nan,nan,nan,nan,nan,nan
nan,nan,nan,nan,nan,nan,nan,nan,nan,nan,nan,nan,nan,nan,nan,nan,nan,nan,nan,nan,nan,nan,nan,nan,nan,nan,nan,nan,nan,nan,nan,nan,nan,nan,nan,nan,nan,nan,nan,nan,nan,nan,nan,nan,nan,nan,nan,nan,nan,nan,nan,nan,nan,nan,nan,nan,nan,nan,nan,nan,nan,nan,nan,nan,nan,nan,nan,nan,nan,nan,nan,nan,nan,nan,nan,nan,nan,nan,nan,nan,nan,nan,nan,nan,nan,nan,nan,nan,nan,nan,nan,nan,nan,nan,nan,nan,nan,nan,nan,nan,nan,nan,nan,nan,nan,nan,nan,nan,nan,nan,nan,nan,nan,nan,nan,nan,nan,nan,nan,nan,nan,nan,nan,nan,nan,nan,nan,nan,nan,nan,nan,nan,nan,nan,nan,nan,nan,nan,nan,nan,nan,nan,nan,nan,nan,nan,nan,nan,nan,nan,nan,nan,nan,nan,nan,nan,nan,nan,nan,nan,nan,nan,nan,0.000000000000000000e+00,0.000000000000000000e+00,0.000000000000000000e+00,nan,nan,nan,nan,nan,nan,nan,nan,nan,nan,nan,nan,nan,nan,nan,nan,nan,nan,nan,nan,nan,nan,nan,nan,nan,nan,nan,nan,nan,nan,nan,nan,nan,nan,nan,nan,nan,nan,nan,nan,nan,nan,nan,nan,nan,nan,nan,nan,nan
nan,nan,nan,nan,nan,nan,nan,nan,nan,nan,nan,nan,nan,nan,nan,nan,nan,nan,nan,nan,nan,nan,nan,nan,nan,nan,nan,nan,nan,nan,nan,nan,nan,nan,nan,nan,nan,nan,nan,nan,nan,nan,nan,nan,nan,nan,nan,nan,nan,nan,nan,nan,nan,nan,nan,nan,nan,nan,nan,nan,nan,nan,nan,nan,nan,nan,nan,nan,nan,nan,nan,nan,nan,nan,nan,nan,nan,nan,nan,nan,nan,nan,nan,nan,nan,nan,nan,nan,nan,nan,nan,nan,nan,nan,nan,nan,nan,nan,nan,nan,nan,nan,nan,nan,nan,nan,nan,nan,nan,nan,nan,nan,nan,nan,nan,nan,nan,nan,nan,nan,nan,nan,nan,nan,nan,nan,nan,nan,nan,nan,nan,nan,nan,nan,nan,nan,nan,nan,nan,nan,nan,nan,nan,nan,nan,nan,nan,nan,nan,nan,nan,nan,nan,nan,nan,nan,nan,nan,nan,nan,nan,nan,nan,nan,0.000000000000000000e+00,0.000000000000000000e+00,2.384185791015625000e-07,nan,nan,nan,nan,nan,nan,nan,nan,nan,nan,nan,nan,nan,nan,nan,nan,nan,nan,nan,nan,nan,nan,nan,nan,nan,nan,nan,nan,nan,nan,nan,nan,nan,nan,nan,nan,nan,nan,nan,nan,nan,nan,nan,nan,nan,nan,nan,nan
nan,nan,nan,nan,nan,nan,nan,nan,nan,nan,nan,nan,nan,nan,nan,nan,nan,nan,nan,nan,nan,nan,nan,nan,nan,nan,nan,nan,nan,nan,nan,nan,nan,nan,nan,nan,nan,nan,nan,nan,nan,nan,nan,nan,nan,nan,nan,nan,nan,nan,nan,nan,nan,nan,nan,nan,nan,nan,nan,nan,nan,nan,nan,nan,nan,nan,nan,nan,nan,nan,nan,nan,nan,nan,nan,nan,nan,nan,nan,nan,nan,nan,nan,nan,nan,nan,nan,nan,nan,nan,nan,nan,nan,nan,nan,nan,nan,nan,nan,nan,nan,nan,nan,nan,nan,nan,nan,nan,nan,nan,nan,nan,nan,nan,nan,nan,nan,nan,nan,nan,nan,nan,nan,nan,nan,nan,nan,nan,nan,nan,nan,nan,nan,nan,nan,nan,nan,nan,nan,nan,nan,nan,nan,nan,nan,nan,nan,nan,nan,nan,nan,nan,nan,nan,nan,nan,nan,nan,nan,nan,nan,nan,nan,nan,nan,nan,nan,2.384185791015625000e-07,0.000000000000000000e+00,0.000000000000000000e+00,nan,nan,nan,nan,nan,nan,nan,nan,nan,nan,nan,nan,nan,nan,nan,nan,nan,nan,nan,nan,nan,nan,nan,nan,nan,nan,nan,nan,nan,nan,nan,nan,nan,nan,nan,nan,nan,nan,nan,nan,nan,nan,nan,nan,nan
nan,nan,nan,nan,nan,nan,nan,nan,nan,nan,nan,nan,nan,nan,nan,nan,nan,nan,nan,nan,nan,nan,nan,nan,nan,nan,nan,nan,nan,nan,nan,nan,nan,nan,nan,nan,nan,nan,nan,nan,nan,nan,nan,nan,nan,nan,nan,nan,nan,nan,nan,nan,nan,nan,nan,nan,nan,nan,nan,nan,nan,nan,nan,nan,nan,nan,nan,nan,nan,nan,nan,nan,nan,nan,nan,nan,nan,nan,nan,nan,nan,nan,nan,nan,nan,nan,nan,nan,nan,nan,nan,nan,nan,nan,nan,nan,nan,nan,nan,nan,nan,nan,nan,nan,nan,nan,nan,nan,nan,nan,nan,nan,nan,nan,nan,nan,nan,nan,nan,nan,nan,nan,nan,nan,nan,nan,nan,nan,nan,nan,nan,nan,nan,nan,nan,nan,nan,nan,nan,nan,nan,nan,nan,nan,nan,nan,nan,nan,nan,nan,nan,nan,nan,nan,nan,nan,nan,nan,nan,nan,nan,nan,nan,nan,nan,nan,nan,nan,0.000000000000000000e+00,0.000000000000000000e+00,0.000000000000000000e+00,nan,nan,nan,nan,nan,nan,nan,nan,nan,nan,nan,nan,nan,nan,nan,nan,nan,nan,nan,nan,nan,nan,nan,nan,nan,nan,nan,nan,nan,nan,nan,nan,nan,nan,nan,nan,nan,nan,nan,nan,nan,nan,nan,nan
nan,nan,nan,nan,nan,nan,nan,nan,nan,nan,nan,nan,nan,nan,nan,nan,nan,nan,nan,nan,nan,nan,nan,nan,nan,nan,nan,nan,nan,nan,nan,nan,nan,nan,nan,nan,nan,nan,nan,nan,nan,nan,nan,nan,nan,nan,nan,nan,nan,nan,nan,nan,nan,nan,nan,nan,nan,nan,nan,nan,nan,nan,nan,nan,nan,nan,nan,nan,nan,nan,nan,nan,nan,nan,nan,nan,nan,nan,nan,nan,nan,nan,nan,nan,nan,nan,nan,nan,nan,nan,nan,nan,nan,nan,nan,nan,nan,nan,nan,nan,nan,nan,nan,nan,nan,nan,nan,nan,nan,nan,nan,nan,nan,nan,nan,nan,nan,nan,nan,nan,nan,nan,nan,nan,nan,nan,nan,nan,nan,nan,nan,nan,nan,nan,nan,nan,nan,nan,nan,nan,nan,nan,nan,nan,nan,nan,nan,nan,nan,nan,nan,nan,nan,nan,nan,nan,nan,nan,nan,nan,nan,nan,nan,nan,nan,nan,nan,nan,0.000000000000000000e+00,nan,4.004542250186204910e-03,nan,nan,nan,nan,nan,nan,nan,nan,nan,nan,nan,nan,nan,nan,nan,nan,nan,nan,nan,nan,nan,nan,nan,nan,nan,nan,nan,nan,nan,nan,nan,nan,nan,nan,nan,nan,nan,nan,nan,nan,nan,nan,nan,nan
nan,nan,nan,nan,nan,nan,nan,nan,nan,nan,nan,nan,nan,nan,nan,nan,nan,nan,nan,nan,nan,nan,nan,nan,nan,nan,nan,nan,nan,nan,nan,nan,nan,nan,nan,nan,nan,nan,nan,nan,nan,nan,nan,nan,nan,nan,nan,nan,nan,nan,nan,nan,nan,nan,nan,nan,nan,nan,nan,nan,nan,nan,nan,nan,nan,nan,nan,nan,nan,nan,nan,nan,nan,nan,nan,nan,nan,nan,nan,nan,nan,nan,nan,nan,nan,nan,nan,nan,nan,nan,nan,nan,nan,nan,nan,nan,nan,nan,nan,nan,nan,nan,nan,nan,nan,nan,nan,nan,nan,nan,nan,nan,nan,nan,nan,nan,nan,nan,nan,nan,nan,nan,nan,nan,nan,nan,nan,nan,nan,nan,nan,nan,nan,nan,nan,nan,nan,nan,nan,nan,nan,nan,nan,nan,nan,nan,nan,nan,nan,nan,nan,nan,nan,nan,nan,nan,nan,nan,nan,nan,nan,nan,nan,nan,nan,nan,nan,nan,nan,nan,1.592438854277133942e-02,nan,nan,nan,nan,nan,nan,nan,nan,nan,nan,nan,nan,nan,nan,nan,nan,nan,nan,nan,nan,nan,nan,nan,nan,nan,nan,nan,nan,nan,nan,nan,nan,nan,nan,nan,nan,nan,nan,nan,nan,nan,nan,nan,nan
nan,nan,nan,nan,nan,nan,nan,nan,nan,nan,nan,nan,nan,nan,nan,nan,nan,nan,nan,nan,nan,nan,nan,nan,nan,nan,nan,nan,nan,nan,nan,nan,nan,nan,nan,nan,nan,nan,nan,nan,nan,nan,nan,nan,nan,nan,nan,nan,nan,nan,nan,nan,nan,nan,nan,nan,nan,nan,nan,nan,nan,nan,nan,nan,nan,nan,nan,nan,nan,nan,nan,nan,nan,nan,nan,nan,nan,nan,nan,nan,nan,nan,nan,nan,nan,nan,nan,nan,nan,nan,nan,nan,nan,nan,nan,nan,nan,nan,nan,nan,nan,nan,nan,nan,nan,nan,nan,nan,nan,nan,nan,nan,nan,nan,nan,nan,nan,nan,nan,nan,nan,nan,nan,nan,nan,nan,nan,nan,nan,nan,nan,nan,nan,nan,nan,nan,nan,nan,nan,nan,nan,nan,nan,nan,nan,nan,nan,nan,nan,nan,nan,nan,nan,nan,nan,nan,nan,nan,nan,nan,nan,nan,nan,nan,nan,nan,nan,nan,0.000000000000000000e+00,3.736385144293308258e-03,0.000000000000000000e+00,nan,nan,nan,nan,nan,nan,nan,nan,nan,nan,nan,nan,nan,nan,nan,nan,nan,nan,nan,nan,nan,nan,nan,nan,nan,nan,nan,nan,nan,nan,nan,nan,nan,nan,nan,nan,nan,nan,nan,nan,nan,nan,nan,nan
nan,nan,nan,nan,nan,nan,nan,nan,nan,nan,nan,nan,nan,nan,nan,nan,nan,nan,nan,nan,nan,nan,nan,nan,nan,nan,nan,nan,nan,nan,nan,nan,nan,nan,nan,nan,nan,nan,nan,nan,nan,nan,nan,nan,nan,nan,nan,nan,nan,nan,nan,nan,nan,nan,nan,nan,nan,nan,nan,nan,nan,nan,nan,nan,nan,nan,nan,nan,nan,nan,nan,nan,nan,nan,nan,nan,nan,nan,nan,nan,nan,nan,nan,nan,nan,nan,nan,nan,nan,nan,nan,nan,nan,nan,nan,nan,nan,nan,nan,nan,nan,nan,nan,nan,nan,nan,nan,nan,nan,nan,nan,nan,nan,nan,nan,nan,nan,nan,nan,nan,nan,nan,nan,nan,nan,nan,nan,nan,nan,nan,nan,nan,nan,nan,nan,nan,nan,nan,nan,nan,nan,nan,nan,nan,nan,nan,nan,nan,nan,nan,nan,nan,nan,nan,nan,nan,nan,nan,nan,nan,nan,nan,nan,nan,nan,nan,nan,nan,nan,1.906957663595676422e-02,nan,nan,nan,nan,nan,nan,nan,nan,nan,nan,nan,nan,nan,nan,nan,nan,nan,nan,nan,nan,nan,nan,nan,nan,nan,nan,nan,nan,nan,nan,nan,nan,nan,nan,nan,nan,nan,nan,nan,nan,nan,nan,nan,nan,nan
nan,nan,nan,nan,nan,nan,nan,nan,nan,nan,nan,nan,nan,nan,nan,nan,nan,nan,nan,nan,nan,nan,nan,nan,nan,nan,nan,nan,nan,nan,nan,nan,nan,nan,nan,nan,nan,nan,nan,nan,nan,nan,nan,nan,nan,nan,nan,nan,nan,nan,nan,nan,nan,nan,nan,nan,nan,nan,nan,nan,nan,nan,nan,nan,nan,nan,nan,nan,nan,nan,nan,nan,nan,nan,nan,nan,nan,nan,nan,nan,nan,nan,nan,nan,nan,nan,nan,nan,nan,nan,nan,nan,nan,nan,nan,nan,nan,nan,nan,nan,nan,nan,nan,nan,nan,nan,nan,nan,nan,nan,nan,nan,nan,nan,nan,nan,nan,nan,nan,nan,nan,nan,nan,nan,nan,nan,nan,nan,nan,nan,nan,nan,nan,nan,nan,nan,nan,nan,nan,nan,nan,nan,nan,nan,nan,nan,nan,nan,nan,nan,nan,nan,nan,nan,nan,nan,nan,nan,nan,nan,nan,nan,nan,nan,nan,nan,nan,nan,0.000000000000000000e+00,0.000000000000000000e+00,nan,nan,nan,nan,nan,nan,nan,nan,nan,nan,nan,nan,nan,nan,nan,nan,nan,nan,nan,nan,nan,nan,nan,nan,nan,nan,nan,nan,nan,nan,nan,nan,nan,nan,nan,nan,nan,nan,nan,nan,nan,nan,nan,nan,nan
nan,nan,nan,nan,nan,nan,nan,nan,nan,nan,nan,nan,nan,nan,nan,nan,nan,nan,nan,nan,nan,nan,nan,nan,nan,nan,nan,nan,nan,nan,nan,nan,nan,nan,nan,nan,nan,nan,nan,nan,nan,nan,nan,nan,nan,nan,nan,nan,nan,nan,nan,nan,nan,nan,nan,nan,nan,nan,nan,nan,nan,nan,nan,nan,nan,nan,nan,nan,nan,nan,nan,nan,nan,nan,nan,nan,nan,nan,nan,nan,nan,nan,nan,nan,nan,nan,nan,nan,nan,nan,nan,nan,nan,nan,nan,nan,nan,nan,nan,nan,nan,nan,nan,nan,nan,nan,nan,nan,nan,nan,nan,nan,nan,nan,nan,nan,nan,nan,nan,nan,nan,nan,nan,nan,nan,nan,nan,nan,nan,nan,nan,nan,nan,nan,nan,nan,nan,nan,nan,nan,nan,nan,nan,nan,nan,nan,nan,nan,nan,nan,nan,nan,nan,nan,nan,nan,nan,nan,nan,nan,nan,nan,nan,nan,nan,nan,nan,nan,nan,7.058167457580566406e-02,nan,nan,nan,nan,nan,nan,nan,nan,nan,nan,nan,nan,nan,nan,nan,nan,nan,nan,nan,nan,nan,nan,nan,nan,nan,nan,nan,nan,nan,nan,nan,nan,nan,nan,nan,nan,nan,nan,nan,nan,nan,nan,nan,nan,nan
nan,nan,nan,nan,nan,nan,nan,nan,nan,nan,nan,nan,nan,nan,nan,nan,nan,nan,nan,nan,nan,nan,nan,nan,nan,nan,nan,nan,nan,nan,nan,nan,nan,nan,nan,nan,nan,nan,nan,nan,nan,nan,nan,nan,nan,nan,nan,nan,nan,nan,nan,nan,nan,nan,nan,nan,nan,nan,nan,nan,nan,nan,nan,nan,nan,nan,nan,nan,nan,nan,nan,nan,nan,nan,nan,nan,nan,nan,nan,nan,nan,nan,nan,nan,nan,nan,nan,nan,nan,nan,nan,nan,nan,nan,nan,nan,nan,nan,nan,nan,nan,nan,nan,nan,nan,nan,nan,nan,nan,nan,nan,nan,nan,nan,nan,nan,nan,nan,nan,nan,nan,nan,nan,nan,nan,nan,nan,nan,nan,nan,nan,nan,nan,nan,nan,nan,nan,nan,nan,nan,nan,nan,nan,nan,nan,nan,nan,nan,nan,nan,nan,nan,nan,nan,nan,nan,nan,nan,nan,nan,nan,nan,nan,nan,nan,nan,nan,nan,5.141401197761297226e-03,0.000000000000000000e+00,nan,0.000000000000000000e+00,nan,nan,nan,nan,nan,nan,nan,nan,nan,nan,nan,nan,nan,nan,nan,nan,nan,nan,nan,nan,nan,nan,nan,nan,nan,nan,nan,nan,nan,nan,nan,nan,nan,nan,nan,nan,nan,nan,nan,nan,nan,nan,nan
nan,nan,nan,nan,nan,nan,nan,nan,nan,nan,nan,nan,nan,nan,nan,nan,nan,nan,nan,nan,nan,nan,nan,nan,nan,nan,nan,nan,nan,nan,nan,nan,nan,nan,nan,nan,nan,nan,nan,nan,nan,nan,nan,nan,nan,nan,nan,nan,nan,nan,nan,nan,nan,nan,nan,nan,nan,nan,nan,nan,nan,nan,nan,nan,nan,nan,nan,nan,nan,nan,nan,nan,nan,nan,nan,nan,nan,nan,nan,nan,nan,nan,nan,nan,nan,nan,nan,nan,nan,nan,nan,nan,nan,nan,nan,nan,nan,nan,nan,nan,nan,nan,nan,nan,nan,nan,nan,nan,nan,nan,nan,nan,nan,nan,nan,nan,nan,nan,nan,nan,nan,nan,nan,nan,nan,nan,nan,nan,nan,nan,nan,nan,nan,nan,nan,nan,nan,nan,nan,nan,nan,nan,nan,nan,nan,nan,nan,nan,nan,nan,nan,nan,nan,nan,nan,nan,nan,nan,nan,nan,nan,nan,nan,nan,nan,nan,nan,nan,nan,0.000000000000000000e+00,0.000000000000000000e+00,0.000000000000000000e+00,nan,nan,nan,nan,nan,nan,nan,nan,nan,nan,nan,nan,nan,nan,nan,nan,nan,nan,nan,nan,nan,nan,nan,nan,nan,nan,nan,nan,nan,nan,nan,nan,nan,nan,nan,nan,nan,nan,nan,nan,nan,nan,nan
nan,nan,nan,nan,nan,nan,nan,nan,nan,nan,nan,nan,nan,nan,nan,nan,nan,nan,nan,nan,nan,nan,nan,nan,nan,nan,nan,nan,nan,nan,nan,nan,nan,nan,nan,nan,nan,nan,nan,nan,nan,nan,nan,nan,nan,nan,nan,nan,nan,nan,nan,nan,nan,nan,nan,nan,nan,nan,nan,nan,nan,nan,nan,nan,nan,nan,nan,nan,nan,nan,nan,nan,nan,nan,nan,nan,nan,nan,nan,nan,nan,nan,nan,nan,nan,nan,nan,nan,nan,nan,nan,nan,nan,nan,nan,nan,nan,nan,nan,nan,nan,nan,nan,nan,nan,nan,nan,nan,nan,nan,nan,nan,nan,nan,nan,nan,nan,nan,nan,nan,nan,nan,nan,nan,nan,nan,nan,nan,nan,nan,nan,nan,nan,nan,nan,nan,nan,nan,nan,nan,nan,nan,nan,nan,nan,nan,nan,nan,nan,nan,nan,nan,nan,nan,nan,nan,nan,nan,nan,nan,nan,nan,nan,nan,nan,0.000000000000000000e+00,2.476595789194107056e-01,0.000000000000000000e+00,6.432233005762100220e-02,nan,nan,0.000000000000000000e+00,nan,nan,nan,nan,nan,nan,nan,nan,nan,nan,nan,nan,nan,nan,nan,nan,nan,nan,nan,nan,nan,nan,nan,nan,nan,nan,nan,nan,nan,nan,nan,nan,nan,nan,nan,nan,nan,nan,nan,nan,nan,nan,nan
nan,nan,nan,nan,nan,nan,nan,nan,nan,nan,nan,nan,nan,nan,nan,nan,nan,nan,nan,nan,nan,nan,nan,nan,nan,nan,nan,nan,nan,nan,nan,nan,nan,nan,nan,nan,nan,nan,nan,nan,nan,nan,nan,nan,nan,nan,nan,nan,nan,nan,nan,nan,nan,nan,nan,nan,nan,nan,nan,nan,nan,nan,nan,nan,nan,nan,nan,nan,nan,nan,nan,nan,nan,nan,nan,nan,nan,nan,nan,nan,nan,nan,nan,nan,nan,nan,nan,nan,nan,nan,nan,nan,nan,nan,nan,nan,nan,nan,nan,nan,nan,nan,nan,nan,nan,nan,nan,nan,nan,nan,nan,nan,nan,nan,nan,nan,nan,nan,nan,nan,nan,nan,nan,nan,nan,nan,nan,nan,nan,nan,nan,nan,nan,nan,nan,nan,nan,nan,nan,nan,nan,nan,nan,nan,nan,nan,nan,nan,nan,nan,nan,nan,nan,nan,nan,nan,nan,nan,nan,nan,nan,nan,nan,nan,nan,2.777028083801269531e-02,0.000000000000000000e+00,3.083650827407836914e+00,6.442354917526245117e-01,0.000000000000000000e+00,0.000000000000000000e+00,nan,2.066294371161347954e-07,0.000000000000000000e+00,nan,nan,nan,nan,nan,nan,nan,nan,nan,3.573703812435269356e-03,6.620884232688695192e-05,nan,nan,nan,nan,nan,nan,nan,nan,nan,nan,nan,nan,nan,nan,nan,nan,nan,nan,nan,nan,nan,nan,nan,nan,nan,nan,nan,nan,nan,nan
nan,nan,nan,nan,nan,nan,nan,nan,nan,nan,nan,nan,nan,nan,nan,nan,nan,nan,nan,nan,nan,nan,nan,nan,nan,nan,nan,nan,nan,nan,nan,nan,nan,nan,nan,nan,nan,nan,nan,nan,nan,nan,nan,nan,nan,nan,nan,nan,nan,nan,nan,nan,nan,nan,nan,nan,nan,nan,nan,nan,nan,nan,nan,nan,nan,nan,nan,nan,nan,nan,nan,nan,nan,nan,nan,nan,nan,nan,nan,nan,nan,nan,nan,nan,nan,nan,nan,nan,nan,nan,nan,nan,nan,nan,nan,nan,nan,nan,nan,nan,nan,nan,nan,nan,nan,nan,nan,nan,nan,nan,nan,nan,nan,nan,nan,nan,nan,nan,nan,nan,nan,nan,nan,nan,nan,nan,nan,nan,nan,nan,nan,nan,nan,nan,nan,nan,nan,nan,nan,nan,nan,nan,nan,nan,nan,nan,nan,nan,nan,nan,nan,nan,nan,nan,nan,nan,nan,nan,nan,nan,nan,nan,0.000000000000000000e+00,1.802873909473419189e-01,6.011323332786560059e-01,nan,2.342529222369194031e-02,1.751949787139892578e+00,1.358848214149475098e+00,nan,9.027309715747833252e-02,0.000000000000000000e+00,0.000000000000000000e+00,3.147579133510589600e-01,nan,nan,nan,nan,nan,nan,nan,nan,nan,4.775190260261297226e-03,1.123106479644775391e+00,nan,nan,nan,nan,nan,nan,nan,nan,nan,nan,nan,nan,nan,nan,nan,nan,nan,nan,nan,nan,nan,nan,nan,nan,nan,nan,nan,nan,nan,nan
nan,nan,nan,nan,nan,nan,nan,nan,nan,nan,nan,nan,nan,nan,nan,nan,nan,nan,nan,nan,nan,nan,nan,nan,nan,nan,nan,nan,nan,nan,nan,nan,nan,nan,nan,nan,nan,nan,nan,nan,nan,nan,nan,nan,nan,nan,nan,nan,nan,nan,nan,nan,nan,nan,nan,nan,nan,nan,nan,nan,nan,nan,nan,nan,nan,nan,nan,nan,nan,nan,nan,nan,nan,nan,nan,nan,nan,nan,nan,nan,nan,nan,nan,nan,nan,nan,nan,nan,nan,nan,nan,nan,nan,nan,nan,nan,nan,nan,nan,nan,nan,nan,nan,nan,nan,nan,nan,nan,nan,nan,nan,nan,nan,nan,nan,nan,nan,nan,nan,nan,nan,nan,nan,nan,nan,nan,nan,nan,nan,nan,nan,nan,nan,nan,nan,nan,nan,nan,nan,nan,nan,nan,nan,nan,nan,nan,nan,nan,nan,nan,nan,nan,nan,nan,nan,nan,nan,nan,nan,nan,nan,nan,0.000000000000000000e+00,2.452972531318664551e-02,nan,2.330858230590820312e+00,1.374135166406631470e-01,3.016318559646606445e+00,1.085163950920104980e+00,0.000000000000000000e+00,1.218184158205986023e-01,4.106607437133789062e+00,6.199094653129577637e-02,1.025617361068725586e+00,4.500591158866882324e-01,nan,nan,nan,nan,nan,nan,nan,nan,5.711109042167663574e-01,2.224740505218505859e+00,nan,nan,nan,nan,nan,nan,nan,nan,nan,nan,nan,nan,nan,nan,nan,nan,nan,nan,nan,nan,nan,nan,nan,nan,nan,nan,nan,nan,nan,nan
nan,nan,nan,nan,nan,nan,nan,nan,nan,nan,nan,nan,nan,nan,nan,nan,nan,nan,nan,nan,nan,nan,nan,nan,nan,nan,nan,nan,nan,nan,nan,nan,nan,nan,nan,nan,nan,nan,nan,nan,nan,nan,nan,nan,nan,nan,nan,nan,nan,nan,nan,nan,nan,nan,nan,nan,nan,nan,nan,nan,nan,nan,nan,nan,nan,nan,nan,nan,nan,nan,nan,nan,nan,nan,nan,nan,nan,nan,nan,nan,nan,nan,nan,nan,nan,nan,nan,nan,nan,nan,nan,nan,nan,nan,nan,nan,nan,nan,nan,nan,nan,nan,nan,nan,nan,nan,nan,nan,nan,nan,nan,nan,nan,nan,nan,nan,nan,nan,nan,nan,nan,nan,nan,nan,nan,nan,nan,nan,nan,nan,nan,nan,nan,nan,nan,nan,nan,nan,nan,nan,nan,nan,nan,nan,nan,nan,nan,nan,nan,nan,nan,nan,nan,nan,nan,nan,nan,nan,nan,nan,nan,nan,nan,0.000000000000000000e+00,1.572992205619812012e+00,2.106803417205810547e+00,5.073884129524230957e-01,1.723327673971652985e-02,4.052677631378173828e+00,1.486583147197961807e-02,1.865712739527225494e-02,nan,nan,9.701269865036010742e-01,3.165340662002563477e+00,3.690603733062744141e+00,nan,nan,nan,nan,nan,nan,nan,4.575424268841743469e-02,1.201231718063354492e+00,nan,nan,nan,nan,nan,nan,nan,nan,nan,nan,nan,nan,nan,nan,nan,nan,nan,nan,nan,nan,nan,nan,nan,nan,nan,nan,nan,nan,nan,nan
nan,nan,nan,nan,nan,nan,nan,nan,nan,nan,nan,nan,nan,nan,nan,nan,nan,nan,nan,nan,nan,nan,nan,nan,nan,nan,nan,nan,nan,nan,nan,nan,nan,nan,nan,nan,nan,nan,nan,nan,nan,nan,nan,nan,nan,nan,nan,nan,nan,nan,nan,nan,nan,nan,nan,nan,nan,nan,nan,nan,nan,nan,nan,nan,nan,nan,nan,nan,nan,nan,nan,nan,nan,nan,nan,nan,nan,nan,nan,nan,nan,nan,nan,nan,nan,nan,nan,nan,nan,nan,nan,nan,nan,nan,nan,nan,nan,nan,nan,nan,nan,nan,nan,nan,nan,nan,nan,nan,nan,nan,nan,nan,nan,nan,nan,nan,nan,nan,nan,nan,nan,nan,nan,nan,nan,nan,nan,nan,nan,nan,nan,nan,nan,nan,nan,nan,nan,nan,nan,nan,nan,nan,nan,nan,nan,nan,nan,nan,nan,nan,nan,nan,nan,nan,nan,nan,nan,nan,nan,nan,nan,nan,6.687021255493164062e-02,4.696926474571228027e-02,9.365377426147460938e-01,3.297615051269531250e-02,2.048713684082031250e+00,4.839324858039617538e-03,2.421022653579711914e-01,3.855353355407714844e+00,nan,nan,0.000000000000000000e+00,0.000000000000000000e+00,nan,nan,nan,9.536743306171047152e-08,0.000000000000000000e+00,nan,nan,nan,nan,3.591567993164062500e+00,2.188524246215820312e+00,nan,nan,nan,nan,nan,nan,nan,nan,nan,nan,nan,nan,nan,nan,nan,nan,nan,nan,nan,nan,nan,nan,nan,nan,nan,nan,nan,nan,nan,nan
nan,nan,nan,nan,nan,nan,nan,nan,nan,nan,nan,nan,nan,nan,nan,nan,nan,nan,nan,nan,nan,nan,nan,nan,nan,nan,nan,nan,nan,nan,nan,nan,nan,nan,nan,nan,nan,nan,nan,nan,nan,nan,nan,nan,nan,nan,nan,nan,nan,nan,nan,nan,nan,nan,nan,nan,nan,nan,nan,nan,nan,nan,nan,nan,nan,nan,nan,nan,nan,nan,nan,nan,nan,nan,nan,nan,nan,nan,nan,nan,nan,nan,nan,nan,nan,nan,nan,nan,nan,nan,nan,nan,nan,nan,nan,nan,nan,nan,nan,nan,nan,nan,nan,nan,nan,nan,nan,nan,nan,nan,nan,nan,nan,nan,nan,nan,nan,nan,nan,nan,nan,nan,nan,nan,nan,nan,nan,nan,nan,nan,nan,nan,nan,nan,nan,nan,nan,nan,nan,nan,nan,nan,nan,nan,nan,nan,nan,nan,nan,nan,nan,nan,nan,nan,nan,nan,nan,nan,nan,nan,nan,nan,2.082252409309148788e-03,2.582840204238891602e+00,1.939319014549255371e+00,2.613329648971557617e+00,3.219197511672973633e+00,3.001056671142578125e+00,4.468631267547607422e+00,2.655675709247589111e-01,nan,nan,nan,nan,nan,nan,nan,2.998861418745946139e-06,0.000000000000000000e+00,0.000000000000000000e+00,nan,nan,nan,5.379557609558105469e-03,2.176128864288330078e+00,nan,nan,nan,nan,nan,nan,nan,nan,nan,nan,nan,nan,nan,nan,nan,nan,nan,nan,nan,nan,nan,nan,nan,nan,nan,nan,nan,nan,nan,nan
nan,nan,nan,nan,nan,nan,nan,nan,nan,nan,nan,nan,nan,nan,nan,nan,nan,nan,nan,nan,nan,nan,nan,nan,nan,nan,nan,nan,nan,nan,nan,nan,nan,nan,nan,nan,nan,nan,nan,nan,nan,nan,nan,nan,nan,nan,nan,0.000000000000000000e+00,nan,nan,nan,nan,nan,nan,nan,nan,nan,nan,nan,nan,nan,nan,nan,nan,nan,nan,nan,nan,nan,nan,nan,nan,nan,nan,nan,nan,nan,nan,nan,nan,nan,nan,nan,nan,nan,nan,nan,nan,nan,nan,nan,nan,nan,nan,nan,nan,nan,nan,nan,nan,nan,nan,nan,nan,nan,nan,nan,nan,nan,nan,nan,nan,nan,nan,nan,nan,nan,nan,nan,nan,nan,nan,nan,nan,nan,nan,nan,nan,nan,nan,nan,0.000000000000000000e+00,0.000000000000000000e+00,nan,nan,nan,nan,nan,nan,nan,nan,nan,nan,nan,nan,nan,nan,nan,nan,nan,nan,nan,nan,nan,nan,nan,nan,nan,nan,nan,nan,nan,nan,1.617823243141174316e-01,2.815918445587158203e+00,1.996788024902343750e+00,1.146590948104858398e+00,3.120449304580688477e+00,3.451001405715942383e+00,4.812493801116943359e+00,2.965463511645793915e-02,1.134824752807617188e-02,nan,0.000000000000000000e+00,0.000000000000000000e+00,nan,nan,nan,nan,4.768371653085523576e-08,nan,nan,nan,nan,2.184718847274780273e+00,nan,nan,nan,nan,nan,nan,nan,nan,nan,nan,nan,nan,nan,nan,nan,nan,nan,nan,nan,nan,nan,nan,nan,nan,nan,nan,nan,nan,nan,nan
nan,nan,nan,nan,nan,nan,nan,nan,nan,nan,nan,nan,nan,nan,nan,nan,nan,nan,nan,nan,nan,nan,nan,nan,nan,nan,nan,nan,nan,nan,nan,nan,nan,nan,nan,nan,nan,nan,nan,nan,nan,nan,nan,nan,nan,nan,nan,4.581852555274963379e-01,nan,nan,nan,nan,nan,nan,nan,nan,nan,nan,nan,nan,nan,nan,nan,nan,nan,nan,nan,nan,nan,nan,nan,nan,nan,nan,nan,nan,nan,nan,nan,nan,nan,nan,nan,nan,nan,nan,nan,nan,nan,nan,nan,nan,nan,nan,nan,nan,nan,nan,nan,nan,nan,nan,nan,nan,nan,nan,nan,nan,nan,nan,nan,nan,nan,nan,nan,nan,nan,nan,nan,nan,nan,nan,nan,nan,nan,nan,nan,nan,nan,nan,nan,0.000000000000000000e+00,1.697515017440309748e-08,0.000000000000000000e+00,0.000000000000000000e+00,1.192092895507812500e-07,nan,nan,nan,nan,nan,nan,nan,nan,nan,nan,nan,nan,nan,nan,nan,nan,nan,nan,nan,nan,nan,nan,nan,nan,nan,nan,nan,nan,0.000000000000000000e+00,9.518742561340332031e-01,1.068315148353576660e+00,1.398485779762268066e+00,4.395464897155761719e+00,2.441175840795040131e-02,5.248746395111083984e+00,9.727362990379333496e-01,nan,1.018798351287841797e-02,6.108192261308431625e-03,nan,nan,nan,nan,0.000000000000000000e+00,0.000000000000000000e+00,0.000000000000000000e+00,4.498624708503484726e-03,1.501731853932142258e-02,2.166967391967773438e+00,nan,nan,nan,nan,nan,nan,nan,nan,nan,nan,nan,nan,nan,nan,nan,nan,nan,nan,nan,nan,nan,nan,nan,nan,nan,nan,nan,nan,nan,nan
nan,nan,nan,nan,nan,nan,nan,nan,nan,nan,nan,nan,nan,nan,nan,nan,nan,nan,nan,nan,nan,nan,nan,nan,nan,nan,nan,nan,nan,nan,nan,nan,nan,nan,nan,nan,nan,nan,nan,nan,nan,nan,nan,nan,nan,nan,nan,3.607944352552294731e-03,nan,nan,nan,nan,nan,nan,nan,nan,nan,nan,nan,nan,nan,nan,nan,nan,nan,nan,nan,nan,nan,nan,nan,nan,nan,nan,nan,nan,nan,nan,nan,nan,nan,nan,nan,nan,nan,nan,nan,nan,nan,nan,nan,nan,nan,nan,nan,nan,nan,nan,nan,nan,nan,nan,nan,nan,nan,nan,nan,nan,nan,nan,nan,nan,nan,nan,nan,nan,nan,nan,nan,0.000000000000000000e+00,3.019965719431638718e-03,1.143684387207031250e-01,nan,nan,nan,nan,nan,nan,nan,nan,nan,nan,0.000000000000000000e+00,nan,0.000000000000000000e+00,nan,0.000000000000000000e+00,8.705472964720684104e-08,0.000000000000000000e+00,0.000000000000000000e+00,nan,nan,nan,nan,nan,nan,nan,nan,nan,nan,nan,nan,nan,nan,nan,nan,nan,nan,nan,nan,nan,nan,nan,nan,nan,0.000000000000000000e+00,3.187028169631958008e-01,3.811487197875976562e+00,1.107292652130126953e+00,3.669345617294311523e+00,5.526630878448486328e+00,4.832893371582031250e+00,nan,nan,6.184326484799385071e-02,2.395847439765930176e-02,0.000000000000000000e+00,nan,nan,0.000000000000000000e+00,0.000000000000000000e+00,0.000000000000000000e+00,3.595686051994562149e-03,1.922615431249141693e-02,2.055137872695922852e+00,nan,nan,nan,nan,nan,nan,nan,nan,nan,nan,nan,nan,nan,nan,nan,nan,nan,nan,nan,nan,nan,nan,nan,nan,nan,nan,nan,nan,nan,nan
nan,nan,nan,nan,nan,nan,nan,nan,nan,nan,nan,nan,nan,nan,nan,nan,nan,nan,nan,nan,nan,nan,nan,nan,nan,nan,nan,nan,nan,nan,nan,nan,nan,nan,nan,nan,nan,nan,nan,nan,nan,nan,nan,nan,nan,nan,nan,5.101860687136650085e-02,nan,nan,nan,nan,nan,nan,nan,nan,nan,nan,nan,nan,nan,nan,nan,nan,nan,nan,nan,nan,nan,nan,nan,nan,nan,nan,nan,nan,nan,nan,nan,nan,nan,nan,nan,nan,nan,nan,nan,nan,nan,nan,nan,nan,nan,nan,nan,nan,nan,nan,nan,nan,nan,nan,nan,nan,nan,nan,nan,nan,nan,nan,nan,nan,nan,nan,nan,nan,nan,nan,nan,nan,nan,nan,nan,nan,nan,nan,nan,nan,0.000000000000000000e+00,nan,nan,nan,nan,nan,nan,7.299118465198262129e-08,1.033495777846837882e-07,nan,nan,2.384185791015625000e-07,0.000000000000000000e+00,0.000000000000000000e+00,nan,nan,nan,nan,nan,nan,nan,nan,nan,nan,nan,nan,nan,nan,nan,nan,nan,nan,nan,nan,nan,nan,nan,0.000000000000000000e+00,nan,1.880771994590759277e+00,2.058318138122558594e+00,2.965978622436523438e+00,2.266238212585449219e+00,1.585911035537719727e+00,1.487768888473510742e+00,0.000000000000000000e+00,nan,5.336761241778731346e-04,nan,nan,nan,nan,nan,nan,0.000000000000000000e+00,2.782955646514892578e+00,2.185105323791503906e+00,nan,nan,nan,nan,nan,nan,nan,nan,nan,nan,nan,nan,nan,nan,nan,nan,nan,nan,nan,nan,nan,nan,nan,nan,nan,nan,nan,nan,nan,nan
nan,nan,nan,nan,nan,nan,nan,nan,nan,nan,nan,nan,nan,nan,nan,nan,nan,nan,nan,nan,nan,nan,nan,nan,nan,nan,nan,nan,nan,nan,nan,nan,nan,nan,nan,nan,nan,nan,nan,nan,nan,nan,nan,nan,nan,nan,nan,5.065676942467689514e-02,nan,nan,nan,nan,nan,nan,nan,nan,nan,nan,nan,nan,nan,nan,nan,nan,nan,nan,nan,nan,nan,nan,nan,nan,nan,nan,nan,nan,nan,nan,nan,nan,nan,nan,nan,nan,nan,nan,nan,nan,nan,nan,nan,nan,nan,nan,nan,nan,nan,nan,nan,nan,nan,nan,nan,nan,nan,nan,nan,nan,nan,nan,nan,nan,nan,nan,nan,nan,nan,nan,nan,nan,nan,nan,nan,nan,nan,nan,nan,0.000000000000000000e+00,0.000000000000000000e+00,2.384185791015625000e-07,3.572464047465473413e-04,nan,nan,nan,nan,nan,nan,nan,0.000000000000000000e+00,nan,nan,1.957015527409566857e-08,2.384185791015625000e-07,nan,nan,nan,nan,nan,nan,nan,nan,nan,nan,nan,nan,nan,nan,nan,nan,nan,nan,nan,nan,nan,nan,nan,nan,3.344039022922515869e-01,2.080849409103393555e+00,2.623056650161743164e+00,1.980547189712524414e+00,3.385226249694824219e+00,1.016499042510986328e+00,2.068313121795654297e+00,0.000000000000000000e+00,nan,nan,nan,nan,nan,nan,nan,1.026482939720153809e+00,2.431392640573903918e-04,2.101993083953857422e+00,nan,nan,nan,nan,nan,nan,nan,nan,nan,nan,nan,nan,nan,nan,nan,nan,nan,nan,nan,nan,nan,nan,nan,nan,nan,nan,nan,nan,nan,nan
nan,nan,nan,nan,nan,nan,5.314875766634941101e-02,nan,nan,nan,nan,nan,nan,nan,nan,nan,nan,nan,nan,nan,nan,nan,nan,nan,nan,nan,nan,nan,nan,nan,nan,nan,nan,nan,nan,nan,nan,nan,nan,nan,nan,nan,nan,nan,nan,nan,nan,1.279384735971689224e-02,nan,nan,nan,nan,nan,nan,nan,nan,nan,nan,nan,nan,nan,nan,nan,nan,nan,nan,nan,nan,nan,nan,nan,nan,nan,nan,nan,nan,nan,nan,nan,nan,nan,nan,nan,nan,nan,nan,nan,nan,nan,nan,nan,nan,nan,nan,nan,nan,nan,nan,nan,nan,nan,nan,nan,nan,nan,nan,nan,nan,nan,nan,nan,nan,nan,nan,nan,nan,4.835597038269042969e+00,4.507160186767578125e+00,4.972733497619628906e+00,4.815476894378662109e+00,nan,nan,nan,nan,nan,nan,nan,nan,0.000000000000000000e+00,1.128966360397498647e-07,nan,nan,nan,nan,nan,nan,nan,nan,nan,nan,9.146877744115045061e-08,nan,0.000000000000000000e+00,nan,nan,0.000000000000000000e+00,0.000000000000000000e+00,nan,nan,nan,nan,nan,nan,nan,nan,nan,nan,nan,nan,nan,nan,nan,nan,nan,nan,nan,nan,nan,nan,9.330634117126464844e+00,2.891373395919799805e+00,4.678751468658447266e+00,1.269441843032836914e-01,2.916339635848999023e+00,nan,nan,nan,nan,nan,nan,nan,2.685041353106498718e-02,6.922337412834167480e-02,nan,2.085941314697265625e+00,nan,nan,nan,nan,nan,nan,nan,nan,nan,nan,nan,nan,nan,nan,nan,nan,nan,nan,nan,nan,nan,nan,nan,nan,nan,nan,nan,nan,nan,nan
nan,nan,nan,nan,nan,nan,7.318787276744842529e-02,nan,nan,nan,nan,nan,nan,nan,nan,nan,nan,nan,nan,nan,nan,nan,nan,nan,nan,nan,nan,nan,nan,nan,nan,nan,nan,nan,nan,nan,nan,nan,nan,nan,nan,nan,nan,nan,nan,nan,nan,nan,nan,nan,nan,nan,nan,nan,nan,nan,nan,nan,nan,nan,nan,nan,nan,nan,nan,nan,nan,nan,nan,nan,nan,nan,nan,nan,nan,nan,nan,nan,nan,nan,nan,nan,nan,nan,nan,nan,nan,nan,nan,nan,nan,nan,nan,nan,nan,nan,nan,nan,nan,nan,nan,nan,nan,nan,nan,nan,nan,nan,nan,nan,nan,nan,nan,nan,nan,nan,nan,nan,nan,nan,nan,nan,nan,nan,nan,nan,nan,nan,nan,1.965398066516854669e-09,0.000000000000000000e+00,nan,nan,nan,nan,nan,nan,nan,nan,nan,nan,nan,nan,nan,nan,0.000000000000000000e+00,0.000000000000000000e+00,0.000000000000000000e+00,0.000000000000000000e+00,nan,nan,nan,nan,nan,nan,nan,nan,nan,nan,nan,nan,nan,nan,nan,nan,nan,nan,nan,nan,nan,1.403382897377014160e+00,9.885728359222412109e-02,0.000000000000000000e+00,2.132988069206476212e-03,nan,nan,nan,nan,nan,nan,0.000000000000000000e+00,1.071179389953613281e+00,5.591034889221191406e-03,6.287398934364318848e-01,1.070918440818786621e+00,nan,nan,nan,nan,nan,nan,nan,nan,nan,nan,nan,nan,nan,nan,nan,nan,nan,nan,nan,nan,nan,nan,nan,nan,nan,nan,nan,nan,nan,nan
nan,nan,nan,nan,nan,0.000000000000000000e+00,nan,nan,nan,nan,nan,nan,nan,nan,nan,nan,nan,nan,nan,nan,nan,nan,nan,nan,nan,nan,nan,nan,nan,nan,nan,nan,nan,nan,nan,nan,nan,nan,nan,nan,nan,nan,nan,nan,8.570897392928600311e-03,1.923867613077163696e-01,5.340818315744400024e-02,5.727489590644836426e-01,nan,nan,nan,nan,nan,nan,nan,nan,nan,nan,nan,nan,nan,nan,nan,nan,nan,nan,nan,nan,nan,nan,nan,nan,nan,nan,nan,nan,nan,nan,nan,nan,nan,nan,nan,nan,nan,nan,nan,nan,nan,nan,nan,nan,nan,nan,nan,nan,nan,nan,nan,nan,nan,nan,nan,nan,nan,nan,nan,nan,nan,nan,nan,nan,nan,nan,nan,nan,nan,nan,nan,nan,nan,nan,nan,nan,nan,nan,nan,nan,nan,nan,nan,nan,nan,nan,nan,nan,nan,nan,nan,nan,nan,nan,nan,nan,nan,0.000000000000000000e+00,6.375913841338842758e-08,0.000000000000000000e+00,2.384185791015625000e-07,0.000000000000000000e+00,0.000000000000000000e+00,nan,nan,nan,nan,nan,nan,nan,nan,nan,nan,nan,nan,nan,nan,nan,nan,nan,nan,2.012474060058593750e+00,nan,nan,nan,nan,nan,nan,nan,nan,nan,nan,0.000000000000000000e+00,8.669990301132202148e-01,nan,0.000000000000000000e+00,2.472647838294506073e-02,nan,nan,nan,nan,nan,nan,nan,nan,nan,nan,nan,nan,nan,nan,nan,nan,nan,nan,nan,nan,nan,nan,nan,nan,nan,nan,nan,nan,nan,nan
nan,nan,nan,nan,nan,nan,8.758293092250823975e-02,nan,nan,nan,nan,nan,nan,nan,nan,nan,nan,nan,nan,nan,nan,nan,nan,nan,nan,nan,nan,nan,nan,nan,nan,nan,nan,nan,nan,nan,nan,nan,nan,nan,nan,nan,nan,nan,nan,nan,nan,nan,nan,nan,nan,nan,nan,nan,nan,nan,nan,nan,nan,nan,nan,nan,nan,nan,nan,nan,nan,nan,nan,nan,nan,nan,nan,nan,nan,nan,nan,nan,nan,nan,nan,nan,nan,nan,nan,nan,nan,nan,nan,nan,nan,nan,nan,nan,nan,nan,nan,nan,nan,nan,nan,nan,nan,nan,nan,nan,nan,nan,nan,nan,nan,nan,nan,nan,nan,nan,0.000000000000000000e+00,0.000000000000000000e+00,nan,nan,nan,nan,nan,nan,nan,nan,nan,nan,nan,nan,nan,nan,nan,nan,nan,nan,nan,nan,nan,nan,nan,nan,nan,nan,nan,nan,0.000000000000000000e+00,0.000000000000000000e+00,nan,2.128867748751872568e-09,7.947286206899661920e-08,0.000000000000000000e+00,nan,nan,nan,nan,nan,nan,nan,nan,nan,nan,nan,nan,nan,nan,nan,nan,3.366729617118835449e-01,8.884455561637878418e-01,2.204317748546600342e-01,nan,nan,nan,nan,nan,nan,nan,nan,nan,nan,nan,nan,4.162251949310302734e-02,1.033911585807800293e+00,nan,nan,nan,nan,nan,nan,nan,nan,nan,nan,nan,nan,nan,nan,nan,nan,nan,nan,nan,nan,nan,nan,nan,nan,nan,nan,nan,nan,nan,nan
nan,nan,nan,nan,nan,nan,6.349048018455505371e-02,nan,nan,nan,nan,nan,nan,nan,nan,nan,nan,nan,nan,nan,nan,nan,nan,nan,nan,nan,nan,nan,nan,nan,nan,nan,nan,nan,nan,nan,nan,nan,nan,nan,nan,nan,nan,nan,nan,nan,nan,nan,nan,nan,nan,nan,nan,nan,nan,nan,nan,nan,nan,nan,nan,nan,nan,nan,nan,nan,nan,nan,nan,nan,nan,nan,nan,nan,nan,nan,nan,nan,nan,nan,nan,nan,nan,nan,nan,nan,nan,nan,nan,nan,nan,nan,nan,nan,nan,nan,nan,nan,nan,nan,nan,nan,nan,nan,nan,nan,nan,nan,nan,nan,nan,nan,nan,nan,nan,nan,1.788139343261718750e-07,1.282600692320556846e-07,3.719849530625651823e-07,2.503394966879568528e-07,nan,nan,nan,nan,nan,nan,nan,nan,nan,nan,nan,nan,nan,nan,nan,nan,nan,nan,nan,nan,nan,nan,nan,nan,nan,nan,nan,nan,9.270233469749200594e-09,nan,nan,0.000000000000000000e+00,5.960464477539062500e-08,nan,nan,nan,nan,nan,nan,nan,nan,nan,nan,nan,nan,nan,nan,nan,nan,nan,3.719345927238464355e-01,nan,nan,nan,nan,nan,nan,nan,nan,nan,nan,nan,nan,nan,2.026934623718261719e+00,nan,nan,nan,nan,nan,nan,nan,nan,nan,nan,nan,nan,nan,nan,nan,nan,nan,nan,nan,nan,nan,nan,nan,nan,nan,nan,nan,nan,nan,nan
nan,nan,nan,nan,nan,nan,nan,nan,nan,nan,nan,nan,nan,nan,nan,nan,nan,nan,nan,nan,nan,nan,nan,nan,nan,nan,nan,nan,nan,nan,nan,nan,nan,nan,0.000000000000000000e+00,nan,nan,nan,nan,nan,0.000000000000000000e+00,nan,nan,nan,nan,nan,nan,nan,nan,nan,nan,nan,nan,nan,nan,nan,nan,nan,nan,nan,nan,nan,nan,nan,nan,nan,nan,nan,nan,nan,nan,nan,nan,nan,nan,nan,nan,nan,nan,nan,nan,nan,nan,nan,nan,nan,nan,nan,nan,nan,nan,nan,nan,nan,nan,nan,nan,nan,nan,nan,nan,nan,nan,nan,nan,nan,nan,nan,nan,nan,nan,nan,nan,nan,nan,nan,nan,nan,0.000000000000000000e+00,2.904763505284790881e-07,nan,nan,nan,nan,nan,nan,nan,nan,nan,nan,nan,nan,nan,nan,nan,nan,nan,nan,nan,nan,nan,nan,nan,nan,nan,nan,nan,nan,nan,0.000000000000000000e+00,0.000000000000000000e+00,0.000000000000000000e+00,0.000000000000000000e+00,2.384185791015625000e-07,0.000000000000000000e+00,nan,nan,nan,nan,nan,nan,nan,nan,nan,nan,nan,nan,1.755745768547058105e+00,1.788284659385681152e+00,9.264318346977233887e-01,nan,nan,nan,nan,nan,nan,nan,nan,nan,nan,nan,3.931365013122558594e-01,nan,nan,2.001563549041748047e+00,nan,nan,nan,nan,nan,nan,nan,nan,nan,nan,nan,nan,nan,nan,nan,nan,nan,nan,nan,nan,nan,nan,nan,nan,nan,nan,nan,nan,nan,nan
nan,nan,nan,nan,nan,nan,nan,nan,nan,nan,nan,nan,nan,nan,nan,nan,nan,nan,nan,nan,nan,nan,nan,nan,nan,nan,nan,nan,nan,nan,nan,nan,nan,0.000000000000000000e+00,nan,nan,nan,nan,nan,nan,nan,nan,nan,nan,nan,nan,nan,nan,nan,nan,nan,nan,nan,nan,nan,nan,nan,nan,nan,nan,nan,nan,nan,nan,nan,nan,nan,nan,nan,nan,nan,nan,nan,nan,nan,nan,nan,nan,nan,nan,nan,nan,nan,nan,nan,nan,nan,nan,nan,nan,nan,nan,nan,nan,nan,nan,nan,nan,nan,nan,nan,nan,nan,nan,nan,nan,nan,nan,nan,nan,nan,nan,nan,nan,nan,nan,0.000000000000000000e+00,0.000000000000000000e+00,1.817661762237548828e+00,nan,nan,nan,nan,nan,nan,nan,nan,nan,nan,nan,nan,nan,nan,nan,nan,nan,nan,nan,nan,nan,nan,nan,nan,nan,nan,nan,nan,nan,nan,nan,0.000000000000000000e+00,0.000000000000000000e+00,4.027941358231146296e-08,0.000000000000000000e+00,0.000000000000000000e+00,0.000000000000000000e+00,nan,nan,nan,nan,nan,nan,nan,nan,nan,nan,1.582120954990386963e-01,1.269598841667175293e+00,3.386572837829589844e+00,1.178367257118225098e+00,nan,nan,nan,nan,nan,nan,nan,nan,nan,nan,nan,1.483813971281051636e-01,0.000000000000000000e+00,3.152241185307502747e-02,2.003901958465576172e+00,nan,nan,nan,nan,nan,nan,nan,nan,nan,nan,nan,nan,nan,nan,nan,nan,nan,nan,nan,nan,nan,nan,nan,nan,nan,nan,nan,nan,nan,nan
nan,nan,nan,nan,nan,nan,nan,nan,nan,nan,nan,nan,nan,nan,nan,nan,nan,nan,nan,nan,nan,nan,nan,nan,nan,nan,nan,nan,nan,nan,nan,nan,0.000000000000000000e+00,0.000000000000000000e+00,0.000000000000000000e+00,nan,0.000000000000000000e+00,nan,nan,nan,nan,nan,nan,nan,nan,nan,nan,nan,nan,nan,nan,nan,nan,nan,nan,nan,nan,nan,nan,nan,nan,nan,nan,nan,nan,nan,nan,nan,nan,1.353127458969538566e-06,nan,nan,nan,nan,nan,nan,nan,nan,nan,nan,nan,nan,nan,nan,nan,nan,nan,nan,nan,nan,nan,nan,nan,nan,nan,nan,nan,nan,nan,nan,nan,nan,nan,nan,nan,nan,nan,nan,nan,nan,nan,nan,nan,nan,nan,1.252599304280010983e-07,2.014448483578235027e-07,1.638975106743600918e-07,2.384185791015625000e-07,8.520976280124159530e-07,nan,nan,nan,nan,nan,nan,nan,nan,nan,nan,nan,nan,nan,nan,nan,nan,nan,nan,nan,nan,nan,nan,nan,nan,nan,nan,nan,nan,nan,nan,nan,nan,nan,1.777558367166420794e-08,nan,5.987703133314425941e-08,0.000000000000000000e+00,nan,nan,nan,nan,nan,nan,nan,nan,2.265718698501586914e+00,9.014543294906616211e-01,6.380828097462654114e-03,0.000000000000000000e+00,0.000000000000000000e+00,3.562530502676963806e-02,nan,nan,nan,nan,nan,nan,nan,nan,nan,1.632502824068069458e-01,0.000000000000000000e+00,1.616716384887695312e-03,9.122749418020248413e-02,1.946996450424194336e+00,nan,nan,nan,nan,nan,nan,nan,nan,nan,nan,nan,nan,nan,nan,nan,nan,nan,nan,nan,nan,nan,nan,nan,nan,nan,nan,nan,nan,nan,nan
nan,nan,nan,nan,nan,nan,nan,nan,nan,nan,nan,nan,nan,nan,nan,nan,nan,nan,nan,nan,nan,nan,nan,nan,nan,nan,nan,nan,nan,nan,nan,nan,0.000000000000000000e+00,0.000000000000000000e+00,2.091769147227751091e-06,0.000000000000000000e+00,nan,nan,nan,nan,nan,nan,nan,nan,nan,nan,nan,nan,nan,nan,nan,nan,nan,nan,nan,nan,nan,nan,nan,nan,nan,nan,nan,nan,nan,nan,nan,2.101672180288005620e-06,0.000000000000000000e+00,0.000000000000000000e+00,nan,nan,nan,nan,nan,nan,nan,nan,nan,nan,nan,nan,nan,nan,nan,nan,nan,nan,nan,nan,nan,nan,nan,nan,nan,nan,nan,nan,nan,nan,nan,nan,nan,nan,nan,nan,nan,nan,nan,nan,nan,nan,nan,nan,nan,nan,0.000000000000000000e+00,0.000000000000000000e+00,0.000000000000000000e+00,nan,nan,nan,nan,nan,nan,nan,nan,nan,nan,nan,nan,nan,nan,nan,nan,nan,nan,nan,nan,nan,nan,nan,nan,nan,nan,nan,nan,nan,nan,nan,nan,nan,nan,nan,1.091412826781379408e-08,0.000000000000000000e+00,nan,0.000000000000000000e+00,0.000000000000000000e+00,nan,nan,nan,nan,nan,1.446185827255249023e+00,2.373717784881591797e+00,2.605152606964111328e+00,4.238710403442382812e+00,7.192134857177734375e-03,6.570219993591308594e-03,1.596050336956977844e-02,nan,nan,nan,nan,nan,nan,nan,nan,nan,4.276747629046440125e-02,0.000000000000000000e+00,0.000000000000000000e+00,1.218414283357560635e-03,1.981744885444641113e+00,nan,nan,nan,nan,nan,nan,nan,nan,nan,nan,nan,nan,nan,nan,nan,nan,nan,nan,nan,nan,nan,nan,nan,nan,nan,nan,nan,nan,nan,nan
nan,nan,nan,nan,nan,nan,nan,nan,nan,nan,nan,nan,nan,nan,nan,nan,nan,nan,nan,nan,nan,nan,nan,nan,nan,nan,nan,nan,nan,nan,nan,0.000000000000000000e+00,nan,nan,1.743100824569410179e-06,0.000000000000000000e+00,nan,nan,nan,nan,nan,nan,nan,nan,nan,nan,nan,nan,nan,nan,nan,nan,nan,nan,nan,nan,nan,nan,nan,nan,nan,nan,nan,nan,nan,nan,nan,0.000000000000000000e+00,1.723709317502652993e-07,nan,nan,nan,nan,nan,nan,nan,nan,nan,nan,nan,nan,nan,nan,nan,nan,nan,nan,nan,nan,nan,nan,nan,nan,nan,nan,nan,nan,nan,nan,nan,nan,nan,nan,nan,nan,nan,nan,nan,nan,nan,nan,nan,nan,nan,nan,nan,nan,nan,nan,0.000000000000000000e+00,nan,nan,nan,nan,nan,nan,nan,nan,nan,nan,nan,nan,nan,nan,nan,nan,nan,nan,nan,nan,nan,nan,nan,nan,nan,nan,nan,nan,nan,nan,nan,nan,nan,nan,nan,nan,0.000000000000000000e+00,nan,0.000000000000000000e+00,0.000000000000000000e+00,nan,nan,nan,0.000000000000000000e+00,1.764731884002685547e+00,2.417135238647460938e-02,2.384131431579589844e+00,1.900560975074768066e+00,6.497932970523834229e-02,3.545646741986274719e-02,6.213607788085937500e-01,nan,nan,3.479633480310440063e-02,0.000000000000000000e+00,nan,nan,nan,nan,nan,4.167823791503906250e-01,0.000000000000000000e+00,1.171041727066040039e+00,nan,2.931652545928955078e+00,nan,nan,nan,nan,nan,nan,nan,nan,nan,nan,nan,nan,nan,nan,nan,nan,nan,nan,nan,nan,nan,nan,nan,nan,nan,nan,nan,nan,nan,nan
nan,nan,nan,nan,nan,nan,nan,nan,nan,nan,nan,nan,nan,nan,nan,nan,nan,nan,nan,nan,nan,nan,nan,nan,nan,nan,nan,nan,nan,nan,0.000000000000000000e+00,1.191459162441788067e-07,3.528256229401449673e-07,4.247085598763078451e-07,0.000000000000000000e+00,nan,nan,nan,nan,nan,nan,nan,1.393486022949218750e+00,1.901468396186828613e+00,1.741345167160034180e+00,2.479776620864868164e+00,1.373673439025878906e+00,1.493595480918884277e+00,nan,nan,nan,nan,nan,nan,nan,nan,nan,nan,nan,nan,nan,nan,nan,nan,nan,nan,nan,nan,nan,nan,nan,nan,nan,nan,nan,nan,nan,nan,nan,nan,nan,nan,nan,nan,nan,nan,nan,nan,1.163339614868164062e+00,1.169106841087341309e+00,1.161619901657104492e+00,6.335011124610900879e-01,1.164094686508178711e+00,1.161544799804687500e+00,1.162578225135803223e+00,1.158503055572509766e+00,1.155054807662963867e+00,1.155988931655883789e+00,1.157581686973571777e+00,nan,nan,nan,nan,nan,nan,nan,nan,nan,nan,nan,nan,nan,nan,nan,nan,nan,nan,nan,nan,nan,nan,nan,nan,nan,0.000000000000000000e+00,nan,nan,nan,nan,nan,nan,nan,nan,nan,nan,nan,nan,nan,nan,nan,nan,nan,nan,nan,nan,nan,nan,nan,nan,nan,nan,nan,nan,nan,nan,nan,nan,nan,0.000000000000000000e+00,0.000000000000000000e+00,0.000000000000000000e+00,nan,nan,nan,1.863949298858642578e+00,1.925155758857727051e+00,2.469827651977539062e+00,1.330108761787414551e+00,8.747623562812805176e-01,nan,0.000000000000000000e+00,nan,nan,2.707977533340454102e+00,nan,nan,nan,nan,nan,nan,7.258968055248260498e-02,6.482421159744262695e-01,9.635568857192993164e-01,0.000000000000000000e+00,2.977241516113281250e+00,nan,nan,nan,nan,nan,nan,nan,nan,nan,nan,nan,nan,nan,nan,nan,nan,nan,nan,nan,nan,nan,nan,nan,nan,nan,nan,nan,nan,nan,nan
nan,nan,nan,nan,nan,nan,nan,nan,nan,nan,nan,nan,nan,nan,nan,nan,nan,nan,nan,nan,nan,nan,nan,nan,nan,nan,nan,nan,nan,nan,2.384185791015625000e-07,5.080135565549426246e-07,nan,nan,nan,nan,nan,nan,nan,nan,nan,nan,nan,nan,nan,nan,nan,nan,nan,nan,nan,nan,nan,nan,nan,nan,nan,nan,nan,nan,nan,nan,nan,nan,nan,nan,nan,nan,nan,nan,nan,nan,nan,nan,nan,nan,nan,nan,nan,nan,nan,nan,nan,nan,nan,nan,nan,9.051865935325622559e-01,5.563929677009582520e-01,4.184677493412891636e-08,1.937869029688954470e-07,3.030649224911030615e-07,4.269559497060981812e-07,0.000000000000000000e+00,4.379779454666277161e-07,2.820158613303647144e-07,0.000000000000000000e+00,0.000000000000000000e+00,1.153591990470886230e+00,6.286148428916931152e-01,nan,nan,nan,nan,nan,nan,nan,nan,nan,nan,nan,nan,nan,nan,nan,nan,nan,nan,nan,nan,nan,nan,nan,nan,6.118348836898803711e-01,nan,nan,nan,nan,nan,nan,nan,nan,nan,0.000000000000000000e+00,nan,nan,nan,nan,nan,nan,nan,nan,nan,nan,nan,nan,nan,nan,nan,nan,nan,nan,nan,nan,nan,nan,nan,0.000000000000000000e+00,nan,0.000000000000000000e+00,1.338584070254000835e-07,0.000000000000000000e+00,0.000000000000000000e+00,0.000000000000000000e+00,1.589922666549682617e+00,2.468913793563842773e+00,3.871932268142700195e+00,1.094943881034851074e+00,4.948931336402893066e-01,0.000000000000000000e+00,nan,nan,2.814349174499511719e+00,2.624112129211425781e+00,1.909769698977470398e-02,nan,nan,nan,nan,nan,nan,0.000000000000000000e+00,9.990661144256591797e-01,3.901403427124023438e+00,1.523469328880310059e+00,nan,nan,nan,nan,nan,nan,nan,nan,nan,nan,nan,nan,nan,nan,nan,nan,nan,nan,nan,nan,nan,nan,nan,nan,nan,nan,nan,nan,nan
nan,nan,nan,nan,nan,nan,nan,nan,nan,nan,nan,nan,nan,nan,nan,nan,nan,nan,nan,nan,nan,nan,nan,nan,nan,nan,nan,nan,nan,1.314080463998834603e-06,0.000000000000000000e+00,nan,0.000000000000000000e+00,0.000000000000000000e+00,nan,nan,nan,nan,nan,nan,nan,nan,nan,nan,nan,nan,nan,nan,nan,nan,nan,nan,nan,nan,nan,nan,nan,nan,nan,nan,nan,nan,nan,nan,nan,nan,nan,nan,nan,nan,nan,nan,nan,nan,nan,nan,nan,nan,nan,nan,nan,nan,nan,nan,nan,nan,nan,6.591916680335998535e-01,0.000000000000000000e+00,0.000000000000000000e+00,9.125778177576648886e-08,2.952491229279985419e-07,7.887504125392297283e-07,nan,4.928006092086434364e-07,0.000000000000000000e+00,0.000000000000000000e+00,0.000000000000000000e+00,0.000000000000000000e+00,0.000000000000000000e+00,nan,nan,nan,nan,nan,nan,nan,nan,nan,nan,nan,nan,nan,nan,nan,nan,0.000000000000000000e+00,3.423841690164408647e-07,1.988788369544636225e-07,nan,nan,nan,nan,nan,2.038936689496040344e-02,nan,nan,nan,1.866592168807983398e-01,5.602345943450927734e+00,nan,6.867249612696468830e-04,2.029093622013533604e-07,nan,nan,nan,nan,nan,nan,nan,nan,nan,nan,nan,nan,nan,nan,nan,nan,nan,nan,nan,nan,nan,nan,nan,nan,nan,nan,0.000000000000000000e+00,nan,2.749431587290018797e-06,7.299602508544921875e+00,2.181720733642578125e-02,2.038856506347656250e+00,1.768208265304565430e+00,2.553729772567749023e+00,1.640760898590087891e+00,9.263809025287628174e-02,9.057977795600891113e-02,1.764720082283020020e+00,nan,nan,0.000000000000000000e+00,nan,0.000000000000000000e+00,nan,nan,nan,nan,nan,nan,nan,3.925841808319091797e+00,6.057670116424560547e+00,2.531108856201171875e+00,1.481862425804138184e+00,nan,nan,nan,nan,nan,nan,nan,nan,nan,nan,nan,nan,nan,nan,nan,nan,nan,nan,nan,nan,nan,nan,nan,nan,nan,nan,nan,nan
nan,nan,nan,nan,nan,nan,nan,nan,nan,nan,nan,nan,nan,nan,nan,nan,nan,nan,nan,nan,nan,nan,nan,nan,nan,nan,nan,nan,1.935569002853299025e-07,4.499459009821293876e-07,8.014595209715480451e-08,0.000000000000000000e+00,nan,nan,nan,nan,nan,nan,nan,nan,nan,nan,nan,nan,nan,nan,nan,nan,nan,nan,nan,nan,nan,nan,nan,nan,nan,nan,nan,nan,nan,nan,nan,nan,nan,nan,nan,nan,nan,0.000000000000000000e+00,8.824982494115829468e-02,nan,nan,nan,nan,nan,nan,nan,nan,nan,nan,nan,nan,nan,nan,nan,nan,1.112139940261840820e+00,1.195813775062561035e+00,1.270166635513305664e+00,1.281191825866699219e+00,1.255422353744506836e+00,1.238759398460388184e+00,2.729356527328491211e+00,1.215744376182556152e+00,1.208281993865966797e+00,1.245229721069335938e+00,1.307632565498352051e+00,1.309057474136352539e+00,5.736442208290100098e-01,nan,nan,9.085643887519836426e-01,7.348991036415100098e-01,9.326685070991516113e-01,9.374394416809082031e-01,8.982197046279907227e-01,9.298491477966308594e-01,1.116091489791870117e+00,1.093308448791503906e+00,1.081809520721435547e+00,9.599823355674743652e-01,8.480620980262756348e-01,1.053217053413391113e+00,1.081415891647338867e+00,1.151901721954345703e+00,6.640442013740539551e-01,0.000000000000000000e+00,0.000000000000000000e+00,0.000000000000000000e+00,nan,nan,nan,1.648622274398803711e+00,1.192092895507812500e-07,0.000000000000000000e+00,nan,nan,nan,0.000000000000000000e+00,nan,0.000000000000000000e+00,1.924253467677772278e-07,0.000000000000000000e+00,3.811975091139174765e-08,5.960464477539062500e-08,0.000000000000000000e+00,nan,nan,nan,nan,nan,nan,nan,nan,nan,nan,nan,nan,nan,nan,nan,nan,nan,nan,nan,nan,nan,nan,nan,0.000000000000000000e+00,nan,6.204054355621337891e+00,7.713870048522949219e+00,2.151440143585205078e+00,1.583029031753540039e-01,2.505073785781860352e+00,1.129284858703613281e+00,5.418859124183654785e-01,2.114559412002563477e+00,1.883733272552490234e+00,nan,nan,nan,nan,nan,nan,nan,nan,nan,nan,nan,nan,4.310090065002441406e+00,4.827349185943603516e+00,nan,1.934640884399414062e+00,nan,nan,nan,nan,nan,nan,nan,nan,nan,nan,nan,nan,nan,nan,nan,nan,nan,nan,nan,nan,nan,nan,nan,nan,nan,nan,nan,nan
nan,nan,nan,nan,nan,nan,nan,nan,nan,nan,nan,nan,nan,nan,nan,nan,nan,nan,nan,nan,nan,nan,nan,nan,nan,nan,nan,nan,0.000000000000000000e+00,0.000000000000000000e+00,nan,nan,nan,nan,nan,nan,nan,nan,nan,nan,nan,nan,nan,nan,nan,nan,nan,nan,nan,nan,nan,nan,nan,nan,nan,nan,nan,nan,nan,nan,nan,nan,nan,nan,nan,nan,nan,nan,nan,0.000000000000000000e+00,0.000000000000000000e+00,4.952090263366699219e+00,3.346593379974365234e+00,3.318070888519287109e+00,3.333148002624511719e+00,3.333253622055053711e+00,3.910000324249267578e+00,3.152661085128784180e+00,3.161175727844238281e+00,3.353104829788208008e+00,4.712612152099609375e+00,4.339489459991455078e+00,4.073784351348876953e+00,4.096918106079101562e+00,3.890223741531372070e+00,3.632284879684448242e+00,nan,4.389544486999511719e+00,1.244048714637756348e+00,3.776471853256225586e+00,0.000000000000000000e+00,0.000000000000000000e+00,nan,2.486211776733398438e+00,6.395194418473693077e-08,3.792592525482177734e+00,1.076633793672954198e-06,0.000000000000000000e+00,1.253139019012451172e+00,1.238699555397033691e+00,nan,4.295510292053222656e+00,4.512373447418212891e+00,4.938253402709960938e+00,4.954154014587402344e+00,1.897153258323669434e+00,4.951698780059814453e+00,4.953640460968017578e+00,1.931986451148986816e+00,4.953550815582275391e+00,1.841726422309875488e+00,4.962973594665527344e+00,4.950782775878906250e+00,4.951997280120849609e+00,1.875672101974487305e+00,4.951703548431396484e+00,1.817661285400390625e+00,0.000000000000000000e+00,4.015043941762996837e-08,nan,nan,nan,nan,1.114018440246582031e+00,0.000000000000000000e+00,1.087044978476114920e-07,1.192092895507812500e-07,1.448627386935186223e-07,0.000000000000000000e+00,0.000000000000000000e+00,nan,1.375427353195846081e-03,1.594378886693448294e-07,3.309106233473357861e-08,9.866379002687608590e-08,1.598436227823185618e-07,1.820995834123095847e-07,nan,0.000000000000000000e+00,nan,0.000000000000000000e+00,nan,nan,nan,nan,nan,nan,nan,nan,nan,nan,nan,nan,nan,nan,nan,nan,nan,nan,nan,nan,0.000000000000000000e+00,8.389722824096679688e+00,3.596000969409942627e-01,4.913697242736816406e+00,1.820592761039733887e+00,2.654650688171386719e+00,2.459837675094604492e+00,1.600112795829772949e+00,1.962008476257324219e+00,1.296825766563415527e+00,0.000000000000000000e+00,0.000000000000000000e+00,0.000000000000000000e+00,nan,nan,6.680297665297985077e-03,nan,nan,nan,nan,nan,nan,3.196463882923126221e-01,5.582432746887207031e+00,0.000000000000000000e+00,1.926282048225402832e+00,nan,nan,nan,nan,nan,nan,nan,nan,nan,nan,nan,nan,nan,nan,nan,nan,nan,nan,nan,nan,nan,nan,nan,nan,nan,nan,nan,nan
nan,nan,nan,nan,nan,nan,nan,nan,nan,nan,nan,nan,nan,nan,nan,nan,nan,nan,nan,nan,nan,nan,nan,nan,nan,nan,0.000000000000000000e+00,2.613540118545643054e-06,1.432727714245629613e-07,nan,nan,nan,nan,nan,nan,nan,nan,nan,nan,nan,nan,nan,nan,nan,nan,nan,nan,nan,nan,nan,nan,nan,nan,nan,nan,nan,nan,nan,nan,nan,nan,nan,nan,nan,nan,nan,nan,nan,nan,0.000000000000000000e+00,0.000000000000000000e+00,6.272521204664371908e-07,3.576100826263427734e+00,3.588443994522094727e+00,3.610270261764526367e+00,3.615502357482910156e+00,2.633064091205596924e-01,3.353185892105102539e+00,0.000000000000000000e+00,3.094932794570922852e+00,3.159639358520507812e+00,1.955956369638442993e-01,3.286119103431701660e-01,2.010530605912208557e-02,nan,3.756273984909057617e+00,nan,4.348138809204101562e+00,0.000000000000000000e+00,0.000000000000000000e+00,nan,0.000000000000000000e+00,3.803895711898803711e+00,1.192092895507812500e-07,2.951685651453317405e-08,0.000000000000000000e+00,nan,3.568124213870760286e-07,0.000000000000000000e+00,2.390225172042846680e+00,nan,3.830215930938720703e+00,nan,3.353553295135498047e+00,3.361763477325439453e+00,3.338108062744140625e+00,3.371679306030273438e+00,2.469920180737972260e-02,3.366937160491943359e+00,3.365170478820800781e+00,3.360658645629882812e+00,3.329292535781860352e-01,4.818264394998550415e-02,3.366775035858154297e+00,3.416058719158172607e-01,nan,nan,nan,8.198362024813832249e-07,0.000000000000000000e+00,nan,2.390925213694572449e-02,1.420938611030578613e+00,1.031104326248168945e+00,1.096129267352807801e-07,3.365890961504192092e-06,1.248598664460587315e-07,1.713027728555971407e-07,0.000000000000000000e+00,2.384185791015625000e-07,0.000000000000000000e+00,nan,nan,0.000000000000000000e+00,nan,0.000000000000000000e+00,1.230646375915966928e-07,4.963936817148351111e-07,1.744670385050994810e-06,0.000000000000000000e+00,8.038629744078207295e-07,nan,nan,0.000000000000000000e+00,nan,nan,nan,nan,nan,nan,nan,nan,nan,nan,nan,nan,nan,nan,nan,nan,nan,nan,8.233022876083850861e-03,4.876918315887451172e+00,8.202399253845214844e+00,7.751989364624023438e+00,2.290766477584838867e+00,3.013569593429565430e+00,3.634217500686645508e+00,1.717283964157104492e+00,6.127789497375488281e+00,8.323588967323303223e-01,7.696890830993652344e-01,2.404920570552349091e-02,2.744746923446655273e+00,6.006891131401062012e-01,4.162408411502838135e-01,1.554597735404968262e+00,6.438446231186389923e-03,nan,nan,nan,nan,4.252598285675048828e+00,5.242350101470947266e+00,nan,2.464848518371582031e+00,nan,nan,nan,nan,nan,nan,nan,nan,nan,nan,nan,nan,nan,nan,nan,nan,nan,nan,nan,nan,nan,nan,nan,nan,nan,nan,nan,nan
nan,nan,nan,nan,nan,nan,nan,nan,nan,nan,nan,nan,nan,nan,nan,nan,nan,nan,nan,nan,nan,nan,nan,nan,nan,0.000000000000000000e+00,0.000000000000000000e+00,0.000000000000000000e+00,nan,9.417315709470130969e-07,nan,nan,nan,nan,nan,nan,nan,nan,nan,nan,nan,nan,nan,nan,nan,nan,nan,nan,nan,nan,nan,nan,nan,nan,nan,nan,nan,nan,nan,nan,nan,nan,nan,nan,nan,nan,nan,0.000000000000000000e+00,2.423549413681030273e+00,4.892493734587333165e-07,0.000000000000000000e+00,3.029437541961669922e+00,3.759910106658935547e+00,3.788478136062622070e+00,1.248926445841789246e-01,1.974957734346389771e-01,1.113717183470726013e-01,6.834973692893981934e-01,6.761971116065979004e-01,7.249382138252258301e-01,3.714398145675659180e+00,7.006411254405975342e-02,3.781042098999023438e+00,3.751008510589599609e+00,0.000000000000000000e+00,4.160652637481689453e+00,nan,3.812312841415405273e+00,nan,nan,2.980232238769531250e-07,1.650218166560080135e-07,3.337860050578456139e-07,nan,nan,nan,nan,nan,3.803895950317382812e+00,1.392031669616699219e+00,nan,4.295944690704345703e+00,nan,1.265290826559066772e-01,7.439817301928997040e-03,3.776287555694580078e+00,3.733748674392700195e+00,3.743802309036254883e+00,4.806949570775032043e-02,7.532733678817749023e-01,3.732778549194335938e+00,6.406900882720947266e-01,6.532253623008728027e-01,6.762483119964599609e-01,6.348507851362228394e-02,0.000000000000000000e+00,nan,nan,8.198460363928461447e-07,1.817663311958312988e+00,nan,nan,1.242688417434692383e+00,0.000000000000000000e+00,0.000000000000000000e+00,0.000000000000000000e+00,0.000000000000000000e+00,2.185035157253878424e-07,3.554331158284185221e-07,8.987088335743464995e-07,nan,nan,nan,0.000000000000000000e+00,0.000000000000000000e+00,0.000000000000000000e+00,0.000000000000000000e+00,0.000000000000000000e+00,1.024643196956276370e-07,4.768371653085523576e-08,1.192092895507812500e-07,6.357829107628276688e-08,1.156483335762459319e-06,nan,nan,nan,nan,nan,nan,nan,nan,nan,nan,nan,nan,nan,nan,nan,nan,nan,nan,nan,2.015184611082077026e-01,5.994391441345214844e-02,1.824020266532897949e+00,8.524129867553710938e+00,1.746942400932312012e+00,2.786966085433959961e+00,1.409989237785339355e+00,5.635050773620605469e+00,5.420722007751464844e+00,5.376261234283447266e+00,1.737543582916259766e+00,1.681030988693237305e+00,1.072712182998657227e+00,4.605165958404541016e+00,1.775179862976074219e+00,4.443796634674072266e+00,8.500404655933380127e-02,nan,nan,nan,nan,2.823747873306274414e+00,5.534216880798339844e+00,7.592525482177734375e-01,1.901623129844665527e+00,nan,nan,nan,nan,nan,nan,nan,nan,nan,nan,nan,nan,nan,nan,nan,nan,nan,nan,nan,nan,nan,nan,nan,nan,nan,nan,nan,nan
nan,nan,nan,nan,nan,nan,nan,nan,nan,nan,nan,nan,nan,nan,nan,nan,nan,nan,nan,nan,nan,nan,nan,nan,nan,0.000000000000000000e+00,0.000000000000000000e+00,8.723617952455242630e-07,0.000000000000000000e+00,0.000000000000000000e+00,nan,nan,nan,nan,nan,nan,nan,nan,nan,nan,nan,nan,nan,nan,nan,nan,nan,nan,nan,nan,nan,nan,nan,nan,nan,nan,nan,nan,nan,nan,nan,nan,nan,nan,nan,nan,nan,5.444794624054338783e-07,nan,1.049041770784242544e-06,1.192092895507812500e-06,2.360309362411499023e+00,3.922361850738525391e+00,9.047656655311584473e-01,3.934957027435302734e+00,8.975238800048828125e-01,6.019403040409088135e-02,9.019138813018798828e-01,9.002982378005981445e-01,3.934089660644531250e+00,3.929437875747680664e+00,3.933243751525878906e+00,3.930899858474731445e+00,3.926030397415161133e+00,nan,3.750885009765625000e+00,nan,1.128355860710144043e+00,7.444757223129272461e-01,1.589457241379932384e-07,1.847743931193690514e-07,nan,nan,nan,nan,nan,nan,nan,1.005011558532714844e+00,7.890458106994628906e-01,nan,4.297075271606445312e+00,nan,1.169702485203742981e-01,9.611822664737701416e-02,9.562917053699493408e-02,3.931670188903808594e+00,8.700340241193771362e-02,1.120114624500274658e-01,3.936410427093505859e+00,1.332286596298217773e-01,3.943211555480957031e+00,9.130099415779113770e-01,1.386188864707946777e-01,9.140630364418029785e-01,nan,0.000000000000000000e+00,0.000000000000000000e+00,nan,nan,nan,1.201768159866333008e+00,9.950981736183166504e-01,9.653897592443172471e-08,3.568362387795787072e-07,0.000000000000000000e+00,1.202108301789905909e-09,2.751105228071537567e-07,6.845957756240750314e-08,0.000000000000000000e+00,nan,nan,1.332848995616586762e-07,4.366564496649516514e-07,2.408741295312211150e-07,nan,0.000000000000000000e+00,nan,nan,0.000000000000000000e+00,1.907348661234209430e-07,2.902141105209921079e-08,5.960464477539062500e-08,9.536743306171047152e-08,nan,nan,nan,nan,nan,nan,nan,nan,nan,nan,nan,nan,nan,nan,nan,nan,nan,nan,nan,nan,5.355636290005350020e-07,0.000000000000000000e+00,5.743498802185058594e+00,3.005650520324707031e+00,1.334415316581726074e+00,3.286101579666137695e+00,4.197971820831298828e+00,3.974133014678955078e+00,3.360395431518554688e+00,4.156167984008789062e+00,2.521704196929931641e+00,1.840382575988769531e+00,0.000000000000000000e+00,nan,nan,nan,nan,nan,nan,2.787242412567138672e+00,7.631928920745849609e+00,nan,nan,nan,nan,nan,nan,nan,nan,nan,nan,nan,nan,nan,nan,nan,nan,nan,nan,nan,nan,nan,nan,nan,nan,nan,nan,nan,nan,nan,nan
nan,nan,nan,nan,nan,nan,nan,nan,nan,nan,nan,nan,nan,nan,nan,nan,nan,nan,nan,nan,nan,nan,nan,nan,1.357548512714856770e-06,nan,0.000000000000000000e+00,0.000000000000000000e+00,0.000000000000000000e+00,0.000000000000000000e+00,nan,nan,nan,nan,nan,nan,nan,nan,nan,nan,nan,nan,nan,nan,nan,nan,nan,nan,nan,nan,nan,nan,nan,5.343992710113525391e-01,0.000000000000000000e+00,6.613039970397949219e-01,5.663126334547996521e-02,nan,nan,nan,nan,nan,nan,nan,nan,nan,nan,3.684042453765869141e+00,3.920860767364501953e+00,3.648221969604492188e+00,3.552375555038452148e+00,3.801759958267211914e+00,4.883494377136230469e+00,4.855098247528076172e+00,5.042032241821289062e+00,4.514664649963378906e+00,4.686782836914062500e+00,5.145445346832275391e+00,4.575212955474853516e+00,4.692479133605957031e+00,5.038501262664794922e+00,4.901359081268310547e+00,4.365897655487060547e+00,1.339218020439147949e+00,7.129870057106018066e-01,4.552527427673339844e+00,3.712333917617797852e+00,4.149914264678955078e+00,4.482104301452636719e+00,7.774665951728820801e-01,7.877683639526367188e-01,8.065439462661743164e-01,7.789719700813293457e-01,8.576320409774780273e-01,8.652915358543395996e-01,8.763155341148376465e-01,8.571530580520629883e-01,8.641512393951416016e-01,2.045305013656616211e+00,3.659535884857177734e+00,3.737912416458129883e+00,3.589456558227539062e+00,9.692609906196594238e-01,1.089978575706481934e+00,1.075355768203735352e+00,1.100521087646484375e+00,1.914916157722473145e+00,1.079730391502380371e+00,2.452228784561157227e+00,4.418110370635986328e+00,4.297856330871582031e+00,4.518411636352539062e+00,2.438277006149291992e+00,4.651619434356689453e+00,4.716874122619628906e+00,3.289901256561279297e+00,3.363378524780273438e+00,3.405782699584960938e+00,3.143117189407348633e+00,4.004873275756835938e+00,5.716490149497985840e-01,1.019799113273620605e+00,0.000000000000000000e+00,5.833209684169560205e-07,0.000000000000000000e+00,nan,9.755246992426691577e-07,0.000000000000000000e+00,nan,nan,nan,nan,0.000000000000000000e+00,1.828171747320084251e-07,nan,0.000000000000000000e+00,nan,nan,nan,0.000000000000000000e+00,1.907348661234209430e-07,1.953335640791920014e-06,0.000000000000000000e+00,0.000000000000000000e+00,0.000000000000000000e+00,nan,nan,nan,nan,nan,nan,nan,nan,nan,nan,nan,nan,nan,nan,nan,nan,nan,nan,nan,nan,0.000000000000000000e+00,nan,9.002275466918945312e+00,2.122532606124877930e+00,1.352038741111755371e+00,1.197690248489379883e+00,2.572755217552185059e-01,2.258574485778808594e+00,1.179995536804199219e+00,2.679703831672668457e-01,1.540295004844665527e+00,2.339510172605514526e-01,0.000000000000000000e+00,nan,nan,nan,nan,nan,4.266620635986328125e+00,8.978549957275390625e+00,9.495044350624084473e-01,1.862496495246887207e+00,1.894518017768859863e+00,1.003717780113220215e+00,1.580347657203674316e+00,1.958427190780639648e+00,1.788604021072387695e+00,1.004569172859191895e+00,1.006078958511352539e+00,nan,1.503385543823242188e+00,3.583280086517333984e+00,2.098366498947143555e+00,2.175472021102905273e+00,2.134155511856079102e+00,2.159510135650634766e+00,2.171378850936889648e+00,3.760722637176513672e+00,1.563603401184082031e+00,nan,nan,nan,nan,nan,nan,nan,nan,nan,nan,nan
nan,nan,nan,nan,nan,nan,nan,nan,nan,nan,nan,nan,nan,nan,nan,nan,nan,nan,nan,nan,nan,nan,nan,0.000000000000000000e+00,0.000000000000000000e+00,4.488770599664348993e-08,1.997116925167574664e-07,nan,nan,nan,nan,nan,nan,nan,nan,nan,nan,nan,nan,nan,nan,nan,nan,nan,nan,nan,nan,nan,nan,nan,nan,5.752145852966350503e-07,0.000000000000000000e+00,nan,4.349684119224548340e-01,1.048656821250915527e+00,1.351445198059082031e+00,4.634556174278259277e-01,0.000000000000000000e+00,nan,nan,nan,nan,nan,nan,nan,nan,nan,nan,nan,nan,nan,nan,nan,nan,nan,nan,nan,nan,nan,nan,nan,nan,nan,nan,nan,nan,4.125413894653320312e-01,5.184829831123352051e-01,5.390384197235107422e-01,5.206362009048461914e-01,5.046107172966003418e-01,5.020208358764648438e-01,4.880273044109344482e-01,5.031691789627075195e-01,5.507056117057800293e-01,5.496616959571838379e-01,5.154613256454467773e-01,4.660008549690246582e-01,4.905756115913391113e-01,nan,nan,nan,nan,nan,nan,nan,nan,nan,nan,nan,nan,nan,nan,0.000000000000000000e+00,nan,nan,5.979351997375488281e-01,3.648794293403625488e-01,1.064874649047851562e+00,1.367081880569458008e+00,1.045542478561401367e+00,0.000000000000000000e+00,0.000000000000000000e+00,3.735820541805878747e-07,2.542367155911051668e-06,0.000000000000000000e+00,0.000000000000000000e+00,0.000000000000000000e+00,nan,nan,0.000000000000000000e+00,nan,4.142626437442231691e-07,2.906206646002829075e-06,2.779568717414804269e-07,nan,nan,nan,nan,nan,0.000000000000000000e+00,8.833423947862684145e-08,0.000000000000000000e+00,1.464642735982124577e-07,0.000000000000000000e+00,1.412130700373381842e-06,nan,nan,nan,nan,nan,nan,nan,nan,nan,nan,nan,nan,nan,nan,nan,nan,nan,nan,0.000000000000000000e+00,nan,nan,8.845406532287597656e+00,4.470259189605712891e+00,9.992793798446655273e-01,0.000000000000000000e+00,1.345920562744140625e-02,2.680450119078159332e-02,4.321686625480651855e-01,7.593303918838500977e-01,nan,nan,nan,nan,nan,nan,nan,5.139847278594970703e+00,8.365270614624023438e+00,6.120461940765380859e+00,6.521861553192138672e+00,5.476608753204345703e+00,7.365409851074218750e+00,7.074543952941894531e+00,6.876561164855957031e+00,4.957730293273925781e+00,6.097954273223876953e+00,9.436931610107421875e+00,8.976632118225097656e+00,5.773935317993164062e+00,4.122978687286376953e+00,5.690690517425537109e+00,4.861067771911621094e+00,4.349641323089599609e+00,nan,4.846292018890380859e+00,5.460813999176025391e+00,7.598886013031005859e+00,6.717540740966796875e+00,nan,nan,nan,nan,nan,nan,nan,nan,nan,nan
nan,nan,nan,nan,nan,nan,nan,nan,nan,nan,nan,nan,nan,nan,nan,nan,nan,nan,nan,nan,nan,nan,0.000000000000000000e+00,0.000000000000000000e+00,nan,0.000000000000000000e+00,nan,nan,nan,nan,nan,nan,nan,nan,nan,nan,nan,nan,nan,nan,nan,nan,0.000000000000000000e+00,nan,0.000000000000000000e+00,nan,nan,nan,nan,nan,1.426606104359962046e-06,1.586950702403555624e-06,1.156490156972722616e-06,0.000000000000000000e+00,0.000000000000000000e+00,5.005511641502380371e-01,1.386316180229187012e+00,1.399664044380187988e+00,1.045439481735229492e+00,1.095640659332275391e+00,3.518795967102050781e-01,6.013433635234832764e-02,nan,nan,nan,nan,nan,nan,nan,nan,nan,nan,nan,nan,nan,nan,nan,0.000000000000000000e+00,nan,nan,nan,nan,nan,0.000000000000000000e+00,nan,nan,nan,nan,0.000000000000000000e+00,0.000000000000000000e+00,nan,0.000000000000000000e+00,nan,nan,nan,nan,nan,nan,nan,nan,0.000000000000000000e+00,nan,nan,nan,nan,nan,nan,nan,0.000000000000000000e+00,nan,nan,nan,nan,2.727148868143558502e-02,nan,1.144524943083524704e-02,1.053815722465515137e+00,1.292943954467773438e+00,1.406157016754150391e+00,5.350517630577087402e-01,0.000000000000000000e+00,nan,nan,nan,nan,0.000000000000000000e+00,0.000000000000000000e+00,nan,0.000000000000000000e+00,nan,0.000000000000000000e+00,3.781554141824017279e-06,nan,nan,0.000000000000000000e+00,nan,0.000000000000000000e+00,nan,nan,nan,nan,0.000000000000000000e+00,6.722524403812712990e-07,1.786284428817452863e-06,0.000000000000000000e+00,1.549198827888176311e-06,0.000000000000000000e+00,0.000000000000000000e+00,3.408093505186116090e-07,nan,nan,nan,nan,nan,nan,nan,nan,nan,nan,nan,nan,nan,nan,nan,nan,nan,0.000000000000000000e+00,0.000000000000000000e+00,nan,1.349449157714843750e-03,1.965993829071521759e-02,0.000000000000000000e+00,nan,nan,nan,nan,nan,nan,nan,nan,nan,nan,nan,0.000000000000000000e+00,3.989245653152465820e+00,4.035065650939941406e+00,nan,nan,nan,nan,nan,nan,9.818100184202194214e-02,0.000000000000000000e+00,7.781553268432617188e-02,3.090023994445800781e-03,0.000000000000000000e+00,4.174517154693603516e+00,4.190641880035400391e+00,4.318030551075935364e-02,0.000000000000000000e+00,2.637707628309726715e-02,5.779600236564874649e-03,3.296050548553466797e+00,3.332196950912475586e+00,nan,nan,nan,nan,nan,nan,nan,nan,nan,nan
nan,nan,nan,nan,nan,nan,nan,nan,nan,nan,nan,nan,nan,nan,nan,nan,nan,nan,nan,nan,nan,nan,nan,3.110990007826330839e-07,8.215262710109527688e-07,0.000000000000000000e+00,nan,nan,nan,nan,nan,nan,nan,nan,nan,nan,nan,nan,nan,nan,nan,0.000000000000000000e+00,nan,1.159561179520096630e-06,1.706447392280097120e-06,0.000000000000000000e+00,nan,nan,1.056268274624017067e-06,2.157204335162532516e-06,3.209654551028506830e-07,8.886188425094587728e-07,0.000000000000000000e+00,nan,0.000000000000000000e+00,0.000000000000000000e+00,3.048230610147584230e-07,0.000000000000000000e+00,1.785484999418258667e-01,1.546292543411254883e+00,1.485079169273376465e+00,9.780142903327941895e-01,3.146685957908630371e-01,5.136859416961669922e-01,8.770948052406311035e-01,8.292956352233886719e-01,2.344047576189041138e-01,9.295116662979125977e-01,4.568675458431243896e-01,4.157592356204986572e-01,2.217477113008499146e-01,7.547949552536010742e-01,4.678344428539276123e-01,8.151006102561950684e-01,4.789453446865081787e-01,8.921419270336627960e-03,4.554354250431060791e-01,9.353367090225219727e-01,5.753604695200920105e-02,4.231965839862823486e-01,9.047405719757080078e-01,1.758449077606201172e-01,2.677351236343383789e-01,9.011759757995605469e-01,8.433676362037658691e-01,5.604112148284912109e-01,9.278607368469238281e-01,4.996533393859863281e-01,1.341335654258728027e+00,8.532125353813171387e-01,9.447051584720611572e-02,5.076831579208374023e-01,5.384489893913269043e-01,7.766863107681274414e-01,6.510931998491287231e-02,1.218837648630142212e-01,4.356858730316162109e-01,5.286574959754943848e-01,2.667487561702728271e-01,5.256977677345275879e-01,6.534273624420166016e-01,9.353814721107482910e-01,8.391959220170974731e-02,4.753462076187133789e-01,4.798252880573272705e-01,9.303045272827148438e-01,4.522677659988403320e-01,5.846663117408752441e-01,6.834819912910461426e-01,6.584172844886779785e-01,1.283567428588867188e+00,1.329734474420547485e-01,4.561558067798614502e-01,9.116073250770568848e-01,9.070003032684326172e-01,1.238108634948730469e+00,1.405640125274658203e+00,2.576757669448852539e-01,0.000000000000000000e+00,nan,0.000000000000000000e+00,4.076051425272453343e-07,0.000000000000000000e+00,nan,2.279228112911368953e-07,0.000000000000000000e+00,3.328021193738095462e-06,0.000000000000000000e+00,1.465272856876254082e-03,nan,0.000000000000000000e+00,1.121646391766262241e-06,1.551204150018747896e-06,0.000000000000000000e+00,5.002161742595490068e-07,nan,4.014910246041836217e-06,nan,nan,nan,nan,nan,0.000000000000000000e+00,0.000000000000000000e+00,nan,9.585911442400174565e-08,0.000000000000000000e+00,1.516375846222217660e-06,0.000000000000000000e+00,nan,nan,nan,nan,nan,nan,nan,nan,nan,nan,nan,nan,nan,nan,nan,nan,nan,nan,2.058809656091398210e-08,nan,1.232075737789273262e-03,4.103899118490517139e-04,0.000000000000000000e+00,nan,nan,nan,nan,nan,nan,nan,nan,nan,nan,nan,nan,nan,0.000000000000000000e+00,nan,nan,nan,nan,nan,nan,nan,nan,nan,nan,nan,nan,0.000000000000000000e+00,nan,nan,nan,nan,nan,nan,nan,nan,nan,nan,nan,nan,nan,nan,nan,nan
nan,nan,nan,nan,nan,nan,nan,nan,nan,nan,nan,nan,nan,nan,nan,nan,nan,nan,nan,nan,nan,nan,nan,nan,3.930531136120407609e-07,0.000000000000000000e+00,nan,nan,nan,nan,nan,nan,nan,nan,nan,nan,nan,nan,nan,nan,nan,2.050026523647829890e-06,4.519342553521710215e-07,0.000000000000000000e+00,3.993175710093055386e-07,nan,9.489617127655947115e-07,nan,1.377270791635964997e-06,5.730263410441693850e-07,0.000000000000000000e+00,1.318840077146887779e-06,nan,nan,nan,nan,5.136207619216293097e-07,0.000000000000000000e+00,0.000000000000000000e+00,nan,1.013389692161581479e-07,1.184650063514709473e+00,1.188868403434753418e+00,1.376806259155273438e+00,1.263263463973999023e+00,1.451298356056213379e+00,9.253134727478027344e-01,8.774799704551696777e-01,9.734848737716674805e-01,8.758569359779357910e-01,9.410180449485778809e-01,8.059271574020385742e-01,9.186678528785705566e-01,9.397457838058471680e-01,9.115580916404724121e-01,8.707644343376159668e-01,8.976123332977294922e-01,9.055674672126770020e-01,7.024018764495849609e-01,9.050706624984741211e-01,9.775216579437255859e-01,8.143391609191894531e-01,7.524572014808654785e-01,9.107441306114196777e-01,9.238283038139343262e-01,9.715520143508911133e-01,9.352581501007080078e-01,9.177038669586181641e-01,1.066903591156005859e+00,9.214931130409240723e-01,1.040029287338256836e+00,1.027517557144165039e+00,1.023076534271240234e+00,1.030989527702331543e+00,9.939696788787841797e-01,1.037247896194458008e+00,1.003818869590759277e+00,9.928373694419860840e-01,5.856805443763732910e-01,1.002343773841857910e+00,9.796031117439270020e-01,9.428023099899291992e-01,9.374097585678100586e-01,8.499613404273986816e-01,9.499475359916687012e-01,9.313230514526367188e-01,8.836429119110107422e-01,8.422107696533203125e-01,1.054696679115295410e+00,9.085719585418701172e-01,9.617955684661865234e-01,8.946204781532287598e-01,9.010677933692932129e-01,1.540147900581359863e+00,1.315143346786499023e+00,1.280227422714233398e+00,6.198562374493121752e-08,2.578509850081900368e-08,2.384185791015625000e-07,2.600821176201861817e-07,4.452515725006378489e-07,1.611505666687662597e-07,1.907348661234209430e-07,0.000000000000000000e+00,nan,nan,7.331468054871947970e-08,1.308210790157318115e-01,3.527373075485229492e-03,1.626078116601092916e-08,2.074860674383671721e-07,8.587325055486871861e-07,2.102616463162121363e-06,nan,0.000000000000000000e+00,nan,0.000000000000000000e+00,nan,nan,nan,nan,nan,0.000000000000000000e+00,nan,nan,nan,nan,0.000000000000000000e+00,4.443342405124894867e-08,0.000000000000000000e+00,nan,0.000000000000000000e+00,nan,nan,nan,nan,nan,nan,nan,nan,nan,nan,nan,nan,nan,nan,nan,nan,0.000000000000000000e+00,0.000000000000000000e+00,4.463195728021673858e-05,1.362821608781814575e-01,nan,nan,nan,nan,nan,nan,nan,nan,nan,nan,nan,nan,nan,nan,nan,nan,nan,nan,nan,nan,nan,nan,nan,nan,nan,nan,0.000000000000000000e+00,0.000000000000000000e+00,nan,nan,nan,nan,nan,nan,nan,nan,nan,nan,nan,nan,nan,nan,nan
nan,nan,nan,nan,nan,nan,nan,nan,nan,nan,nan,nan,nan,nan,nan,nan,nan,nan,nan,nan,nan,nan,0.000000000000000000e+00,5.101102829030423891e-07,7.223078579698949397e-09,0.000000000000000000e+00,nan,nan,nan,nan,nan,nan,nan,nan,nan,nan,nan,nan,nan,nan,0.000000000000000000e+00,9.989510090235853568e-07,nan,nan,nan,1.413133077221573330e-06,nan,nan,0.000000000000000000e+00,7.764611509628593922e-04,nan,0.000000000000000000e+00,0.000000000000000000e+00,nan,0.000000000000000000e+00,0.000000000000000000e+00,0.000000000000000000e+00,nan,nan,nan,0.000000000000000000e+00,nan,0.000000000000000000e+00,0.000000000000000000e+00,nan,0.000000000000000000e+00,4.230423867702484131e-01,5.003761053085327148e-01,4.383891820907592773e-01,4.462709128856658936e-01,4.438106417655944824e-01,2.977827489376068115e-01,4.516228735446929932e-01,4.446711242198944092e-01,4.191448390483856201e-01,4.632341265678405762e-01,4.565421044826507568e-01,4.644635319709777832e-01,4.478587210178375244e-01,4.524936974048614502e-01,4.680435359477996826e-01,4.594602286815643311e-01,4.731093645095825195e-01,4.944374859333038330e-01,5.343909263610839844e-01,4.801073968410491943e-01,4.687953591346740723e-01,4.812372326850891113e-01,4.455558955669403076e-01,4.146550893783569336e-01,4.486917257308959961e-01,4.327236115932464600e-01,4.653772413730621338e-01,4.478693604469299316e-01,4.428706169128417969e-01,3.329022228717803955e-01,4.559884965419769287e-01,2.276054918766021729e-01,4.537107348442077637e-01,4.678659737110137939e-01,4.562156200408935547e-01,4.707663059234619141e-01,4.233722686767578125e-01,4.806690812110900879e-01,4.834766983985900879e-01,4.706950485706329346e-01,4.851901531219482422e-01,4.711979925632476807e-01,4.615148901939392090e-01,4.611761868000030518e-01,4.553365707397460938e-01,4.501448273658752441e-01,4.617923498153686523e-01,nan,9.489211834079469554e-07,1.332703991607786520e-08,1.499445403396748588e-07,0.000000000000000000e+00,5.561981879509403370e-07,1.622628609254661569e-08,3.093524583164253272e-07,4.610404289451253135e-07,8.661679373744846089e-09,1.014310129221485113e-07,0.000000000000000000e+00,3.246934454637084855e-07,3.411803767085075378e-02,1.432332955300807953e-02,0.000000000000000000e+00,3.049422616641095374e-07,1.024748783606810321e-07,2.384185791015625000e-07,0.000000000000000000e+00,nan,1.796690980881976429e-06,3.843485387733380776e-07,0.000000000000000000e+00,2.927654577433713712e-06,3.279608790762722492e-06,0.000000000000000000e+00,nan,nan,2.451462854935471114e-08,0.000000000000000000e+00,nan,nan,nan,nan,2.485057564172166167e-07,0.000000000000000000e+00,0.000000000000000000e+00,nan,nan,nan,nan,nan,nan,nan,nan,nan,nan,nan,nan,nan,nan,nan,nan,nan,0.000000000000000000e+00,nan,0.000000000000000000e+00,2.512931823730468750e-04,5.485128238797187805e-02,0.000000000000000000e+00,nan,nan,nan,nan,nan,nan,nan,nan,nan,nan,nan,nan,nan,nan,nan,nan,nan,nan,nan,nan,nan,nan,nan,nan,nan,0.000000000000000000e+00,nan,nan,nan,nan,nan,nan,nan,nan,nan,nan,nan,nan,nan,nan,nan
nan,nan,nan,nan,nan,0.000000000000000000e+00,0.000000000000000000e+00,nan,nan,nan,nan,nan,nan,nan,nan,nan,nan,nan,nan,nan,nan,nan,nan,1.368119001199374907e-06,3.439702709329139907e-07,nan,nan,nan,nan,nan,nan,nan,nan,nan,nan,nan,nan,nan,0.000000000000000000e+00,0.000000000000000000e+00,2.282528384967008606e-06,1.090994032892922405e-06,0.000000000000000000e+00,2.169963181586354040e-06,nan,0.000000000000000000e+00,nan,nan,nan,nan,0.000000000000000000e+00,0.000000000000000000e+00,nan,nan,nan,7.060626785460044630e-07,nan,nan,0.000000000000000000e+00,nan,1.273618181585334241e-06,nan,4.197729097654701036e-08,2.764486168871371774e-07,3.436298641190660419e-07,5.932957378718128894e-07,0.000000000000000000e+00,0.000000000000000000e+00,2.116043020805591368e-07,3.044996503831498558e-07,0.000000000000000000e+00,nan,3.917199649094982306e-07,0.000000000000000000e+00,nan,nan,3.790549740756432584e-08,0.000000000000000000e+00,0.000000000000000000e+00,4.773838782057282515e-07,nan,7.245478172990260646e-07,4.653759049233485712e-07,7.472034440070274286e-07,0.000000000000000000e+00,0.000000000000000000e+00,3.635285565906087868e-07,1.654290997521457030e-07,3.021699797045585001e-07,7.588769790345395450e-07,7.104011956471367739e-08,3.924376557051800773e-08,4.094681855804083170e-07,0.000000000000000000e+00,0.000000000000000000e+00,6.522253670482314192e-07,0.000000000000000000e+00,1.226671031417936319e-07,2.556873823778005317e-07,0.000000000000000000e+00,9.268654821426025592e-07,1.192092895507812500e-07,7.947286206899661920e-08,2.384185791015625000e-07,2.415935682620329317e-07,2.027661878400977002e-07,0.000000000000000000e+00,1.699840481705905404e-07,1.603457690180221107e-06,0.000000000000000000e+00,nan,0.000000000000000000e+00,7.498662313309978344e-08,0.000000000000000000e+00,0.000000000000000000e+00,2.193944510509027168e-07,0.000000000000000000e+00,nan,7.917676470015067025e-08,6.092571425142523367e-07,1.717321538308169693e-07,2.143717239277975750e-07,6.030120403011096641e-07,0.000000000000000000e+00,4.353622173880467017e-08,3.739879233762621880e-03,1.064907684922218323e-01,6.783012622690876015e-07,2.103817564602650236e-07,nan,0.000000000000000000e+00,2.783642401027464075e-07,1.586781017692828755e-08,1.145793930845684372e-07,2.390979261690517887e-06,0.000000000000000000e+00,nan,0.000000000000000000e+00,nan,0.000000000000000000e+00,nan,4.895283467476474470e-08,nan,nan,nan,nan,nan,nan,0.000000000000000000e+00,3.158473589337518206e-07,8.267117124205469736e-08,0.000000000000000000e+00,nan,0.000000000000000000e+00,nan,nan,nan,nan,nan,nan,nan,nan,nan,nan,nan,nan,nan,nan,nan,nan,8.466389544992125593e-08,0.000000000000000000e+00,1.759982109069824219e-02,0.000000000000000000e+00,nan,nan,nan,nan,nan,nan,nan,nan,nan,nan,nan,nan,nan,nan,nan,nan,nan,nan,nan,nan,nan,nan,nan,nan,0.000000000000000000e+00,0.000000000000000000e+00,0.000000000000000000e+00,nan,nan,nan,nan,nan,nan,nan,nan,nan,nan,nan,nan,nan,nan
nan,nan,nan,nan,nan,1.439132690429687500e-01,2.361562103033065796e-02,nan,nan,nan,nan,nan,nan,nan,nan,nan,nan,nan,nan,nan,nan,nan,nan,0.000000000000000000e+00,0.000000000000000000e+00,nan,nan,nan,nan,nan,nan,nan,nan,nan,nan,nan,nan,nan,0.000000000000000000e+00,1.148018441199383233e-06,1.743928351061185822e-06,1.271412202186184004e-06,nan,0.000000000000000000e+00,nan,nan,nan,nan,nan,nan,0.000000000000000000e+00,1.297323554754257202e-01,nan,nan,1.122528061614502803e-07,0.000000000000000000e+00,nan,nan,0.000000000000000000e+00,0.000000000000000000e+00,9.514998566828580806e-08,6.204774649631872308e-07,9.349961516136318096e-08,1.330320316128563718e-07,0.000000000000000000e+00,3.236862369249138283e-07,8.830848514662648086e-07,1.371798248328559566e-06,1.650238345973775722e-07,1.372054470039074658e-07,0.000000000000000000e+00,0.000000000000000000e+00,0.000000000000000000e+00,2.030459285151664517e-07,nan,4.988482373846636619e-07,0.000000000000000000e+00,0.000000000000000000e+00,0.000000000000000000e+00,5.968205414319527335e-07,8.406657343584811315e-07,nan,0.000000000000000000e+00,0.000000000000000000e+00,3.594370809878455475e-07,0.000000000000000000e+00,0.000000000000000000e+00,0.000000000000000000e+00,3.403485209219070384e-07,nan,4.559260560199618340e-07,1.038059622260334436e-06,8.803793889455846511e-07,2.297110626159337698e-07,8.908489945724795689e-08,2.366117541896528564e-07,6.334879003588866908e-07,2.635376574744441314e-07,1.061308466887567192e-06,1.013680844152986538e-06,2.751866929884272395e-07,0.000000000000000000e+00,2.070919720154051902e-07,0.000000000000000000e+00,nan,1.110717917640613450e-07,nan,2.675552366326883202e-07,2.996791579334967537e-07,3.838587190330144949e-07,4.622376366114622215e-07,0.000000000000000000e+00,1.367124298212729627e-07,7.718959693647775566e-08,nan,0.000000000000000000e+00,6.641933509854425211e-07,0.000000000000000000e+00,1.244157887825281250e-09,2.080828380712773651e-07,1.188484546332801983e-07,0.000000000000000000e+00,0.000000000000000000e+00,1.393399884364043828e-07,6.137105401649023406e-07,2.157111885026097298e-03,nan,0.000000000000000000e+00,0.000000000000000000e+00,0.000000000000000000e+00,0.000000000000000000e+00,0.000000000000000000e+00,nan,1.194565015794069041e-07,1.116425437430734746e-06,2.185610583183006383e-06,1.388497253174136858e-06,0.000000000000000000e+00,0.000000000000000000e+00,0.000000000000000000e+00,0.000000000000000000e+00,nan,nan,nan,nan,nan,nan,nan,nan,2.838490331669163425e-08,1.189288582281733397e-06,2.282811692566610873e-06,0.000000000000000000e+00,0.000000000000000000e+00,nan,nan,nan,nan,nan,nan,nan,nan,nan,nan,nan,nan,nan,nan,nan,nan,nan,2.818443135765846819e-06,6.365299341268837452e-04,0.000000000000000000e+00,nan,nan,nan,nan,nan,nan,nan,nan,nan,nan,nan,nan,nan,nan,nan,nan,nan,nan,nan,nan,nan,nan,nan,nan,nan,nan,0.000000000000000000e+00,nan,nan,nan,nan,nan,nan,nan,nan,nan,nan,nan,nan,nan,nan
nan,nan,nan,nan,nan,nan,nan,nan,nan,nan,nan,nan,nan,nan,nan,nan,nan,nan,nan,nan,nan,nan,2.400376843070262112e-06,0.000000000000000000e+00,nan,nan,nan,nan,nan,nan,nan,nan,nan,nan,nan,nan,nan,0.000000000000000000e+00,1.203253759740618989e-06,0.000000000000000000e+00,6.489369752671336755e-07,nan,nan,nan,nan,nan,nan,nan,nan,nan,nan,1.052221059799194336e-01,1.046619564294815063e-01,nan,1.569236474097124301e-08,nan,nan,nan,1.229495978805061895e-06,6.248360477911774069e-07,6.573419568667304702e-07,3.304451183794299141e-07,2.801331220325664617e-07,7.067776550684357062e-07,0.000000000000000000e+00,0.000000000000000000e+00,0.000000000000000000e+00,nan,3.524446512415124744e-08,nan,nan,0.000000000000000000e+00,0.000000000000000000e+00,5.482065148498804774e-07,3.294214252491656225e-07,nan,8.920054028749291319e-07,0.000000000000000000e+00,1.943521539260473219e-07,0.000000000000000000e+00,0.000000000000000000e+00,0.000000000000000000e+00,0.000000000000000000e+00,0.000000000000000000e+00,0.000000000000000000e+00,nan,nan,0.000000000000000000e+00,9.751385476874929736e-09,nan,nan,nan,0.000000000000000000e+00,8.626980729786737356e-07,6.157347343105357140e-07,1.684983743643897469e-07,3.349749704284477048e-07,4.443192835879017366e-07,2.547238580064004054e-07,0.000000000000000000e+00,0.000000000000000000e+00,0.000000000000000000e+00,1.217318441604220425e-07,0.000000000000000000e+00,5.171950760995969176e-07,3.927466991626715753e-07,nan,0.000000000000000000e+00,4.653869289938938891e-09,0.000000000000000000e+00,0.000000000000000000e+00,0.000000000000000000e+00,2.741009552664763760e-07,2.291572087642634870e-07,0.000000000000000000e+00,nan,0.000000000000000000e+00,nan,7.236643000396725256e-07,5.661737390028065420e-08,nan,0.000000000000000000e+00,0.000000000000000000e+00,3.550920268935442436e-07,4.914323240518569946e-02,0.000000000000000000e+00,1.386017515869752970e-06,1.474200814755022293e-07,7.541751188000489492e-07,0.000000000000000000e+00,0.000000000000000000e+00,1.062442947841191199e-06,1.670720735091890674e-07,8.247723570775633561e-08,1.374422481603687629e-06,8.153961061907466501e-07,0.000000000000000000e+00,2.384185791015625000e-07,1.353173928464457276e-07,0.000000000000000000e+00,0.000000000000000000e+00,nan,nan,nan,nan,nan,nan,nan,nan,0.000000000000000000e+00,0.000000000000000000e+00,2.130121714571941993e-07,2.038535171777766664e-07,0.000000000000000000e+00,0.000000000000000000e+00,nan,nan,nan,nan,nan,nan,nan,nan,nan,nan,nan,nan,nan,nan,nan,nan,0.000000000000000000e+00,nan,0.000000000000000000e+00,4.368131980299949646e-02,nan,nan,nan,nan,nan,nan,nan,nan,nan,nan,nan,nan,nan,nan,nan,nan,nan,nan,nan,nan,nan,nan,nan,nan,nan,0.000000000000000000e+00,nan,nan,nan,nan,nan,nan,nan,nan,nan,nan,nan,nan,nan,nan
nan,nan,nan,nan,nan,nan,nan,nan,nan,nan,nan,nan,nan,nan,nan,nan,nan,nan,nan,nan,nan,nan,0.000000000000000000e+00,0.000000000000000000e+00,nan,nan,nan,nan,nan,nan,nan,nan,nan,nan,nan,nan,0.000000000000000000e+00,2.258203863902963349e-07,0.000000000000000000e+00,0.000000000000000000e+00,nan,1.370317590954073239e-06,nan,nan,nan,nan,nan,nan,nan,nan,0.000000000000000000e+00,5.608920616850809893e-08,4.235700704157352448e-03,0.000000000000000000e+00,2.141101844608783722e-02,0.000000000000000000e+00,9.309016490988142323e-07,1.224598463522852398e-06,0.000000000000000000e+00,0.000000000000000000e+00,2.327666379642323591e-07,2.384185791015625000e-07,0.000000000000000000e+00,0.000000000000000000e+00,nan,0.000000000000000000e+00,0.000000000000000000e+00,2.531936900140863145e-07,nan,3.626326261496615189e-08,nan,nan,6.021022613822424319e-07,0.000000000000000000e+00,nan,5.172348949145089136e-08,0.000000000000000000e+00,0.000000000000000000e+00,3.475651340067997808e-07,7.682278351239801850e-07,0.000000000000000000e+00,nan,2.384185791015625000e-07,0.000000000000000000e+00,0.000000000000000000e+00,nan,0.000000000000000000e+00,4.740255121760128532e-08,0.000000000000000000e+00,nan,0.000000000000000000e+00,6.765234417116516852e-08,8.869956218404695392e-07,nan,0.000000000000000000e+00,4.680574932081071893e-07,7.834444772925053257e-07,1.700257570291796583e-07,0.000000000000000000e+00,4.323226932001489331e-08,0.000000000000000000e+00,0.000000000000000000e+00,nan,0.000000000000000000e+00,nan,5.664164177687780466e-07,4.345499746705172583e-07,0.000000000000000000e+00,0.000000000000000000e+00,nan,0.000000000000000000e+00,0.000000000000000000e+00,1.881613655996261514e-07,nan,0.000000000000000000e+00,2.063898364212946035e-06,0.000000000000000000e+00,5.078104550193529576e-07,0.000000000000000000e+00,nan,2.875643758670776151e-07,2.404115907847881317e-02,1.478390693664550781e-01,3.169763134792447090e-03,4.768371653085523576e-08,9.679551027375055128e-08,0.000000000000000000e+00,0.000000000000000000e+00,nan,0.000000000000000000e+00,1.145351120612758677e-06,0.000000000000000000e+00,0.000000000000000000e+00,0.000000000000000000e+00,7.272521429513290059e-08,1.619823137843923178e-06,0.000000000000000000e+00,2.362565965086105280e-06,3.161855374855804257e-06,0.000000000000000000e+00,4.440719294507289305e-06,nan,0.000000000000000000e+00,nan,nan,nan,nan,nan,nan,nan,nan,nan,1.423068880512801115e-07,1.086566044250503182e-06,2.321974761798628606e-06,nan,0.000000000000000000e+00,nan,nan,nan,nan,nan,nan,nan,nan,nan,nan,nan,nan,nan,nan,nan,nan,3.557967602318967693e-06,0.000000000000000000e+00,nan,nan,nan,nan,2.615810394287109375e+00,0.000000000000000000e+00,nan,nan,nan,nan,nan,nan,nan,nan,nan,nan,nan,nan,nan,nan,nan,nan,nan,nan,0.000000000000000000e+00,0.000000000000000000e+00,0.000000000000000000e+00,nan,nan,nan,nan,nan,nan,nan,nan,nan,nan,nan,nan,nan
nan,nan,nan,nan,nan,nan,nan,nan,nan,nan,nan,nan,nan,nan,nan,nan,nan,nan,nan,nan,nan,0.000000000000000000e+00,2.384185791015625000e-07,nan,nan,nan,nan,nan,nan,nan,nan,nan,nan,nan,nan,nan,7.702823268118663691e-07,0.000000000000000000e+00,0.000000000000000000e+00,nan,nan,nan,nan,nan,nan,nan,nan,nan,nan,nan,5.763551484960771631e-07,1.689600139798130840e-06,0.000000000000000000e+00,1.499861468801100273e-06,0.000000000000000000e+00,1.476549059152603149e-01,1.393566429615020752e-01,5.452655255794525146e-02,5.376258513933862559e-07,nan,0.000000000000000000e+00,7.555439651696360670e-08,1.117736701417015865e-06,0.000000000000000000e+00,3.684282603444444248e-07,nan,0.000000000000000000e+00,nan,0.000000000000000000e+00,0.000000000000000000e+00,nan,5.971220016479492188e+00,nan,3.511289605739875697e-07,3.325551176658336772e-07,2.766769569007010432e-07,4.644081741389527451e-08,3.818730931470781798e-07,2.677718100585479988e-07,3.092526412729057483e-07,1.661907305106069543e-07,3.833613959614012856e-07,3.498731189210957382e-07,2.039814148702134844e-07,1.913254443763889867e-08,1.689176798436164972e-07,0.000000000000000000e+00,1.368552773328701733e-07,4.691827015790295263e-08,1.803532541089225560e-07,1.690749655836043530e-07,nan,2.299276644635028788e-07,2.207055587177819689e-07,8.271373275192672736e-08,0.000000000000000000e+00,3.579512508622428868e-07,7.580094347758858930e-07,3.173820459778653458e-07,2.621704595640039770e-07,1.815242569591646316e-07,8.847464272321303724e-08,6.238839773686777335e-07,2.734147415139887016e-07,3.990056711700162850e-07,1.986384035035371198e-07,2.338401685619828640e-07,1.458286220668014721e-07,1.563439866458793404e-07,1.709536974203729187e-07,6.027937615726841614e-08,5.365386009216308594e+00,1.364631145861494588e-07,2.782464889605762437e-07,5.960464477539062500e-08,5.460039886884260341e-08,4.052839486234915967e-08,2.384185791015625000e-07,6.855134386569261551e-03,9.837367385625839233e-02,1.182857155799865723e-01,1.465200781822204590e-01,0.000000000000000000e+00,7.943187085857061902e-08,7.898228204794577323e-08,2.396893705736147240e-07,2.384185791015625000e-07,0.000000000000000000e+00,0.000000000000000000e+00,1.194417563965544105e-06,0.000000000000000000e+00,nan,6.828755090282356832e-07,nan,0.000000000000000000e+00,0.000000000000000000e+00,0.000000000000000000e+00,3.186164121871115640e-06,2.099712673953035846e-06,1.907348661234209430e-07,2.423357159386796411e-08,4.768371653085523576e-08,nan,0.000000000000000000e+00,nan,nan,nan,nan,nan,nan,0.000000000000000000e+00,1.220223794007324614e-06,0.000000000000000000e+00,0.000000000000000000e+00,0.000000000000000000e+00,0.000000000000000000e+00,0.000000000000000000e+00,nan,nan,nan,nan,nan,nan,nan,nan,nan,nan,nan,nan,nan,nan,nan,nan,nan,3.310580495963222347e-06,nan,0.000000000000000000e+00,nan,nan,1.645584106445312500e+00,3.570634424686431885e-01,nan,nan,nan,nan,nan,nan,nan,nan,nan,nan,nan,nan,nan,nan,nan,nan,nan,nan,nan,nan,2.384185791015625000e-07,nan,nan,nan,nan,nan,nan,nan,nan,nan,nan,nan,nan,nan
nan,nan,nan,nan,nan,nan,nan,nan,nan,nan,nan,nan,nan,nan,nan,nan,nan,nan,nan,nan,nan,0.000000000000000000e+00,2.384185791015625000e-07,nan,nan,nan,nan,nan,nan,nan,nan,nan,nan,nan,0.000000000000000000e+00,9.396487143931153696e-07,1.980393562917015515e-06,1.009881600566586712e-07,nan,nan,nan,nan,nan,nan,nan,nan,0.000000000000000000e+00,nan,nan,9.619470802135765553e-07,7.884022465987072792e-07,nan,1.570810468365380075e-06,nan,1.945723653307140921e-07,9.815692901611328125e-04,1.946384087204933167e-03,1.140862777829170227e-01,3.252734988927841187e-02,9.574997425079345703e-02,5.704360432901012246e-07,9.481438249349594116e-02,1.137786284089088440e-01,1.269051134586334229e-01,7.975585758686065674e-02,7.277078181505203247e-02,1.283200234174728394e-01,1.057195663452148438e-01,1.338675469160079956e-01,7.221335172653198242e-02,8.162629604339599609e-02,6.602807521820068359e+00,1.095070913434028625e-01,1.077815517783164978e-01,1.451659947633743286e-01,1.156808286905288696e-01,7.877822965383529663e-02,6.331092864274978638e-02,9.411326050758361816e-02,5.824266746640205383e-02,5.615880712866783142e-03,6.480703502893447876e-02,7.251097261905670166e-02,7.954995334148406982e-02,3.549835830926895142e-02,5.522053688764572144e-02,7.581735402345657349e-02,6.387762725353240967e-02,1.453780233860015869e-01,1.118645817041397095e-01,1.451605260372161865e-01,1.105480268597602844e-01,1.966390572488307953e-02,1.382863223552703857e-01,9.015674144029617310e-02,1.393650174140930176e-01,1.039821580052375793e-01,6.947980145923793316e-04,1.165441051125526428e-01,1.041591838002204895e-01,1.469385027885437012e-01,1.357977539300918579e-01,1.419669240713119507e-01,1.409882009029388428e-01,7.608747482299804688e-02,5.313191562891006470e-02,6.067274510860443115e-02,7.259083539247512817e-02,1.246505323797464371e-02,7.676823996007442474e-03,8.263686299324035645e-02,9.939137846231460571e-03,1.123677864670753479e-01,1.213509216904640198e-01,1.198427975177764893e-01,6.289531290531158447e-02,1.354841738939285278e-01,1.384655237197875977e-01,8.094456046819686890e-02,3.253900213167071342e-03,nan,nan,6.909679086675168946e-07,5.391686954681063071e-07,1.369169524423341500e-07,1.445878154981983243e-07,8.519104000015431666e-08,4.067759906689616400e-09,2.005987482789350906e-07,1.258275403870356968e-07,nan,nan,nan,0.000000000000000000e+00,0.000000000000000000e+00,0.000000000000000000e+00,1.115299824050453026e-06,4.252416374583845027e-07,nan,2.201990234595996299e-08,0.000000000000000000e+00,0.000000000000000000e+00,3.775425483354410972e-08,6.626000867981929332e-07,0.000000000000000000e+00,nan,nan,nan,nan,nan,nan,nan,nan,nan,nan,0.000000000000000000e+00,0.000000000000000000e+00,0.000000000000000000e+00,nan,nan,nan,nan,nan,nan,nan,nan,nan,nan,nan,nan,nan,nan,nan,nan,2.959222229037550278e-06,0.000000000000000000e+00,nan,nan,nan,nan,nan,nan,nan,nan,nan,nan,nan,nan,nan,nan,nan,nan,nan,nan,nan,nan,nan,nan,nan,nan,nan,0.000000000000000000e+00,3.115790896117687225e-02,6.310738623142242432e-02,5.913631990551948547e-02,nan,4.867935087531805038e-03,1.863899268209934235e-02,2.691030502319335938e-03,nan,nan,nan,nan,nan,nan
nan,nan,nan,nan,nan,nan,nan,nan,nan,nan,nan,nan,nan,nan,nan,nan,nan,nan,nan,nan,nan,4.282214263184869196e-07,nan,nan,nan,nan,nan,nan,nan,nan,nan,nan,nan,nan,3.623564737154083559e-07,2.331682708245352842e-06,1.729025711938447785e-06,nan,nan,nan,nan,0.000000000000000000e+00,nan,nan,nan,nan,nan,nan,1.277405317523516715e-06,0.000000000000000000e+00,8.352942018063913565e-07,7.495474960705905687e-07,7.561369130826278706e-08,0.000000000000000000e+00,1.038379977558179235e-07,8.133850428748701233e-07,1.041077553054492455e-07,0.000000000000000000e+00,1.058823954735998996e-06,2.926187789853429422e-07,2.596460515633225441e-03,2.729983767494559288e-03,1.760638784617185593e-03,3.383578965440392494e-03,2.930314280092716217e-03,0.000000000000000000e+00,0.000000000000000000e+00,0.000000000000000000e+00,2.753101284724834841e-07,0.000000000000000000e+00,1.014016335830092430e-03,3.160686503633769462e-07,2.722823992371559143e-03,3.394145052880048752e-03,1.357955276034772396e-03,1.081118243746459484e-03,0.000000000000000000e+00,0.000000000000000000e+00,0.000000000000000000e+00,0.000000000000000000e+00,nan,0.000000000000000000e+00,2.267355797812342644e-03,0.000000000000000000e+00,0.000000000000000000e+00,nan,2.691013040021061897e-03,3.589868545532226562e-03,7.028012394272309393e-09,1.234275638125836849e-03,0.000000000000000000e+00,1.871648244559764862e-03,2.215047599747776985e-03,2.143186463854362955e-07,2.599463332444429398e-03,0.000000000000000000e+00,2.508666133508086205e-03,2.256170992041006684e-04,3.225069260224699974e-03,2.795378444716334343e-03,2.790570259094238281e-03,0.000000000000000000e+00,1.564386649988591671e-03,7.195280632004141808e-04,7.290460634976625443e-04,1.350968843325972557e-03,1.216027070768177509e-03,0.000000000000000000e+00,1.316661597229540348e-03,0.000000000000000000e+00,1.713915145955979824e-03,6.340469699352979660e-04,5.406680543273978401e-07,9.027075138874351978e-04,0.000000000000000000e+00,0.000000000000000000e+00,0.000000000000000000e+00,1.179458649858133867e-06,2.623757382025360130e-06,5.814442260998475831e-07,7.598432603117544204e-07,0.000000000000000000e+00,0.000000000000000000e+00,1.379158618419751292e-07,nan,8.406367442148621194e-07,nan,1.065057091409471468e-07,4.022462292141426587e-07,6.872552376080420800e-07,1.484503400206449442e-07,2.384185791015625000e-07,1.005348508442693856e-06,0.000000000000000000e+00,0.000000000000000000e+00,3.200860589913645526e-07,0.000000000000000000e+00,1.941970822372240946e-06,7.601941547363821883e-07,nan,2.661782446011784486e-06,1.700500433798879385e-06,8.230415460275253281e-08,0.000000000000000000e+00,0.000000000000000000e+00,0.000000000000000000e+00,nan,nan,nan,nan,nan,nan,nan,nan,3.129144090507907094e-07,1.430511531452793861e-07,2.509887735868687741e-06,0.000000000000000000e+00,0.000000000000000000e+00,nan,nan,nan,nan,nan,nan,nan,nan,nan,nan,nan,nan,nan,nan,0.000000000000000000e+00,nan,0.000000000000000000e+00,0.000000000000000000e+00,nan,nan,nan,nan,nan,nan,nan,nan,nan,nan,nan,nan,nan,nan,nan,nan,nan,nan,nan,nan,nan,nan,nan,nan,nan,nan,nan,nan,nan,nan,nan,7.581710815429687500e-04,nan,nan,nan,nan,nan,nan
nan,nan,nan,nan,nan,nan,nan,nan,nan,nan,nan,nan,nan,nan,nan,nan,nan,nan,nan,0.000000000000000000e+00,nan,2.384185791015625000e-07,nan,nan,nan,nan,nan,nan,nan,nan,nan,nan,nan,nan,5.922223067500453908e-07,nan,nan,0.000000000000000000e+00,nan,nan,nan,nan,0.000000000000000000e+00,nan,0.000000000000000000e+00,6.060442956368206069e-07,nan,1.343298777101153973e-06,1.051187268785724882e-06,nan,0.000000000000000000e+00,0.000000000000000000e+00,0.000000000000000000e+00,0.000000000000000000e+00,6.043003963895898778e-07,nan,0.000000000000000000e+00,9.920741916857878095e-08,8.346718800567032304e-07,0.000000000000000000e+00,6.976954409765312448e-07,3.593695794279483380e-07,1.101343855225422885e-06,0.000000000000000000e+00,0.000000000000000000e+00,0.000000000000000000e+00,6.391724127752240747e-07,3.163321480315062217e-07,8.556357329325692263e-07,0.000000000000000000e+00,1.291444959861109965e-06,2.994748911078204401e-07,2.084010617409148836e-07,7.665726116101723164e-07,4.449276218565501040e-07,2.607153817280050134e-07,6.085736572458699811e-07,1.104519014916149899e-06,2.143721644642937463e-07,3.094471026088285726e-07,4.044669594804872759e-07,5.954518087492033374e-07,1.885426286207803059e-07,4.462583262920816196e-07,2.781671923912654165e-07,2.955308104901632760e-07,1.283685122643873910e-07,1.665148943175154272e-07,1.287872066768613877e-07,2.516844403999130009e-07,1.457579656971574877e-07,1.224737786742480239e-07,1.864473944124256377e-07,9.281873190047917888e-07,5.876008799532428384e-07,3.431314326007850468e-07,1.842727641587771359e-07,2.452588034884684021e-07,2.172159128122075344e-07,5.592407319454650860e-07,4.923587084704195149e-07,9.871620676449310849e-08,5.536293201657827012e-07,3.430105550705775386e-07,3.076532664181286236e-07,3.734443509983975673e-07,2.095599995755037526e-07,2.957176263862493215e-07,5.731545229537005071e-07,1.767253721141059941e-08,2.093838986638729693e-07,2.851454894425842213e-07,1.877405821915090200e-07,5.990248155285371467e-07,8.685378816153388470e-08,3.653825331184634706e-08,1.557904596438675071e-07,1.647165674967254745e-07,2.086610706442115770e-08,1.697518655419116840e-06,9.670369536252110265e-07,1.206251113217149395e-06,4.609878487826790661e-06,nan,2.131871212895930512e-07,1.072382076472422341e-07,0.000000000000000000e+00,2.462570876105019124e-07,5.283936843625269830e-08,3.701568829228563118e-08,2.127548981434301822e-07,1.489343617322447244e-06,1.192092895507812500e-07,5.960464477539062500e-08,9.154285294243891258e-07,nan,1.814508294728511828e-07,2.785088554446701892e-06,2.509409114281879738e-06,nan,nan,3.502784011288895272e-06,3.018610641447594389e-06,1.938795094247325324e-06,0.000000000000000000e+00,5.207564512943463342e-08,nan,nan,nan,nan,nan,nan,nan,nan,0.000000000000000000e+00,nan,1.686042651272146031e-06,6.252193998079746962e-07,0.000000000000000000e+00,nan,nan,nan,nan,nan,nan,nan,nan,nan,nan,nan,nan,nan,nan,nan,nan,2.856577339116483927e-06,0.000000000000000000e+00,nan,nan,nan,nan,nan,nan,nan,nan,nan,nan,nan,nan,nan,nan,nan,nan,nan,nan,nan,nan,nan,nan,nan,nan,nan,nan,nan,nan,nan,nan,0.000000000000000000e+00,0.000000000000000000e+00,0.000000000000000000e+00,nan,nan,nan,nan,nan
nan,nan,nan,nan,nan,nan,nan,nan,nan,nan,nan,nan,nan,nan,nan,0.000000000000000000e+00,nan,nan,nan,nan,6.357829107628276688e-08,0.000000000000000000e+00,1.061445900063517911e-07,nan,nan,nan,nan,nan,nan,nan,nan,nan,nan,nan,nan,nan,7.223094371511251666e-07,nan,nan,nan,nan,nan,nan,nan,nan,nan,9.370588145429792348e-07,1.764533863024553284e-06,1.556944653202663176e-06,4.807396862815949135e-07,0.000000000000000000e+00,0.000000000000000000e+00,nan,0.000000000000000000e+00,0.000000000000000000e+00,1.448871330467227381e-06,2.258612084915512241e-06,1.349298486275074538e-06,1.463653944711040822e-07,0.000000000000000000e+00,3.551763256837148219e-07,9.540245855532702990e-07,8.422771315963473171e-07,nan,0.000000000000000000e+00,0.000000000000000000e+00,0.000000000000000000e+00,1.349877436496171867e-07,8.848087986734753940e-07,6.366842058014299255e-07,5.519916612684028223e-07,5.091376351629151031e-07,1.065729691163141979e-07,4.198856515813531587e-07,1.833856657640353660e-07,1.258502635437253048e-07,3.646756283615104621e-07,4.325708857777499361e-07,4.858470674662385136e-07,5.175500064069638029e-07,2.955945035409968114e-07,4.350396523022936890e-07,4.186832427421904868e-07,4.606040704402403207e-07,4.732401919227413600e-07,2.696547767300216947e-07,3.903858782905444968e-07,6.080988441681256518e-07,2.406070223059941782e-07,5.680336698787868954e-07,5.395491484705416951e-07,4.672806994676648173e-07,3.159279344799870159e-07,3.562491315278748516e-07,3.696151509302580962e-07,6.843967526037886273e-07,3.925511578017903958e-07,2.298874051120947115e-07,1.954772415047045797e-07,5.528436375357159704e-08,7.067936849125544541e-07,1.625781038683271618e-07,2.848806843758211471e-07,1.542223060368996812e-07,5.453188691717514303e-07,2.293793812668809551e-07,1.257468625226465520e-06,1.218119791701610666e-07,5.469376560540695209e-07,1.676540222206313047e-07,2.035269289990537800e-06,4.554303814074955881e-07,3.206959320323221618e-07,2.582180513854837045e-07,3.164099666719266679e-07,3.321931387745280517e-07,2.349382697275359533e-07,7.812366220605326816e-07,1.367409083741222275e-07,2.063165084109641612e-06,1.477069417887832969e-06,7.947286206899661920e-08,2.498093635949771851e-06,0.000000000000000000e+00,5.481876428348186892e-07,0.000000000000000000e+00,5.925027721787046175e-07,8.357698675354185980e-07,0.000000000000000000e+00,0.000000000000000000e+00,0.000000000000000000e+00,2.688771587600058410e-07,0.000000000000000000e+00,7.175792688940418884e-07,2.735174575718701817e-07,1.141640041169011965e-06,1.315960105330304941e-07,0.000000000000000000e+00,0.000000000000000000e+00,6.147929525468498468e-07,1.001107648335164413e-06,0.000000000000000000e+00,2.159923724320833571e-06,8.147220142973310431e-08,1.497355839319425286e-07,1.430511531452793861e-07,2.336248172696286929e-08,nan,nan,nan,nan,nan,nan,nan,nan,nan,0.000000000000000000e+00,0.000000000000000000e+00,0.000000000000000000e+00,0.000000000000000000e+00,nan,nan,nan,nan,nan,nan,nan,nan,nan,nan,nan,nan,nan,nan,nan,2.689029315661173314e-06,0.000000000000000000e+00,nan,0.000000000000000000e+00,nan,nan,nan,nan,nan,nan,nan,nan,nan,nan,nan,nan,nan,nan,nan,nan,nan,nan,nan,nan,nan,nan,nan,nan,nan,nan,nan,nan,nan,nan,0.000000000000000000e+00,nan,nan,nan,nan,nan
nan,nan,nan,nan,nan,nan,nan,nan,nan,nan,nan,nan,nan,nan,nan,2.900584604503819719e-06,nan,nan,nan,0.000000000000000000e+00,1.751043932074480836e-08,1.169034590020601172e-06,nan,nan,nan,nan,nan,nan,nan,nan,nan,nan,nan,nan,nan,nan,nan,nan,nan,nan,nan,nan,nan,0.000000000000000000e+00,0.000000000000000000e+00,1.515449298494786490e-06,9.929559610100113787e-07,3.458958417468238622e-07,2.161368229280924425e-06,0.000000000000000000e+00,0.000000000000000000e+00,6.558142331414273940e-07,2.505605891656159656e-07,2.384185791015625000e-07,nan,1.414207645211718045e-06,5.611397000393480994e-07,2.642424874466087203e-07,1.277279125133645721e-06,0.000000000000000000e+00,9.304655463893141132e-07,1.050255946211109404e-06,0.000000000000000000e+00,1.253749701390916016e-06,5.052199298916093539e-07,2.185327758752464433e-07,6.798326808166166302e-07,6.491051749435428064e-07,1.432987062344182050e-07,4.913317184218612965e-07,5.764803745478275232e-07,1.043788415699964389e-07,1.251173529226434766e-07,3.761307425520499237e-07,9.168315955321304500e-07,0.000000000000000000e+00,1.774010911503864918e-07,4.715889474482537480e-07,1.972452139398228610e-07,7.482318551410571672e-07,0.000000000000000000e+00,4.201716308216418838e-07,2.732437849317648215e-07,5.721894922317005694e-07,6.457401013904018328e-07,3.519170093113643816e-07,4.898924998997244984e-07,7.705775146860105451e-07,5.285502311380696483e-07,5.257635393718373962e-07,3.336705844958487432e-07,5.591790568360011093e-07,5.511327572094160132e-08,3.088457276589906542e-07,2.197762967171001947e-07,1.635049358128526364e-07,3.906819756593904458e-07,9.690287470220937394e-07,5.252868504612706602e-07,2.196944564047953463e-07,4.527964279077423271e-07,7.304957421183644328e-07,1.704877519159708754e-07,6.505453029603813775e-07,3.221586553081579041e-07,4.758971101637143875e-07,5.436218089016620070e-07,2.419062639091862366e-07,1.679275243304800824e-07,7.316282335523283109e-07,0.000000000000000000e+00,2.563677526268293150e-06,6.306285058599314652e-07,2.793105124965222785e-07,0.000000000000000000e+00,1.773442335206709686e-07,1.510225899892247980e-07,1.296073151024756953e-07,2.683015054572024383e-07,3.781262023494491586e-07,2.871582410080009140e-06,4.284860040115745505e-07,4.073800994319753954e-07,7.656107072762097232e-07,2.384185791015625000e-07,2.770384526229463518e-07,2.384185791015625000e-07,3.178914553814138344e-08,0.000000000000000000e+00,6.688762255180336069e-08,4.234940718106372515e-07,6.098327958170557395e-07,3.736574072377152334e-08,6.895159287978458451e-08,0.000000000000000000e+00,0.000000000000000000e+00,1.784928871373381298e-09,0.000000000000000000e+00,3.162938355671940371e-06,4.082756674961274257e-07,2.563531779742334038e-06,nan,0.000000000000000000e+00,nan,3.653321911656348675e-08,2.654196293860877631e-07,5.560724325448518357e-09,nan,nan,nan,nan,nan,nan,nan,nan,5.963080980109225493e-07,nan,7.307669420697493479e-07,0.000000000000000000e+00,0.000000000000000000e+00,nan,nan,nan,nan,nan,nan,nan,nan,nan,nan,nan,nan,nan,nan,nan,0.000000000000000000e+00,1.012299151170736877e-07,0.000000000000000000e+00,nan,nan,nan,nan,nan,nan,nan,nan,nan,nan,nan,nan,nan,nan,nan,nan,nan,nan,nan,nan,nan,nan,nan,nan,nan,nan,nan,nan,nan,nan,nan,0.000000000000000000e+00,nan,nan,nan,nan,nan
nan,nan,2.329820871353149414e+00,nan,8.312477171421051025e-02,nan,nan,nan,nan,nan,nan,nan,nan,nan,nan,nan,0.000000000000000000e+00,nan,nan,nan,0.000000000000000000e+00,0.000000000000000000e+00,nan,nan,nan,nan,nan,nan,nan,nan,nan,nan,8.023349664654233493e-07,nan,nan,nan,nan,nan,nan,nan,nan,nan,nan,nan,1.017034946926287375e-06,3.436776978560374118e-07,1.481757635701796971e-06,0.000000000000000000e+00,0.000000000000000000e+00,nan,0.000000000000000000e+00,1.444303023845350253e-07,0.000000000000000000e+00,0.000000000000000000e+00,1.448802208869892638e-06,0.000000000000000000e+00,nan,0.000000000000000000e+00,1.293115929001942277e-06,1.088277713279239833e-06,0.000000000000000000e+00,0.000000000000000000e+00,3.352584769800159847e-07,3.699601336393243400e-07,7.091947509252349846e-07,1.872862469554092968e-07,6.363305260492779780e-07,1.398382920569929411e-07,0.000000000000000000e+00,4.674496381085191388e-07,6.234382681213901378e-07,3.397802572635555407e-07,6.388174824678571895e-07,1.589858698025636841e-07,0.000000000000000000e+00,4.175171000042610103e-07,0.000000000000000000e+00,0.000000000000000000e+00,1.730041958580841310e-07,5.804775469187006820e-07,6.869466346870467532e-07,9.604958677300601266e-07,8.317152264680771623e-07,4.721495727721958247e-08,0.000000000000000000e+00,nan,2.402746588359150337e-07,3.375074300038249930e-07,1.009360630632727407e-06,7.971556783559208270e-07,1.994084470879897708e-07,2.572713526660663774e-07,3.506414145704184193e-07,2.631809792319472763e-08,3.285611285264167236e-07,1.632990915823029354e-07,6.378091370606853161e-07,6.475705731645575725e-07,1.199877033286611550e-06,nan,7.480524573111324571e-07,1.739375505849238834e-07,3.295954176252280377e-09,2.282686217824902997e-08,8.633311949779454153e-07,1.645022393859107979e-07,5.952337573944532778e-07,5.121922299622383434e-07,2.146295514648954850e-07,2.609342857340379851e-07,5.209856226429110393e-07,2.799900755690032383e-07,0.000000000000000000e+00,3.887030572968797060e-07,4.291750599350052653e-07,2.897118065448012203e-07,7.410438485067061265e-08,0.000000000000000000e+00,2.240615799564693589e-07,5.116679631100851111e-07,9.963804892265670787e-09,2.401340452706790529e-06,2.841258037733496167e-07,2.953958073703688569e-07,4.533553692454006523e-06,3.891265123456832953e-07,4.768371653085523576e-08,3.236788757021713536e-07,1.758854892841554829e-07,0.000000000000000000e+00,0.000000000000000000e+00,0.000000000000000000e+00,4.979669938620645553e-07,0.000000000000000000e+00,8.362261496586143039e-07,1.624728867000158061e-07,1.916593106443542638e-07,0.000000000000000000e+00,nan,0.000000000000000000e+00,0.000000000000000000e+00,0.000000000000000000e+00,2.700527602428337559e-06,3.558229309419402853e-06,0.000000000000000000e+00,1.560043472181860125e-07,2.151377884729299694e-06,0.000000000000000000e+00,0.000000000000000000e+00,nan,nan,nan,nan,nan,nan,nan,0.000000000000000000e+00,0.000000000000000000e+00,0.000000000000000000e+00,0.000000000000000000e+00,1.249016122528701089e-06,nan,nan,nan,nan,nan,nan,nan,nan,nan,nan,nan,nan,nan,nan,nan,nan,0.000000000000000000e+00,0.000000000000000000e+00,0.000000000000000000e+00,nan,nan,nan,nan,nan,nan,nan,nan,nan,nan,nan,nan,nan,nan,nan,nan,nan,nan,nan,nan,nan,nan,nan,nan,nan,nan,nan,nan,nan,0.000000000000000000e+00,0.000000000000000000e+00,nan,nan,nan,nan
nan,nan,4.010127544403076172e+00,nan,0.000000000000000000e+00,nan,nan,nan,nan,nan,nan,nan,nan,nan,nan,nan,nan,nan,0.000000000000000000e+00,nan,0.000000000000000000e+00,nan,nan,nan,nan,nan,nan,nan,nan,nan,nan,6.947461628215023666e-08,1.911737399495905265e-06,3.584378021059819730e-07,2.121351371897617355e-06,nan,nan,nan,nan,nan,nan,nan,nan,1.973111665165561135e-07,6.941552896932989825e-07,8.320814686157973483e-07,nan,0.000000000000000000e+00,0.000000000000000000e+00,0.000000000000000000e+00,nan,0.000000000000000000e+00,8.096592978290573228e-07,1.134643753175623715e-06,0.000000000000000000e+00,0.000000000000000000e+00,1.791416082141950028e-08,0.000000000000000000e+00,9.145132935373112559e-07,7.584224022139096633e-07,3.949543270209687762e-07,2.305879860386994551e-07,7.220602924462582450e-07,6.246031603041046765e-07,0.000000000000000000e+00,2.227060136306135973e-08,1.626741664040309843e-06,5.946870942352688871e-07,6.690159466415934730e-07,0.000000000000000000e+00,3.746906998003396438e-07,1.625615766442933818e-07,3.479523229543701746e-07,2.193165613562086946e-07,3.293023098649427993e-07,2.228921687219553860e-07,3.013651337369083194e-07,3.193702298176503973e-07,4.031919047520204913e-07,2.226804411975535913e-07,4.125756447592721088e-07,3.613508852140512317e-07,1.499169002272537909e-07,2.759220762982295128e-07,2.972821562252647709e-07,4.713067482953192666e-07,4.595796099238214083e-07,4.014881369585054927e-07,3.107393240497913212e-07,1.393616457789903507e-07,3.217818118628201773e-07,2.215015371120898635e-07,2.810845955991680967e-07,1.540665408583663520e-07,3.199756974936462939e-07,3.457605259882257087e-07,5.791782768937991932e-07,4.621119842340704054e-07,2.480780949554173276e-07,1.180504909825685900e-06,1.401236318088194821e-07,3.118576898941682884e-07,2.106078085262197419e-07,2.132681515831791330e-07,1.703157863630622160e-06,2.403857592980784830e-07,5.123860091771348380e-07,6.622962587243819144e-07,3.953603311401820974e-07,1.212729898725228850e-06,5.705794592358870432e-07,3.639864019078231649e-07,9.079732308236998506e-07,2.618220378280966543e-07,2.346672403064076207e-07,4.701987563748843968e-07,2.983870217576622963e-07,2.818171651597367600e-08,6.611806213641102659e-09,1.673182907779846573e-07,3.788032927332096733e-07,2.199552682213834487e-06,0.000000000000000000e+00,0.000000000000000000e+00,nan,2.499091351637616754e-06,8.179474093594762962e-07,2.654785191680275602e-07,4.676877551901270635e-08,1.180918388854479417e-06,1.469563528644357575e-07,nan,0.000000000000000000e+00,0.000000000000000000e+00,1.482589055967764580e-07,6.305012334451021161e-07,6.675897168406663695e-08,1.491103631678925012e-07,0.000000000000000000e+00,3.091595772275468335e-06,3.883419140038313344e-06,0.000000000000000000e+00,1.068704932549735531e-06,nan,0.000000000000000000e+00,4.332515004534798209e-07,4.525133761035249336e-07,2.015809741351404227e-06,2.413899302666777658e-08,0.000000000000000000e+00,nan,nan,nan,nan,nan,nan,nan,nan,1.430511531452793861e-07,1.942347580552450381e-06,0.000000000000000000e+00,nan,nan,nan,nan,nan,nan,nan,nan,nan,nan,nan,nan,nan,nan,nan,1.858055497905297671e-06,nan,0.000000000000000000e+00,nan,nan,nan,nan,nan,nan,nan,nan,nan,nan,nan,nan,nan,nan,nan,nan,nan,nan,nan,nan,nan,nan,nan,nan,nan,nan,nan,nan,nan,nan,0.000000000000000000e+00,0.000000000000000000e+00,nan,nan,nan,nan
nan,nan,nan,nan,nan,nan,nan,nan,nan,nan,nan,nan,nan,nan,nan,nan,nan,nan,nan,0.000000000000000000e+00,0.000000000000000000e+00,nan,nan,nan,nan,nan,nan,nan,nan,nan,0.000000000000000000e+00,1.922723413372295909e-06,nan,nan,2.445882955726119690e-06,0.000000000000000000e+00,nan,nan,nan,nan,nan,0.000000000000000000e+00,4.578991479320393410e-07,1.803715349524281919e-06,1.420526185569315203e-08,nan,0.000000000000000000e+00,nan,nan,nan,nan,1.605154693606891669e-07,3.820625948947053985e-08,nan,0.000000000000000000e+00,1.064521597982093226e-06,0.000000000000000000e+00,0.000000000000000000e+00,7.524774900957709178e-07,2.357028421329232515e-07,1.185344558507495094e-06,0.000000000000000000e+00,7.346665142904384993e-07,nan,3.473757601568649989e-07,2.734498991685541114e-07,1.049401589625631459e-06,2.212472622886707541e-07,2.510796264232340036e-07,2.228289730510368827e-07,3.781586883633281104e-07,3.520657401168136857e-07,2.564250110026478069e-07,7.229831311406087480e-08,7.405681117234053090e-07,1.233773559761175420e-06,4.198629994789371267e-07,4.634048593743500533e-07,1.335489855591731612e-06,1.532768152401331463e-07,3.133815766886982601e-07,6.188576406884749304e-08,4.705937044491292909e-07,2.977772339818329783e-07,2.951844351173349423e-07,4.628843441878416343e-07,4.709565644134272588e-07,4.506131006110081216e-07,3.399555339456128422e-07,4.728939018150413176e-07,3.981670886332722148e-07,3.342352385971025797e-07,1.085665871869423427e-06,2.216175261082753423e-07,1.181786615234159399e-07,5.798002007395552937e-07,4.258587296135374345e-07,5.348299509932985529e-07,1.175867669900299006e-08,2.207182632218973595e-07,2.863484667159355013e-07,1.088069211618858390e-06,1.170396402017104265e-07,2.970865011775458697e-07,3.274349751336558256e-07,1.711619688649079762e-06,5.411816914602241013e-07,6.128518066361721139e-07,3.706061590946774231e-07,5.235297066974453628e-07,1.556219899612187874e-06,1.488567562546450063e-07,3.048297401164745679e-07,2.355282049393281341e-06,3.200007654413639102e-07,0.000000000000000000e+00,5.513655310096510220e-07,2.384185791015625000e-07,2.037317301528673852e-07,1.666628577368101105e-07,1.631079271646740381e-07,4.473387207326595671e-07,1.024593643705884460e-06,3.167589852637320291e-07,8.857372790771478321e-07,2.035324939697602531e-07,0.000000000000000000e+00,0.000000000000000000e+00,2.607989131320209708e-07,5.565885885516763665e-07,0.000000000000000000e+00,2.384185791015625000e-07,2.596793535758479265e-07,nan,1.958154143721912988e-06,0.000000000000000000e+00,0.000000000000000000e+00,0.000000000000000000e+00,7.380497635267602163e-08,0.000000000000000000e+00,2.415925337118096650e-06,1.995319962588837370e-06,1.002472231448336970e-06,nan,1.906009060803626198e-06,0.000000000000000000e+00,0.000000000000000000e+00,1.410801075962808682e-07,2.123928879882441834e-06,0.000000000000000000e+00,0.000000000000000000e+00,nan,nan,nan,nan,nan,nan,0.000000000000000000e+00,0.000000000000000000e+00,2.750276451024546986e-07,0.000000000000000000e+00,nan,nan,nan,nan,nan,nan,nan,nan,nan,nan,nan,nan,nan,nan,nan,nan,0.000000000000000000e+00,0.000000000000000000e+00,nan,nan,nan,nan,nan,nan,nan,nan,nan,nan,nan,nan,nan,nan,nan,nan,nan,nan,nan,nan,nan,nan,nan,nan,nan,nan,nan,nan,nan,nan,nan,0.000000000000000000e+00,nan,nan,nan,nan
nan,nan,nan,nan,nan,nan,nan,nan,nan,nan,nan,nan,nan,nan,nan,nan,nan,nan,0.000000000000000000e+00,0.000000000000000000e+00,nan,nan,nan,nan,nan,nan,nan,nan,nan,nan,1.148220803770527709e-06,nan,2.173084112655487843e-06,2.213675998063990846e-06,nan,nan,nan,nan,nan,nan,nan,nan,1.851495881055598147e-06,0.000000000000000000e+00,0.000000000000000000e+00,0.000000000000000000e+00,7.922142941652055015e-08,nan,nan,nan,7.481279453713796102e-07,3.780500890115945367e-07,1.814579604797472712e-06,0.000000000000000000e+00,0.000000000000000000e+00,0.000000000000000000e+00,nan,9.392305173605564050e-07,7.143526659092458431e-07,6.630513667005288880e-07,8.205253720916516613e-07,0.000000000000000000e+00,4.312530279548809631e-07,2.605010820388997672e-07,nan,4.442248950908833649e-07,4.720274375813460210e-07,6.918976964698231313e-07,3.236434054088022094e-07,9.437813019985696883e-08,3.431597761505145172e-08,5.528726774173264857e-07,4.356265321803221013e-07,8.474772883459991135e-09,5.519962087419116870e-07,1.198483090547597385e-07,4.933742161483678501e-07,4.929372607875848189e-07,0.000000000000000000e+00,3.483000057258323068e-07,3.607306098274420947e-07,2.384185791015625000e-07,6.051286618458107114e-07,3.795818770413461607e-07,3.876295693316933466e-07,6.580656872756662779e-07,6.726228889419871848e-07,7.447437724295014050e-07,2.627699018376006279e-07,1.262821598402297241e-07,4.052230053730454529e-07,3.099576986187457805e-07,2.445842710585566238e-07,6.105108809606463183e-07,9.226433803632971831e-07,3.762762901260430226e-07,4.312113333071465604e-07,1.930628599211559049e-07,4.335324774729087949e-07,7.533946586590900552e-07,8.775231208346667700e-07,6.149548426037654281e-07,8.588110063101339620e-07,5.766202093582251109e-07,5.691027809007209726e-07,2.180159413001092616e-07,2.348249097394727869e-07,6.013602842358523048e-07,5.884086249352549203e-07,4.765363144088041736e-07,2.563020302659424488e-07,1.580652792654291261e-06,6.396501817107491661e-08,1.896674461931979749e-06,7.569030913145979866e-07,0.000000000000000000e+00,3.689523850880505051e-07,1.139809953087933536e-07,2.670556682460301090e-07,3.130886909730179468e-07,1.655523647059453651e-07,1.020326180878328159e-06,5.831963107993942685e-07,1.908799958982854150e-06,1.817398924686131068e-07,1.193491698359139264e-06,1.754784648255736101e-06,nan,0.000000000000000000e+00,2.705440920180990361e-07,1.578281626279931515e-06,2.071257938496273709e-07,1.173494652562112606e-07,1.989856741602125112e-07,0.000000000000000000e+00,1.663603370616328903e-07,0.000000000000000000e+00,1.571692394009005511e-07,0.000000000000000000e+00,1.693550984782632440e-06,3.072818572036339901e-06,1.700871848697715905e-06,nan,1.079508024304232094e-06,nan,nan,6.002627515044878237e-07,0.000000000000000000e+00,7.443511407245750888e-08,2.124520733559620567e-06,4.221129472625761991e-07,nan,nan,nan,nan,nan,nan,nan,nan,0.000000000000000000e+00,1.691335455689113587e-06,0.000000000000000000e+00,nan,nan,nan,nan,nan,nan,nan,nan,nan,nan,nan,nan,nan,nan,nan,0.000000000000000000e+00,0.000000000000000000e+00,0.000000000000000000e+00,nan,nan,nan,nan,nan,nan,nan,nan,nan,nan,nan,nan,nan,nan,nan,nan,nan,nan,nan,nan,nan,nan,nan,nan,nan,nan,nan,nan,nan,nan,0.000000000000000000e+00,nan,nan,nan,nan
2.127942629158496857e-03,8.732377886772155762e-01,0.000000000000000000e+00,nan,nan,nan,nan,nan,nan,nan,nan,nan,nan,nan,nan,nan,nan,nan,nan,2.384185791015625000e-07,nan,nan,nan,nan,nan,nan,nan,nan,nan,1.063768522158170526e-07,1.631743543839547783e-06,nan,nan,nan,0.000000000000000000e+00,nan,nan,nan,nan,0.000000000000000000e+00,2.030888879289705073e-08,5.833535396959632635e-07,0.000000000000000000e+00,6.042286599949875381e-07,3.297436137472686823e-07,0.000000000000000000e+00,0.000000000000000000e+00,0.000000000000000000e+00,nan,3.695386396884714486e-07,9.996424523706082255e-07,3.924550924239156302e-07,nan,1.794080731087888125e-06,nan,5.089036108074651565e-07,1.015122734315809794e-06,9.797686288948170841e-07,1.704790975054493174e-07,1.260699491467676125e-06,3.714450258485157974e-07,7.000049890848458745e-07,0.000000000000000000e+00,5.699874350284517277e-07,2.276889290442341007e-07,4.059604918893455761e-07,7.203120730991940945e-07,5.446569275591173209e-07,3.461831852291652467e-07,1.659491317695938051e-07,7.146720690798247233e-07,7.825079819667735137e-07,8.224540692935988773e-07,5.662186026711424347e-07,4.150098504851484904e-07,6.131749614723958075e-07,3.568568160972063197e-07,3.356046534008783055e-07,1.767700439359032316e-07,2.352775680947161163e-07,2.971503931803454179e-07,9.520023240838781931e-07,3.648187600902019767e-07,3.258915626247471664e-07,3.298037825061328476e-07,2.591543761809589341e-07,4.496033056966552977e-07,4.785912324223318137e-07,2.572745643192320131e-07,2.569003356711618835e-07,2.756185040198033676e-07,2.377700667466342566e-07,2.141306367775541730e-07,2.744690448253095383e-07,3.204111749255389441e-07,5.360751060834445525e-07,4.241408362304355251e-07,2.614607410578173585e-07,3.068307989906315925e-07,4.347160995621379698e-07,3.322386419313261285e-07,6.230867484191549011e-07,1.057686858985107392e-06,1.090572936846001539e-06,4.781757070304593071e-07,2.197348010213318048e-07,1.382430383500832249e-07,9.609390190234989859e-07,8.309779673254524823e-07,3.796058365423959913e-07,3.490478377443650970e-07,1.372280422629046370e-07,1.222561195390881039e-06,6.659625029215021641e-08,1.023205754790978972e-06,1.007833816402126104e-06,2.358756745479695383e-07,7.906216126229992369e-08,1.227571289064144366e-07,1.135310725430827006e-07,6.851762179849174572e-08,2.666058946942939656e-07,1.055789084603020456e-06,1.810488925002573524e-06,1.229348924880468985e-07,9.563186722516547889e-07,2.545399979680951219e-07,2.384185791015625000e-07,0.000000000000000000e+00,1.123248694057110697e-07,0.000000000000000000e+00,0.000000000000000000e+00,1.542256171660483233e-07,3.356023512424144428e-07,0.000000000000000000e+00,1.387361862725811079e-06,0.000000000000000000e+00,0.000000000000000000e+00,0.000000000000000000e+00,nan,1.992689391272506327e-07,2.399708591838134453e-06,1.206088427352369763e-06,nan,5.343986799744016025e-07,3.315857384222908877e-07,0.000000000000000000e+00,4.078181916611356428e-07,0.000000000000000000e+00,1.228380313023080816e-07,1.061375627386951237e-07,0.000000000000000000e+00,0.000000000000000000e+00,nan,nan,nan,nan,nan,nan,2.100956635331385769e-06,0.000000000000000000e+00,2.962089183711213991e-06,nan,nan,nan,nan,nan,nan,nan,nan,nan,nan,nan,nan,nan,nan,nan,0.000000000000000000e+00,1.310550459265868994e-07,0.000000000000000000e+00,0.000000000000000000e+00,0.000000000000000000e+00,nan,nan,nan,nan,nan,nan,nan,nan,nan,nan,nan,nan,nan,nan,nan,nan,nan,nan,nan,nan,nan,nan,nan,nan,nan,nan,nan,0.000000000000000000e+00,0.000000000000000000e+00,0.000000000000000000e+00,nan,nan,nan
1.025097817182540894e-02,3.979539871215820312e-02,3.166255056858062744e-01,nan,nan,nan,nan,nan,nan,nan,nan,nan,nan,nan,nan,nan,nan,0.000000000000000000e+00,nan,7.947286206899661920e-08,0.000000000000000000e+00,nan,nan,nan,nan,nan,nan,nan,nan,1.961645921255694702e-06,nan,0.000000000000000000e+00,nan,nan,nan,nan,nan,nan,nan,nan,1.144040311373828445e-06,1.724659568935749121e-06,nan,0.000000000000000000e+00,nan,nan,0.000000000000000000e+00,0.000000000000000000e+00,7.811016899950118386e-08,1.156097141574718989e-06,2.594243575515520206e-08,7.257034440044662915e-07,0.000000000000000000e+00,nan,0.000000000000000000e+00,1.051276058205985464e-06,1.940730953720049001e-06,1.829800737596087856e-07,4.245291336246737046e-07,4.006165079772472382e-03,0.000000000000000000e+00,2.291907037488272181e-07,1.133676732933963649e-06,6.749422709617647342e-07,2.083830395349650644e-06,1.120716433433699422e-06,2.968629928545851726e-07,1.517909595349919982e-06,2.827971457008970901e-07,4.953439542987325694e-07,6.464059651989373378e-07,8.637253472443262581e-07,5.110300094202102628e-07,5.708850494556827471e-07,2.879705789382569492e-07,4.298809415104187792e-07,7.657106380065670237e-07,8.134716154017951339e-07,2.509846410703175934e-07,2.558092759841201769e-08,7.957541470204887446e-07,3.323405621813435573e-07,3.979907035045471275e-07,3.876924381529534003e-07,4.303552145756839309e-07,4.753819951019977452e-07,4.459164131276338594e-07,1.004936294179969991e-07,2.106859398054439225e-07,4.569783413899131119e-07,2.670564072104752995e-07,5.524290713765367400e-07,2.481917249497200828e-07,3.063920530621544458e-07,2.698421042168774875e-07,4.026668705137126381e-07,3.058098343444726197e-07,5.728274459215754177e-07,4.479744575291988440e-07,3.754184660920145689e-07,1.442461098122294061e-06,7.824934300515451469e-08,1.998225087618266116e-07,4.620314086878352100e-07,5.456151370708539616e-07,7.220269537810963811e-08,5.009783308196347207e-07,4.837296501136734150e-07,2.883431022837612545e-07,6.968307957322394941e-07,4.195549365704209777e-07,7.621746931363304611e-07,6.835945214334060438e-07,3.112862714260700159e-07,2.352691126361605711e-06,1.800118241135351127e-07,2.235919282611575909e-06,5.300963721310836263e-07,2.135641921086062212e-07,7.200131904028239660e-07,1.042136261730775004e-07,9.519191479512301157e-08,2.384185791015625000e-07,1.691450506768887863e-06,2.261940466041778564e-07,0.000000000000000000e+00,6.062346642465854529e-07,1.816306394175626338e-06,7.723807016191130970e-07,1.535322127210747567e-07,7.035374665065319277e-07,1.507910383224952966e-07,0.000000000000000000e+00,9.170869361696531996e-07,8.578572874284873251e-08,0.000000000000000000e+00,2.051494618626747979e-07,1.283471533497504424e-07,0.000000000000000000e+00,1.002688804874196649e-06,0.000000000000000000e+00,4.292374455872050021e-08,0.000000000000000000e+00,nan,0.000000000000000000e+00,0.000000000000000000e+00,nan,nan,nan,1.713933528435518383e-07,0.000000000000000000e+00,0.000000000000000000e+00,nan,nan,nan,nan,nan,nan,nan,0.000000000000000000e+00,0.000000000000000000e+00,0.000000000000000000e+00,0.000000000000000000e+00,nan,nan,nan,nan,nan,nan,nan,nan,nan,nan,nan,nan,nan,nan,0.000000000000000000e+00,nan,0.000000000000000000e+00,nan,nan,nan,nan,nan,nan,nan,nan,nan,nan,nan,nan,nan,nan,nan,nan,nan,nan,nan,nan,nan,nan,nan,nan,nan,nan,nan,nan,nan,nan,nan,0.000000000000000000e+00,nan,nan,nan
nan,4.332228749990463257e-02,nan,8.516955375671386719e-02,nan,nan,2.094176709651947021e-01,nan,nan,nan,nan,nan,nan,nan,nan,nan,nan,nan,0.000000000000000000e+00,0.000000000000000000e+00,0.000000000000000000e+00,nan,nan,nan,nan,nan,nan,nan,0.000000000000000000e+00,2.377969849476357922e-06,0.000000000000000000e+00,0.000000000000000000e+00,nan,nan,nan,nan,nan,nan,nan,0.000000000000000000e+00,4.783317990586510859e-07,8.061003313741821330e-07,0.000000000000000000e+00,0.000000000000000000e+00,0.000000000000000000e+00,nan,0.000000000000000000e+00,4.428951001500536222e-07,1.060521640283695888e-06,0.000000000000000000e+00,0.000000000000000000e+00,5.136456593390903436e-07,1.101407860915060155e-06,4.567685323308978695e-07,8.984540045275934972e-07,3.292339556537626777e-07,2.020502506638877094e-06,8.808178222352580633e-07,4.435982532413618173e-07,1.189798197742675256e-07,2.752576051534560975e-07,1.023988829729205463e-06,7.605888185935327783e-07,1.181379502668278292e-06,0.000000000000000000e+00,4.047929849093634402e-07,4.549726213554095011e-07,3.677161828363750828e-07,4.379218410122120986e-07,5.439816277430509217e-07,3.401229093924484914e-07,1.267142806682386436e-06,2.956525122499442659e-07,4.544417606666684151e-07,5.207460276324127335e-07,5.595725269813556224e-07,6.341433049783518072e-07,2.966007457416708348e-07,3.292476549177081324e-07,3.793848293298651697e-07,4.383734619750612183e-07,3.993638131305488059e-07,5.200253099246765487e-07,8.310397561217541806e-07,6.217782129169791006e-07,6.626643198615056463e-07,7.064949159030220471e-07,2.513606602860818384e-07,2.342419520573457703e-07,3.346646053614676930e-07,3.327299680222495226e-07,9.210832558892434463e-07,6.978513056310475804e-07,8.153543262778839562e-08,2.164932766390847974e-07,1.894553776082830154e-07,5.464616492645291146e-07,4.891132903139805421e-07,3.935279266897850903e-07,3.854907220102177234e-07,3.921238658222137019e-07,1.729319905052761897e-07,1.499385234637884423e-06,2.473984466178080766e-07,2.801355094561586156e-07,6.003165253787301481e-07,4.040652470393979456e-07,3.203755625236226479e-07,3.144392906051507453e-07,4.133000857109436765e-07,9.623189498597639613e-07,4.504215951328660594e-07,1.777660600055241957e-06,1.047878441795546678e-07,6.082961476749915164e-07,2.425206560019432800e-07,5.889511811574266176e-08,8.079393865045858547e-07,1.788323658047374920e-07,5.396767619458842091e-07,8.675907565702800639e-07,2.375737153670343105e-07,3.673313244689779822e-07,3.674374795537005411e-07,7.549055567324103322e-07,1.345740656688576564e-06,1.446788473913329653e-06,5.196000643081788439e-07,1.925918411416205345e-07,5.114364967084839009e-07,4.643131390480448317e-08,3.786026070429215906e-08,1.316059751843567938e-06,2.112565340439687134e-07,4.313106671816058224e-07,4.642865860660094768e-07,2.661489304500719300e-07,1.028485712595283985e-06,9.173051012112409808e-07,nan,0.000000000000000000e+00,2.569905063865007833e-06,4.298874500818783417e-07,1.489906935603357852e-06,0.000000000000000000e+00,0.000000000000000000e+00,nan,4.220859040060531697e-08,5.367866151573252864e-08,nan,0.000000000000000000e+00,2.196235300289117731e-06,0.000000000000000000e+00,0.000000000000000000e+00,nan,nan,nan,nan,nan,0.000000000000000000e+00,0.000000000000000000e+00,0.000000000000000000e+00,2.538888921321813541e-08,0.000000000000000000e+00,nan,nan,nan,nan,nan,nan,nan,nan,nan,nan,nan,nan,nan,nan,nan,8.442139625549316406e+00,0.000000000000000000e+00,nan,nan,nan,nan,nan,nan,nan,nan,nan,nan,nan,nan,nan,nan,nan,nan,nan,nan,nan,nan,nan,nan,nan,nan,nan,nan,nan,nan,nan,nan,0.000000000000000000e+00,nan,nan,nan
nan,nan,nan,nan,6.773027181625366211e-01,nan,7.292020320892333984e-02,nan,nan,nan,nan,nan,nan,nan,nan,nan,nan,nan,0.000000000000000000e+00,nan,0.000000000000000000e+00,nan,nan,nan,nan,nan,nan,nan,2.355217020522104576e-06,nan,nan,1.277961473533650860e-06,0.000000000000000000e+00,nan,nan,nan,nan,nan,0.000000000000000000e+00,0.000000000000000000e+00,1.861520672719052527e-06,0.000000000000000000e+00,nan,0.000000000000000000e+00,0.000000000000000000e+00,nan,0.000000000000000000e+00,1.144150587606418412e-06,0.000000000000000000e+00,9.914109568853746168e-07,3.582021292913850630e-07,1.133648083850857802e-06,0.000000000000000000e+00,1.395901676914945710e-06,8.836590126293231151e-08,2.146782662748591974e-06,4.734939977879548678e-07,0.000000000000000000e+00,9.588849536612542579e-08,5.384202950153849088e-07,1.743885391647381766e-08,3.637441636783478316e-07,2.528130607970524579e-06,6.671026540061575361e-07,6.985228537814691663e-07,4.974005491931166034e-07,4.647201876650797203e-07,2.018813063386915019e-07,5.919835643908299971e-07,6.605455382668878883e-07,1.686179075477411970e-06,4.514243698849895736e-07,6.597585411327600013e-07,4.353335896212229272e-07,1.054148015100508928e-06,5.056022587268671487e-07,1.326177141436346574e-07,3.947642142065888038e-07,1.509233413798938273e-07,4.887157274424680509e-07,2.242321386347612133e-07,3.756330499982141191e-07,3.572765763237839565e-07,4.237971893417125102e-07,5.481927018990973011e-07,3.740273371022340143e-07,1.829081952564592939e-07,6.373489327415882144e-07,8.819097274681553245e-07,5.652225354424444959e-07,3.345937216181482654e-07,3.296607360425696243e-07,5.644691896122822072e-07,6.131860459390736651e-07,5.939123752796149347e-07,3.017781295966415200e-07,5.405456704465905204e-07,2.655129378581477795e-07,5.588702833847492002e-07,8.148890060510893818e-07,3.243750370529596694e-07,3.519826066167297540e-07,2.508139118617691565e-07,2.704480834836431313e-07,2.496114746008970542e-07,1.368802941215108149e-06,1.239924131368752569e-06,6.222728643479058519e-07,8.500266091004959890e-08,2.041276957243098877e-06,2.293564591582253342e-07,7.411708224935864564e-07,1.440198644786505611e-07,4.965963853464927524e-07,1.367239974570111372e-06,2.071252765745157376e-06,4.652627580981061328e-07,1.032957811730739195e-06,1.811200966983506078e-08,1.817488737287931144e-07,9.526356166134064551e-07,6.129820917522010859e-07,1.410804202350846026e-07,8.661825745548412669e-08,2.485593086021253839e-06,1.209695824400114361e-06,2.116263004836582695e-07,2.929461686562717659e-07,1.318574504693970084e-06,5.257747943687718362e-07,5.827648124068218749e-07,9.122194200017474941e-08,0.000000000000000000e+00,1.138069592343526892e-06,9.072297046941457666e-08,5.350641885115692276e-08,8.710311760751210386e-08,1.436783350072801113e-06,0.000000000000000000e+00,nan,1.218238253386516590e-06,4.019063908344833180e-07,0.000000000000000000e+00,2.733111386987729929e-06,1.539291019980737474e-06,0.000000000000000000e+00,2.235543433926068246e-06,0.000000000000000000e+00,0.000000000000000000e+00,0.000000000000000000e+00,1.437707624063477851e-07,0.000000000000000000e+00,0.000000000000000000e+00,nan,0.000000000000000000e+00,nan,nan,nan,nan,0.000000000000000000e+00,0.000000000000000000e+00,nan,6.799937182222492993e-07,0.000000000000000000e+00,nan,nan,nan,nan,nan,nan,nan,nan,nan,nan,nan,nan,nan,nan,5.018985271453857422e+00,2.413941361010074615e-02,8.896125793457031250e+00,nan,nan,nan,nan,nan,nan,nan,nan,nan,nan,nan,nan,nan,nan,nan,nan,nan,nan,nan,nan,nan,nan,nan,nan,nan,nan,nan,nan,nan,nan,0.000000000000000000e+00,nan,nan,nan
nan,nan,nan,0.000000000000000000e+00,nan,4.601629823446273804e-02,8.267761766910552979e-02,nan,nan,nan,nan,nan,nan,nan,nan,nan,nan,5.966261937828676309e-07,0.000000000000000000e+00,0.000000000000000000e+00,nan,nan,nan,nan,nan,nan,nan,nan,4.583957888826262206e-07,0.000000000000000000e+00,2.004602038141456433e-06,0.000000000000000000e+00,nan,nan,nan,nan,nan,nan,nan,0.000000000000000000e+00,nan,2.090993348247138783e-06,0.000000000000000000e+00,0.000000000000000000e+00,9.134807328337046783e-07,0.000000000000000000e+00,5.143164685250667389e-07,0.000000000000000000e+00,0.000000000000000000e+00,0.000000000000000000e+00,0.000000000000000000e+00,2.775864800241834018e-07,2.872608320103609003e-07,2.821141151798656210e-07,0.000000000000000000e+00,3.671029276119952556e-07,5.815271038045466412e-07,7.233702490339055657e-07,1.305941850660019554e-06,9.997589813792728819e-07,0.000000000000000000e+00,1.350621801066154148e-06,1.782832669050549157e-06,5.322903575688542333e-07,5.279948140923806932e-07,9.699527936390950345e-07,3.108754924596723868e-07,4.246350897574302508e-07,2.691513145691715181e-07,5.352449647944013122e-07,1.352762410533614457e-06,2.767987155039008940e-07,2.146474997744007851e-07,6.606663873753859662e-07,5.767385573562933132e-07,5.973913062007341068e-07,3.929334297936293297e-07,3.887122375090257265e-07,2.332586461761820829e-07,3.365712473168969154e-07,3.555081207196053583e-07,1.126701704379229341e-06,4.378777873625949724e-07,4.366634129837621003e-07,6.978413580327469390e-07,3.612728391999553423e-07,3.967620614275801927e-07,3.304434699202829506e-07,3.318726271572813857e-07,5.649005743180168793e-07,6.353600952024862636e-07,4.688301942223915830e-07,4.686411898546793964e-07,2.068791928877544706e-07,8.311769192914653104e-07,2.763313204923179001e-07,3.556723697784036631e-07,3.592430175558547489e-07,7.697365731473837513e-07,9.511890652902366128e-07,3.558179173523967620e-07,1.504973283772415016e-07,2.665007912128203316e-07,1.637977788959688041e-06,3.514164177431666758e-07,7.094050147316011135e-07,1.394814717059489340e-06,4.173149363850825466e-07,1.960255758604034781e-06,4.567622795548231807e-07,3.775452626086917007e-07,1.552392205894648214e-07,1.984059707638152759e-07,2.955762568035424920e-07,1.014171715496559045e-07,1.935024727117706789e-07,2.081854063362698071e-06,2.729420884861610830e-07,1.504801332430361072e-07,3.872623466349978116e-08,4.965071411788812838e-07,1.014534973364789039e-06,3.785669022704496456e-08,2.384185791015625000e-07,2.531052984977577580e-07,1.175462443825381342e-06,1.845437282099737786e-06,2.590602434793254361e-06,2.498104549886193126e-07,8.705790150997927412e-07,5.550986159619242244e-08,3.329501510052068625e-07,2.484063656993384939e-07,6.318358600765350275e-07,1.295798313094564946e-07,0.000000000000000000e+00,5.938782123848795891e-07,1.387782731399056502e-06,0.000000000000000000e+00,0.000000000000000000e+00,0.000000000000000000e+00,0.000000000000000000e+00,4.198092028673272580e-06,1.923889669797063107e-07,9.503402793598070275e-07,1.433270568895750330e-07,nan,nan,0.000000000000000000e+00,nan,nan,4.248292739816861285e-08,9.907091680361190811e-08,0.000000000000000000e+00,0.000000000000000000e+00,nan,nan,nan,nan,nan,0.000000000000000000e+00,1.687070380285149440e-06,0.000000000000000000e+00,0.000000000000000000e+00,4.234104267197835725e-08,nan,nan,nan,nan,nan,nan,nan,nan,nan,nan,nan,nan,nan,9.659213572740554810e-02,7.739159464836120605e-02,5.372598648071289062e+00,nan,nan,nan,nan,nan,nan,nan,nan,nan,nan,nan,nan,nan,nan,nan,nan,nan,nan,nan,nan,nan,nan,nan,nan,nan,nan,nan,nan,nan,nan,0.000000000000000000e+00,nan,nan,nan
nan,nan,nan,0.000000000000000000e+00,6.079127192497253418e-01,2.803671360015869141e-02,nan,nan,nan,nan,nan,nan,nan,nan,nan,nan,nan,nan,0.000000000000000000e+00,0.000000000000000000e+00,nan,nan,nan,nan,nan,nan,nan,1.261219608750252519e-06,2.536672354835900478e-06,nan,0.000000000000000000e+00,nan,nan,nan,nan,nan,nan,nan,1.960783947652089410e-06,0.000000000000000000e+00,0.000000000000000000e+00,3.820995573278196389e-07,0.000000000000000000e+00,0.000000000000000000e+00,0.000000000000000000e+00,0.000000000000000000e+00,9.037610766426951159e-07,0.000000000000000000e+00,0.000000000000000000e+00,3.010482885201781755e-07,0.000000000000000000e+00,1.184237589768599719e-06,7.398908792310976423e-07,2.214095218278089305e-07,0.000000000000000000e+00,6.833176513509897632e-08,4.006501512776594609e-07,4.133816560170089360e-07,4.005892719760595355e-07,6.584019160982279573e-07,8.550765642212354578e-07,1.673127258072781842e-06,6.167933861433994025e-07,2.776310736862797057e-07,8.563122264604317024e-07,4.130258730583591387e-07,4.522754011304641608e-07,5.217742682361858897e-07,5.452816935758164618e-07,1.717855866445461288e-06,9.173123203254363034e-07,6.560410383826820180e-07,7.496835223719244823e-07,7.665687462576897815e-07,2.152260094590019435e-07,1.855460823207977228e-06,3.269645105774543481e-07,3.590214987525541801e-07,4.171247098838648526e-07,5.048931370765785687e-07,4.057875742091709981e-07,2.359031014975698781e-07,3.048172345643251901e-07,8.793456345301819965e-07,5.611893243440135848e-07,5.260948228169581853e-07,7.491663041037099902e-07,5.413135681919811759e-07,5.266906555334571749e-07,4.486967100092442706e-07,2.753495209617540240e-07,4.784424731951730791e-07,1.005618557314846839e-07,6.200166922099015210e-07,2.855888112662796630e-07,1.092587012863077689e-06,1.861716896200960036e-07,2.829411585025809472e-07,2.385299922025296837e-07,1.142051928582077380e-06,1.104090983972128015e-06,2.809912587053986499e-07,4.605156789239117643e-07,5.262656941340537742e-07,6.052748631191207096e-07,1.787367409633588977e-07,3.311659497740038205e-07,3.092595761700067669e-07,9.478013680563890375e-07,1.803797204047441483e-06,2.058539081417620764e-07,1.186270282005352783e-07,1.582176025749504333e-07,1.169705797110509593e-06,1.593160618540423457e-06,9.673353815742302686e-07,4.464812946025631391e-07,2.175001100113149732e-06,1.448347575205843896e-07,5.394447271100943908e-07,9.061345167538092937e-07,3.897778457030653954e-03,1.039585868056747131e-06,1.752372469354668283e-07,1.957500614935270278e-07,2.526309344830224290e-06,2.546604491726611741e-07,6.584755283256527036e-07,2.404896406460466096e-07,1.071608835445658769e-06,9.174359547614585608e-07,2.171833273223455762e-07,1.684550170466536656e-07,4.667587916173943086e-08,0.000000000000000000e+00,9.484579663876502309e-07,0.000000000000000000e+00,1.779279585889526061e-07,5.129984259610864683e-08,7.194701083790278062e-07,0.000000000000000000e+00,0.000000000000000000e+00,2.437144075884134509e-06,2.006118165809311904e-06,3.537138582032639533e-07,1.852585683081997558e-06,0.000000000000000000e+00,1.385138602927327156e-06,nan,nan,0.000000000000000000e+00,7.459092898898234125e-08,7.702719528879242716e-08,9.536743306171047152e-08,0.000000000000000000e+00,nan,nan,nan,0.000000000000000000e+00,0.000000000000000000e+00,0.000000000000000000e+00,nan,0.000000000000000000e+00,0.000000000000000000e+00,0.000000000000000000e+00,nan,nan,nan,nan,nan,nan,nan,nan,nan,nan,nan,3.745969235897064209e-01,1.252055287361145020e+00,4.807654380798339844e+00,nan,8.495593070983886719e+00,nan,nan,nan,nan,nan,nan,nan,nan,nan,nan,nan,nan,nan,nan,nan,nan,nan,nan,nan,nan,nan,nan,nan,nan,nan,nan,nan,nan,nan,nan,0.000000000000000000e+00,0.000000000000000000e+00,nan,nan
nan,nan,nan,nan,1.840731650590896606e-01,6.814248114824295044e-02,nan,nan,nan,nan,nan,0.000000000000000000e+00,nan,nan,nan,nan,nan,nan,7.319805206407181686e-08,nan,nan,nan,nan,nan,nan,nan,nan,nan,0.000000000000000000e+00,nan,nan,nan,nan,nan,nan,nan,nan,0.000000000000000000e+00,0.000000000000000000e+00,9.231175681634340435e-07,4.013331817986909300e-07,nan,2.073745918096392415e-06,nan,0.000000000000000000e+00,1.076077637662820052e-06,5.075612534710671753e-07,1.457976850360864773e-06,nan,1.192092895507812500e-07,1.902723454350052634e-07,1.147381112787115853e-06,2.022122316702734679e-06,0.000000000000000000e+00,1.716994574962882325e-06,3.909650843070267001e-07,1.057849999597237911e-06,5.837192702529137023e-07,9.839676522460649721e-07,1.954900739065124071e-07,9.684574706625426188e-07,3.196522300186188659e-07,3.450978169894369785e-07,9.420410833627101965e-07,7.988783181644976139e-07,5.069838380222790875e-07,3.774739525397308171e-07,7.966128237058001105e-07,1.583178232067439239e-06,2.597750778932095272e-07,4.163982509908237262e-07,2.401416168140713125e-07,6.878301519464002922e-07,5.146353601048758719e-07,3.950050881940114778e-07,5.288441684569988865e-07,3.444026503984787269e-07,3.020263079633878078e-07,2.694588943086273503e-07,1.203968622576212510e-06,3.971724709117552266e-07,4.731678870939504122e-07,4.567494045204512076e-07,5.493247954291291535e-07,7.643320714123547077e-07,4.224761482873873319e-07,4.146765490986581426e-07,3.729404056684870739e-07,7.703463893449224997e-07,2.363340882993725245e-07,1.092046701955950994e-07,3.099442551501851995e-07,5.149316848473972641e-07,5.303233479025948327e-07,1.729627427948798868e-07,2.435423880342568737e-07,3.210791419405722991e-07,4.284549390831671190e-07,3.343610046613321174e-07,3.967453210407256847e-07,1.481308686379634310e-06,7.158086532399465796e-07,4.213038948819303187e-07,1.475108206250297371e-06,4.330265426233381731e-07,1.768327024365135003e-06,2.409493333743739640e-07,5.252290975477080792e-07,1.266094841412268579e-06,4.646106219752255129e-07,4.814121439267182723e-07,2.095274112434708513e-06,4.604270884556171950e-07,8.897365546545188408e-07,2.121754278050502762e-06,2.490256463261175668e-07,6.620176407068356639e-08,3.323587236536695855e-07,3.685545379994437099e-07,1.449005395670610596e-07,7.563068038507481106e-07,1.451079268008470535e-02,1.516116224229335785e-02,5.953625148436003656e-08,1.865460887984227156e-07,2.057677647826494649e-06,4.458881903701694682e-07,1.145628857557312585e-06,2.516380277484131511e-07,1.594657987880054861e-06,6.449060947488760576e-07,1.031496367431827821e-06,4.714349302048503887e-07,3.514512343372189207e-07,1.215852307723253034e-06,0.000000000000000000e+00,nan,3.043375329525588313e-07,3.467053204531111987e-07,9.560245644024689682e-07,0.000000000000000000e+00,0.000000000000000000e+00,0.000000000000000000e+00,1.673489009590412024e-06,1.002489398160832934e-06,0.000000000000000000e+00,0.000000000000000000e+00,0.000000000000000000e+00,3.255279423797219351e-08,0.000000000000000000e+00,0.000000000000000000e+00,0.000000000000000000e+00,0.000000000000000000e+00,4.979171990271424875e-07,1.907348661234209430e-07,2.369234808341502685e-09,nan,nan,nan,nan,nan,0.000000000000000000e+00,2.559468441631906899e-07,0.000000000000000000e+00,0.000000000000000000e+00,3.190870145886037790e-08,nan,nan,nan,nan,nan,nan,nan,nan,nan,nan,5.843057483434677124e-02,1.060864210128784180e+00,9.280973076820373535e-01,3.929960966110229492e+00,1.594130516052246094e+00,7.789510726928710938e+00,6.247326374053955078e+00,nan,nan,nan,nan,nan,nan,nan,nan,nan,nan,nan,nan,nan,nan,nan,nan,nan,nan,nan,nan,nan,nan,nan,nan,nan,nan,nan,0.000000000000000000e+00,nan,0.000000000000000000e+00,nan,nan
nan,nan,nan,2.878782525658607483e-02,1.452397704124450684e-01,nan,nan,nan,nan,nan,nan,nan,nan,nan,nan,nan,nan,0.000000000000000000e+00,nan,nan,nan,nan,nan,nan,nan,nan,nan,nan,nan,nan,nan,nan,nan,nan,nan,nan,nan,1.883370259747607633e-06,nan,nan,0.000000000000000000e+00,0.000000000000000000e+00,0.000000000000000000e+00,0.000000000000000000e+00,1.014655595099611674e-06,6.431679935303691309e-07,nan,0.000000000000000000e+00,3.797096610469452571e-07,5.040873247708077542e-07,1.276975922337442171e-06,1.487923782406141981e-06,0.000000000000000000e+00,2.102444568663486280e-06,1.279288767364050727e-06,8.102180686364590656e-07,6.769084279767412227e-07,4.527595365289016627e-07,3.081908630520047154e-07,9.991230172090581618e-07,1.533817339804954827e-06,5.689574322786938865e-07,3.882731789417448454e-07,4.417070442741533043e-07,6.499631695078278426e-07,3.078689019275770988e-07,1.453310915167094208e-06,3.334248788178229006e-07,1.741787968967400957e-06,3.552297869191534119e-07,4.201909860057639889e-07,6.065652655706799123e-07,5.072191697763628326e-07,3.501887420043203747e-07,5.507471314558642916e-07,4.809589881915599108e-07,3.979604912274226081e-07,5.453865128401957918e-07,4.632564412077044835e-07,5.982861921438598074e-07,3.252711735513003077e-07,4.339279371379234362e-07,1.017700242300634272e-06,5.098254405311308801e-07,8.992002449303981848e-07,4.353977374194073491e-07,4.980734615855908487e-07,5.682898063241736963e-07,3.919250843864574563e-07,3.670434409741574200e-07,4.003646552064310526e-07,5.361320631891430821e-07,4.164861309163825354e-07,6.436107469198759645e-07,4.462134768346004421e-07,4.138997837799252011e-07,1.409329797752434388e-06,5.113423640068504028e-07,4.623649090262915706e-07,2.570684216607332928e-07,4.278918765976413852e-07,4.288299351173918694e-07,4.348223114902793895e-07,4.295310418456210755e-07,1.471249902351701166e-06,6.181778644531732425e-07,1.001534542410809081e-06,1.272652411898889113e-06,4.937366582453250885e-03,3.589446180285449373e-07,8.157967954502964858e-07,2.582929425898328191e-07,5.415525947682908736e-07,5.858343001818866469e-07,9.006028562907886226e-07,2.010300022448063828e-06,4.950262564307195134e-07,1.983911715797148645e-06,4.233467905123688979e-07,4.077425614923413377e-07,2.785165804652933730e-07,2.683431148398085497e-07,5.748774469793715980e-07,9.183942211166140623e-07,1.167718366446024447e-07,1.271492351406777743e-06,2.071206608889042400e-06,1.578147390546291717e-07,2.164955503758392297e-07,1.081426219684544776e-07,1.002598892796413566e-07,1.173605255644361023e-06,2.757976176326337736e-07,6.279707349676755257e-07,2.781940509066771483e-07,1.168765948023064993e-06,6.958395033507258631e-07,1.928234212300594663e-07,9.424929459100894746e-08,0.000000000000000000e+00,5.626920938084367663e-07,7.562382364767472609e-08,0.000000000000000000e+00,6.006152369081974030e-03,2.050757984761730768e-06,7.017895313765620813e-07,0.000000000000000000e+00,0.000000000000000000e+00,4.815279339709377382e-07,nan,5.360606678550539073e-07,0.000000000000000000e+00,2.478550868545426056e-06,1.792667632116717868e-07,0.000000000000000000e+00,0.000000000000000000e+00,nan,nan,nan,nan,nan,nan,0.000000000000000000e+00,0.000000000000000000e+00,0.000000000000000000e+00,nan,nan,nan,nan,nan,nan,nan,nan,nan,nan,0.000000000000000000e+00,1.107095360755920410e+00,1.845958471298217773e+00,3.762448132038116455e-01,0.000000000000000000e+00,5.351536273956298828e+00,7.749169349670410156e+00,nan,0.000000000000000000e+00,nan,nan,nan,nan,nan,nan,nan,nan,nan,nan,nan,nan,nan,nan,nan,nan,nan,nan,nan,nan,nan,nan,nan,nan,nan,nan,0.000000000000000000e+00,nan,2.384185791015625000e-07,nan,nan
nan,nan,nan,nan,nan,nan,nan,nan,nan,nan,7.059430799927213229e-07,nan,nan,nan,nan,nan,nan,2.384185791015625000e-07,0.000000000000000000e+00,nan,nan,nan,nan,nan,nan,nan,nan,nan,nan,nan,nan,nan,nan,nan,nan,nan,1.748877934915071819e-06,0.000000000000000000e+00,3.517473885494837305e-07,nan,nan,nan,3.429432126722531393e-06,nan,0.000000000000000000e+00,0.000000000000000000e+00,9.511225016467506066e-07,6.725673529217601754e-07,2.454431466958340025e-07,7.022065915407438297e-07,2.973107484649517573e-07,3.130873551526747178e-07,0.000000000000000000e+00,3.322545296668977244e-07,9.364015340906917118e-07,1.464171418774640188e-06,0.000000000000000000e+00,2.541875971928675426e-07,7.386914830931345932e-07,9.672553460404742509e-07,2.067651365678102593e-07,9.453008829041209538e-07,3.918625566257105675e-07,5.995391347823897377e-07,8.867669976098113693e-07,5.003598175790102687e-07,3.507768440158542944e-07,4.829373665415914729e-07,5.899170218981453218e-07,4.982513246432063170e-07,7.927848173494567163e-07,3.464729161350987852e-07,5.410252583715191577e-07,1.261470174540590961e-06,5.024758138461038470e-07,2.018100389022947638e-07,5.492520926964061800e-07,6.391306328623613808e-07,5.057381144979444798e-07,3.908407677499781130e-07,6.904725751155638136e-07,3.407425595014501596e-07,5.316213673722813837e-07,4.022428754524298711e-07,5.320025024957431015e-07,6.787708457522967365e-07,4.235829464960261248e-07,6.340803793136728927e-07,4.240800137722544605e-07,4.306916423502116231e-07,1.154330675490200520e-06,2.282836675249200198e-07,4.500130330598040018e-07,2.412790252037666505e-07,1.173033638224296737e-06,7.725499813204805832e-07,7.071841992001282051e-07,3.239379395836294862e-07,4.820092840418510605e-07,2.887177288357634097e-07,4.749234108203381766e-07,5.792110187030630186e-07,1.609408855074434541e-06,6.135112471383763477e-07,4.477734307783975964e-07,4.089556284725404112e-07,1.934537863235163968e-07,1.737536649670801125e-06,1.153465973402489908e-06,7.217557822514208965e-07,1.923719310070737265e-06,1.924817496501418645e-07,6.708918363074189983e-07,7.901516596575675067e-07,4.126885642108391039e-07,9.642402574172592722e-07,1.627466758691298310e-06,1.305949979268916650e-07,1.115794475481379777e-06,4.522660788097709883e-07,1.638125439740178990e-07,1.815806882632386987e-07,1.098695634027535561e-06,9.739560482557862997e-07,9.229380992792357574e-08,2.510430192614876432e-07,2.735187990765552968e-06,1.522825300526164938e-06,1.715775539423702867e-07,1.186073319559000083e-07,9.417227033736708108e-07,8.648628408991498873e-07,4.300825651171180652e-08,2.418394160486059263e-07,1.165644334832904860e-06,1.410137201673933305e-06,0.000000000000000000e+00,4.575293477415698362e-09,0.000000000000000000e+00,nan,9.691017766044751625e-09,1.676210104051278904e-06,2.407466581644257531e-07,nan,0.000000000000000000e+00,0.000000000000000000e+00,1.852417426562169567e-06,2.951989245048025623e-06,nan,0.000000000000000000e+00,0.000000000000000000e+00,0.000000000000000000e+00,0.000000000000000000e+00,0.000000000000000000e+00,0.000000000000000000e+00,nan,0.000000000000000000e+00,nan,nan,nan,nan,nan,0.000000000000000000e+00,0.000000000000000000e+00,3.573086928554403130e-07,0.000000000000000000e+00,0.000000000000000000e+00,nan,nan,nan,nan,nan,nan,nan,6.692834943532943726e-02,2.441203445196151733e-01,1.535107731819152832e+00,1.684448480606079102e+00,3.392025232315063477e+00,7.313807964324951172e+00,2.426050424575805664e+00,0.000000000000000000e+00,nan,nan,nan,nan,nan,nan,nan,nan,nan,nan,nan,nan,nan,nan,nan,nan,nan,nan,nan,nan,nan,nan,nan,nan,nan,nan,nan,nan,nan,nan,0.000000000000000000e+00,nan,nan
nan,nan,nan,nan,nan,nan,nan,nan,nan,nan,0.000000000000000000e+00,nan,nan,nan,nan,nan,0.000000000000000000e+00,0.000000000000000000e+00,nan,nan,nan,nan,nan,nan,nan,nan,0.000000000000000000e+00,0.000000000000000000e+00,nan,nan,nan,nan,nan,nan,nan,nan,3.026450201559782727e-07,0.000000000000000000e+00,nan,nan,nan,0.000000000000000000e+00,nan,1.877560976026870776e-06,1.815662784565574839e-07,7.914420052657078486e-07,nan,0.000000000000000000e+00,0.000000000000000000e+00,1.288590965486946516e-06,5.254157144918281119e-07,1.166171955446770880e-06,3.218142182959127240e-06,7.620338919878122397e-07,9.804491583054186776e-07,9.263707738682569470e-07,0.000000000000000000e+00,3.833835933164664311e-07,7.688477694500761572e-07,3.548116183083038777e-07,1.381273705192143098e-06,7.972588491611531936e-07,1.023369122776784934e-06,5.903035571463988163e-07,7.260429129019030370e-07,4.809887172996241134e-07,6.829279186604253482e-07,4.721837001397943823e-07,5.122365109855309129e-07,6.672502763649390545e-07,3.948595406200183788e-07,2.476732561262906529e-07,5.880033313587773591e-07,6.601010795748152304e-07,5.918449801356473472e-07,3.403554558190080570e-07,6.500008566945325583e-07,1.711427870532133966e-07,5.643893246087827720e-07,4.559654769309418043e-07,5.424485038929560687e-07,7.596250384267477784e-07,4.798920372195425443e-07,3.845611047381680692e-07,1.050373498401313554e-06,3.660915979253331898e-07,5.625379344564862549e-07,4.287187493901001289e-07,2.329109776155746658e-07,5.493951107382599730e-07,4.204270567242929246e-07,3.839344060452276608e-07,2.759015274023113307e-07,5.841756092195282690e-07,3.363212499607470818e-07,1.015227667267026845e-06,6.245945201044378337e-07,4.245319473739073146e-07,6.339851665870810393e-07,5.749581646341539454e-07,3.872029026297241217e-07,1.472142571401491296e-06,4.287801971258886624e-07,1.156211737907142378e-06,4.871826604357920587e-07,1.521874878562812228e-06,3.035322038158483338e-07,6.536604360007913783e-07,5.837401886310544796e-07,3.689635263981472235e-07,2.885297760713001480e-07,6.925339448571321554e-07,1.204187697112502065e-06,1.898560100244139903e-07,3.104320853708486538e-07,2.971376318328111665e-07,2.133051282271480886e-07,3.564471455774764763e-07,7.565249688923358917e-07,6.599963171538547613e-07,2.896469197821716079e-07,3.015077538748300867e-07,9.201863235830387566e-07,8.507581128469610121e-08,1.071975432864746836e-07,5.401309977060009260e-07,2.693469014047877863e-06,9.714182169773266651e-07,1.158976601800532080e-06,6.779936256862129085e-07,1.907671105527697364e-07,4.729529052838188363e-07,9.262084432748451945e-08,1.318248678217059933e-06,6.754189030289126094e-08,6.233545235545534524e-08,0.000000000000000000e+00,7.330919515879941173e-07,1.592764817814895650e-07,1.523806304248864762e-06,8.598548788540938403e-07,8.265319593192543834e-07,1.451202251701033674e-07,0.000000000000000000e+00,3.764531086858369235e-08,0.000000000000000000e+00,1.165414786896690202e-07,9.083566965273348615e-08,2.032188888279051753e-07,3.039181351027764322e-08,7.981195153661246877e-07,4.904457568954967428e-07,1.352065215343145610e-08,7.117977247617091052e-07,1.884806835050767404e-07,1.907348661234209430e-07,nan,nan,nan,nan,nan,nan,nan,9.736795192338831839e-08,0.000000000000000000e+00,0.000000000000000000e+00,0.000000000000000000e+00,nan,nan,nan,nan,nan,0.000000000000000000e+00,1.741374135017395020e-01,3.372316434979438782e-02,0.000000000000000000e+00,2.909935474395751953e+00,2.249227285385131836e+00,2.541165590286254883e+00,nan,0.000000000000000000e+00,3.093745704063621815e-08,nan,nan,nan,nan,nan,nan,nan,nan,nan,nan,nan,nan,nan,nan,nan,nan,nan,nan,nan,nan,nan,nan,nan,nan,nan,nan,nan,nan,nan,nan,nan,nan,nan
nan,nan,nan,nan,nan,nan,nan,nan,nan,nan,nan,nan,nan,nan,nan,nan,nan,2.070146498667213564e-09,nan,nan,nan,nan,nan,nan,nan,0.000000000000000000e+00,3.332319465698674321e-06,0.000000000000000000e+00,nan,nan,nan,nan,nan,nan,nan,nan,nan,0.000000000000000000e+00,nan,nan,nan,1.736070316837867722e-06,nan,0.000000000000000000e+00,1.767015618270306732e-07,1.710855713099590503e-06,0.000000000000000000e+00,nan,9.526835356155061163e-07,1.612170763110043481e-06,1.377008288727665786e-06,0.000000000000000000e+00,2.334144255655701272e-06,6.537615604429447558e-07,9.119737569562857971e-07,3.667427961318026064e-07,1.019396336232603062e-06,1.541754841127840336e-06,1.005444914881081786e-06,2.423141722829313949e-06,8.849634696161956526e-07,4.654475844745320501e-07,1.128992039411969017e-06,7.832679216335236561e-07,3.875901768424228067e-07,7.724271995357412379e-07,4.225943257551989518e-07,4.824740926778758876e-07,6.364332989505783189e-07,1.188031546917045489e-06,5.149569801687903237e-07,5.276898491501924582e-07,1.403945361744263209e-06,4.921029699289647397e-07,5.101082365399634000e-07,4.171548937392799417e-07,2.427611605071433587e-07,4.860150966123910621e-07,2.859644325781118823e-07,4.348861182279506465e-07,5.149406661075772718e-07,3.307418126041739015e-07,4.805849584954557940e-07,3.318557446618797258e-07,4.187184856618841877e-07,6.167916808408335783e-07,4.789376362168695778e-07,6.771076073164294939e-07,3.372930450495914556e-07,5.313956421559851151e-07,4.515190710208116798e-07,2.553231013280310435e-07,6.576018449777620845e-07,5.310848223416542169e-07,5.875035071767342743e-07,5.302799195305851754e-07,4.422971926487662131e-07,3.667750831937155453e-07,1.280489641430904157e-06,1.015196971820842009e-06,1.425270397703570779e-06,4.476278547826950671e-07,3.608765837270766497e-07,1.422567038389388472e-06,5.863224714630632661e-07,4.043150738652911969e-07,2.033773064613342285e-02,2.874510362744331360e-02,7.092563691912801005e-07,5.153992219675274100e-07,7.415845857394742779e-07,2.370026663811586332e-07,8.374375966013758443e-07,3.391375571482058149e-07,2.089955870587800746e-07,6.244369501473556738e-07,9.994146239478141069e-07,4.889474212177447043e-07,2.157177050321479328e-07,3.034550672964542173e-07,2.314246074774928275e-07,1.496502193276683101e-07,3.171803442114651261e-08,1.117861529564834200e-06,1.734288588295385125e-07,1.278740029420077917e-07,1.488628811330272583e-07,1.572467340338334907e-06,4.793607217834505718e-07,1.835996954469010234e-07,1.502039168599367258e-07,1.682252332102507353e-06,1.179325636257999577e-06,1.533812508114351658e-07,2.442101560973242158e-07,1.371516447079557111e-07,1.022497571057101595e-07,7.871745992815704085e-07,1.643668952056032140e-07,1.138732628191974072e-07,nan,5.248576258054526988e-07,0.000000000000000000e+00,5.073641773378767539e-07,0.000000000000000000e+00,0.000000000000000000e+00,2.710169383135507815e-06,1.206781803375633899e-07,0.000000000000000000e+00,4.432953204513978562e-08,0.000000000000000000e+00,nan,0.000000000000000000e+00,6.173311106749679311e-08,1.289854800745615648e-08,0.000000000000000000e+00,nan,nan,nan,nan,nan,nan,0.000000000000000000e+00,nan,0.000000000000000000e+00,0.000000000000000000e+00,nan,nan,nan,nan,nan,3.021318465471267700e-02,0.000000000000000000e+00,6.118469312787055969e-02,1.245955467224121094e+00,2.281733751296997070e+00,2.334565639495849609e+00,2.399813890457153320e+00,1.214162707328796387e+00,nan,7.762272834777832031e+00,0.000000000000000000e+00,0.000000000000000000e+00,0.000000000000000000e+00,nan,nan,nan,nan,nan,nan,nan,nan,nan,nan,nan,nan,nan,nan,nan,nan,nan,nan,nan,nan,nan,nan,nan,nan,nan,nan,nan,nan,nan,nan,nan
nan,nan,nan,nan,nan,nan,nan,nan,nan,nan,1.723707100609317422e-06,nan,nan,nan,nan,nan,nan,0.000000000000000000e+00,nan,nan,nan,nan,nan,nan,nan,nan,0.000000000000000000e+00,1.623388357074873056e-06,nan,nan,nan,nan,nan,nan,nan,nan,2.779926262519438751e-06,nan,nan,nan,nan,1.121544755733339116e-06,nan,1.286045517190359533e-06,6.482733851953526028e-07,0.000000000000000000e+00,0.000000000000000000e+00,1.341195911663817242e-06,1.032847535498149227e-06,1.443337282580614556e-06,0.000000000000000000e+00,1.455028268537716940e-06,1.371904772895504721e-06,1.311715777774224989e-06,1.422594436917279381e-06,3.156139598559093429e-07,8.172536922756989952e-07,0.000000000000000000e+00,1.088722569875244517e-06,2.266832552777486853e-06,1.200583824356726836e-06,8.918726166484702844e-07,8.159604476531967521e-07,7.005363045209378470e-07,3.226435865144594572e-07,4.520236984717485029e-07,8.842733905112254433e-07,3.864098800931969890e-07,1.685345409896399360e-06,5.579370849773113150e-07,7.523855742874729913e-07,1.134066224039997905e-06,4.308390089136082679e-07,4.843153647016151808e-07,3.914437343155441340e-07,4.187305364666826790e-07,1.318130671279504895e-06,6.267110848057200201e-07,4.707131893155747093e-07,1.142317159974481910e-06,4.676851403928594664e-07,4.637678046037763124e-07,3.408338216104311869e-07,3.241619310756505001e-07,4.744273383039399050e-07,9.303894330514594913e-07,6.747025622644287068e-07,7.798067258590890560e-07,7.493674729630583897e-07,3.777109895963803865e-07,4.207085453344916459e-07,3.461638300450431416e-07,6.409601951418153476e-07,9.046576678883866407e-07,5.269472467261948623e-07,3.986018555224291049e-07,7.701744380028685555e-07,7.272103061950474512e-07,3.332265237077081110e-07,7.238868420245125890e-07,1.392866920468804892e-06,4.422490746947005391e-07,2.060306059092908981e-07,3.826596071121457499e-07,6.467685125244315714e-07,1.342138375548529439e-06,3.134742030397319468e-07,4.703588274423964322e-07,6.613909704356046859e-07,5.315664566296618432e-07,4.757000056088145357e-07,8.901425303520227317e-07,4.700620763742335839e-07,6.933428267075214535e-07,1.256464372545451624e-07,3.687324863221874693e-07,5.145907948644889984e-07,3.765482858852919890e-07,1.076451496828667587e-07,1.437442591623039334e-07,1.463021817471599206e-06,9.326723215963284019e-07,3.060413007460738299e-07,9.390986974722181913e-07,4.776904347636445891e-07,4.582454948831582442e-07,2.611128138596541248e-06,1.742793415360210929e-06,3.602751235121104401e-07,7.191320037236437201e-07,2.515563721772196004e-07,1.774256134012830444e-06,1.182511937258823309e-06,1.760889034585488844e-07,6.430735766116413288e-07,1.256582663700100966e-06,1.093094965654017869e-06,2.384185791015625000e-07,1.610948970665049274e-06,1.856940002653573174e-06,6.490199098152515944e-07,8.335490520039456896e-07,9.805127376694144914e-08,6.432182431126420852e-08,6.676876296296541113e-07,0.000000000000000000e+00,0.000000000000000000e+00,4.550787480184226297e-07,0.000000000000000000e+00,0.000000000000000000e+00,nan,nan,0.000000000000000000e+00,0.000000000000000000e+00,8.789233163497556234e-08,0.000000000000000000e+00,nan,0.000000000000000000e+00,nan,nan,nan,nan,nan,1.674288228059594985e-06,1.965695162198244361e-07,1.015351003275100084e-07,0.000000000000000000e+00,nan,nan,nan,nan,0.000000000000000000e+00,9.175591170787811279e-02,3.363064289093017578e+00,1.573905706405639648e+00,1.255782604217529297e+00,0.000000000000000000e+00,1.063135027885437012e+00,1.452648758888244629e+00,0.000000000000000000e+00,5.801489949226379395e-01,nan,0.000000000000000000e+00,nan,nan,nan,nan,nan,nan,nan,nan,nan,nan,nan,nan,nan,nan,nan,nan,nan,nan,nan,nan,nan,nan,nan,nan,nan,nan,nan,nan,nan,nan,nan,nan
nan,nan,nan,nan,nan,nan,nan,nan,nan,0.000000000000000000e+00,nan,nan,nan,nan,nan,nan,nan,7.947286206899661920e-08,nan,nan,nan,nan,nan,nan,nan,0.000000000000000000e+00,1.004201408250082750e-06,nan,nan,nan,nan,nan,nan,nan,nan,nan,1.822811457330431040e-09,1.305208684243552852e-06,nan,nan,nan,0.000000000000000000e+00,0.000000000000000000e+00,nan,nan,1.119822286455018912e-06,nan,5.576581543209613301e-07,6.740295930285356008e-07,0.000000000000000000e+00,0.000000000000000000e+00,nan,nan,2.168154196624527685e-06,8.761997492001682986e-07,2.073461189411318628e-07,3.250563459005206823e-04,nan,nan,0.000000000000000000e+00,nan,1.445804238319396973e-01,1.445800364017486572e-01,3.004834638886677567e-07,6.095011713114217855e-07,7.863617952352797147e-07,4.946800800098571926e-07,6.028984103068069089e-07,7.774761456857959274e-07,3.895907525475195143e-07,3.234177370359248016e-07,6.432699706238054205e-07,3.766828626794449519e-07,4.177283869921666337e-07,4.803189881386060733e-07,3.933268146738555515e-07,2.795108855480066268e-07,2.113479524723516079e-07,4.681456573507603025e-07,6.586417953258205671e-07,4.928836006001802161e-07,4.949467893311521038e-07,3.893533744303567801e-07,4.733838636639120523e-07,5.500469342223368585e-07,5.842265409228275530e-07,7.422148655678029172e-07,3.810887108102178900e-07,2.613103049498022301e-07,1.445801109075546265e-01,3.972018305375968339e-07,5.493736807693494484e-07,2.595764385660004336e-07,2.483506307271454716e-07,3.513717103942326503e-07,5.193941774450649973e-07,3.258867025124345673e-07,4.197601981559273554e-07,3.121130021099816076e-07,7.406814006571948994e-07,3.485854165319324238e-07,5.083434757580107544e-07,4.108774476208054693e-07,5.646659815283783246e-07,3.093895202255225740e-07,2.530668439248984214e-07,4.575309162646590266e-07,3.550308465491980314e-04,4.197077942080795765e-05,5.095639039609523024e-07,2.686585939954966307e-04,7.470241598639404401e-07,2.497904824849683791e-05,6.024151275596523192e-07,5.107719402985821944e-07,2.497324658179422840e-07,2.402662460099236341e-07,1.948198331547246198e-07,1.633363135624676943e-04,1.445802152156829834e-01,3.069519323162239743e-07,1.719702567015701788e-07,2.237155882767183357e-07,2.886448271510744235e-07,3.957056549097615061e-08,2.912350680617237231e-07,8.578375627621426247e-07,2.609311877677100711e-06,9.286403610531124286e-07,1.534281750537047628e-06,5.344980422705702949e-07,6.656340190147602698e-08,1.360109393999664462e-07,9.104045517460690462e-08,2.659373592450720025e-07,6.431176871046773158e-07,1.196363399458277854e-07,6.554961373694823124e-08,1.134022582505167520e-07,1.541719143460795749e-07,nan,3.714202989613113459e-07,4.378522788783811848e-08,4.073634318757513029e-09,2.832098289218265563e-07,1.536252085543310386e-07,6.731104207347016199e-08,1.637926402509037871e-06,1.793962667306914227e-07,0.000000000000000000e+00,nan,nan,nan,0.000000000000000000e+00,1.894759371623422339e-08,1.821554604930497590e-07,nan,1.283577830690774135e-07,nan,nan,nan,nan,nan,nan,0.000000000000000000e+00,0.000000000000000000e+00,0.000000000000000000e+00,nan,nan,nan,nan,2.372063696384429932e-01,1.490564227104187012e+00,2.218667745590209961e+00,3.827591419219970703e+00,1.038123607635498047e+00,1.716719865798950195e-01,4.091728031635284424e-01,1.155761837959289551e+00,7.087965488433837891e+00,nan,0.000000000000000000e+00,nan,nan,nan,nan,nan,nan,nan,nan,nan,nan,nan,nan,nan,nan,nan,nan,nan,nan,nan,nan,nan,nan,nan,nan,nan,nan,nan,nan,nan,nan,nan,nan,nan
nan,nan,nan,nan,nan,nan,nan,nan,nan,nan,nan,nan,nan,nan,nan,nan,0.000000000000000000e+00,0.000000000000000000e+00,nan,nan,nan,nan,nan,nan,nan,0.000000000000000000e+00,0.000000000000000000e+00,nan,nan,nan,nan,nan,nan,nan,0.000000000000000000e+00,2.691422650968888775e-06,4.402753006615967024e-07,0.000000000000000000e+00,nan,nan,nan,nan,1.396378934259701055e-06,1.539421248253347585e-07,0.000000000000000000e+00,nan,nan,2.405537543381797150e-06,0.000000000000000000e+00,6.335033049253979698e-07,nan,0.000000000000000000e+00,0.000000000000000000e+00,1.065016022039344534e-06,3.132333858957281336e-07,1.148652586380194407e-06,8.727070621716848109e-07,1.162800685960974079e-06,1.775396754055691417e-06,6.742481559740554076e-07,2.827271373462281190e-06,6.668010996691009495e-07,6.616224368372058962e-07,1.120158284902572632e-02,1.445801109075546265e-01,6.639933189944713376e-07,7.413381695187126752e-07,9.463234391660080291e-07,6.626883077842649072e-07,5.948658667875861283e-07,4.317490720495698042e-07,3.833934272279293509e-07,4.974837111149099655e-07,1.027534381137229502e-06,1.732141612365012406e-07,4.072784918207617011e-07,1.926370316596148768e-07,4.206943913231953047e-07,5.251339985079539474e-07,4.451929385140829254e-07,5.474422550832969137e-07,5.192301273382327054e-07,4.577612742195924511e-07,9.010266239783959463e-07,8.802092565929342527e-07,9.207869311467220541e-07,3.827304908554651774e-07,1.445803195238113403e-01,1.431114226579666138e-01,5.369433893065433949e-07,3.884305215251515619e-07,9.383414862895733677e-07,3.172973208620533114e-07,5.643180429615313187e-07,5.819259172312740702e-07,3.760243032502330607e-07,3.073956804655608721e-07,4.171889713688869961e-07,3.249279814099281793e-07,5.493188837135676295e-07,3.071363892104272963e-07,6.529907636831921991e-07,5.632576858261018060e-07,7.865033921916619875e-07,3.164801967159291962e-07,2.384185791015625000e-07,5.047581908002030104e-07,3.594538213747000555e-07,8.405381208831386175e-07,3.537334407610615017e-07,3.787189655213296646e-07,4.159268769399204757e-07,2.108392322952568065e-07,4.427060673606320051e-07,1.640752600451378385e-07,1.158683744506561197e-06,2.416597908450057730e-07,2.341036520192574244e-07,1.580024644454169902e-07,8.966106292973563541e-07,2.635122484662133502e-07,1.964187248404414277e-07,6.725910566274251323e-07,1.060988523704509134e-07,1.370374747011737782e-07,2.493161446182057261e-07,1.202803616706660250e-07,1.858461587289639283e-06,2.724177932122984203e-07,1.304068462104623904e-07,2.515272683467628667e-07,6.126242624304722995e-08,4.599506553404353326e-08,1.202593580273969565e-06,4.000021931460651103e-07,2.224292359187529655e-07,1.317772898801194970e-06,0.000000000000000000e+00,1.648201362058898667e-07,2.848931934806842037e-08,2.391951454683294287e-07,0.000000000000000000e+00,8.279018004486715654e-08,1.328035921233094996e-07,0.000000000000000000e+00,2.930878508777823299e-06,0.000000000000000000e+00,nan,0.000000000000000000e+00,1.625935738047701307e-06,0.000000000000000000e+00,2.736089399490992946e-08,0.000000000000000000e+00,nan,4.828127089240297209e-07,7.108002932909585070e-07,9.536743306171047152e-08,0.000000000000000000e+00,nan,nan,nan,nan,nan,0.000000000000000000e+00,1.099582647157149040e-07,8.143353511513851117e-07,1.539927211524627637e-06,8.447437949143932201e-07,nan,nan,nan,0.000000000000000000e+00,3.135147809982299805e+00,0.000000000000000000e+00,3.746085405349731445e+00,2.210807323455810547e+00,1.355350852012634277e+00,7.411898672580718994e-02,5.530142307281494141e+00,5.490407466888427734e+00,4.047837194320891285e-07,nan,nan,9.609103435650467873e-04,nan,nan,nan,nan,nan,nan,nan,nan,nan,nan,nan,nan,nan,nan,nan,nan,nan,nan,nan,nan,nan,nan,nan,nan,nan,nan,nan,nan,nan,nan,nan
nan,nan,nan,nan,nan,nan,nan,nan,nan,nan,nan,nan,nan,nan,nan,nan,0.000000000000000000e+00,0.000000000000000000e+00,nan,nan,nan,nan,nan,nan,nan,2.465100124027230777e-06,nan,nan,nan,nan,nan,nan,nan,nan,nan,1.587781525813625194e-06,0.000000000000000000e+00,0.000000000000000000e+00,3.004463735578610795e-07,nan,nan,nan,3.638886596490920056e-07,0.000000000000000000e+00,0.000000000000000000e+00,0.000000000000000000e+00,nan,0.000000000000000000e+00,nan,nan,nan,5.900466248931479640e-07,1.082395897356036585e-06,1.437999799236422405e-06,6.696266154904151335e-07,1.157329393208783586e-06,1.092394995794165879e-06,1.015003931570390705e-06,1.361485033157805447e-06,9.541117833578027785e-07,1.987872792597045191e-06,8.526382089257822372e-07,1.004946398097672500e-06,8.101650905700807925e-07,1.364061683416366577e-01,8.126227157845278271e-07,6.182709171298483852e-07,1.383671246912854258e-06,5.982963102724170312e-07,4.726303188817837508e-07,1.233491389029950369e-06,3.027091963758721249e-07,4.781725806424219627e-07,1.127270365941512864e-06,3.121780878245772328e-07,3.773056960199028254e-07,4.144388299209822435e-07,3.892344864198094001e-07,4.931915782435680740e-07,3.573708227122551762e-07,5.249813170848938171e-07,4.140874239055847283e-07,4.018880872536101379e-07,5.975580279482528567e-07,4.937632525070512202e-07,4.317598722991533577e-07,9.007539460981206503e-07,1.445803791284561157e-01,5.619896228381549008e-07,5.864794729859568179e-07,5.790744808109593578e-07,7.668550665584916715e-07,9.870227586361579597e-07,1.064732828126579989e-06,1.029480358738510404e-06,5.634626063510950189e-07,1.078370473805989604e-06,1.271958808501949534e-06,3.698674788665812230e-07,5.425119411484047305e-07,6.400561574082530569e-07,4.323173925513401628e-07,1.619115323592268396e-06,7.124182843654125463e-07,5.844394195264612790e-07,2.686680034003074979e-07,4.436167841959104408e-07,4.830149009649176151e-07,7.220356792458915152e-07,4.799529733645613305e-07,3.192498638782126363e-07,7.199375318123202305e-07,4.508959534632595023e-07,1.734370584927091841e-07,1.994720605580369011e-06,1.668247620045804069e-07,4.434249945006740745e-07,1.901956636629620334e-07,2.384185791015625000e-07,9.331239994025963824e-07,4.658334944451780757e-07,1.047112050400755834e-07,2.953520095161366044e-07,1.762882533284937381e-07,6.984432729950640351e-07,3.616224546476587420e-07,4.374853403987799538e-07,2.421962790322140791e-07,8.817338539301999845e-07,5.381274377214140259e-07,3.404752533242572099e-07,2.260610045823341352e-07,5.438827699322246190e-08,1.205609265753082582e-07,1.241019845110713504e-06,2.341544416140095564e-07,1.964507561069694930e-07,1.286373844777699560e-06,7.449020245076098945e-07,5.889455110263952520e-07,0.000000000000000000e+00,6.606009606002771761e-07,3.237063594951905543e-08,1.190498721825861139e-08,7.419299095090536866e-07,0.000000000000000000e+00,nan,1.261465740753919818e-06,2.570270112300931942e-07,0.000000000000000000e+00,8.924041026148188394e-07,0.000000000000000000e+00,nan,0.000000000000000000e+00,0.000000000000000000e+00,nan,0.000000000000000000e+00,4.819448307102902618e-08,nan,nan,nan,nan,nan,nan,0.000000000000000000e+00,0.000000000000000000e+00,0.000000000000000000e+00,nan,nan,nan,nan,1.049752116203308105e+00,1.358653664588928223e+00,2.088921070098876953e+00,0.000000000000000000e+00,1.464779853820800781e+00,1.682810544967651367e+00,0.000000000000000000e+00,9.063426405191421509e-02,nan,nan,nan,2.367772907018661499e-01,0.000000000000000000e+00,nan,nan,nan,nan,nan,nan,nan,nan,nan,nan,nan,nan,nan,nan,nan,nan,nan,nan,nan,nan,nan,nan,nan,nan,nan,nan,nan,nan,nan,nan,nan
nan,nan,nan,nan,nan,nan,nan,nan,nan,nan,nan,nan,nan,nan,nan,nan,0.000000000000000000e+00,nan,nan,nan,nan,nan,nan,nan,nan,1.521274953120155260e-06,0.000000000000000000e+00,nan,nan,nan,nan,nan,nan,0.000000000000000000e+00,6.020752039148646872e-07,0.000000000000000000e+00,5.691745172953233123e-07,0.000000000000000000e+00,nan,nan,0.000000000000000000e+00,0.000000000000000000e+00,9.243395879821036942e-07,2.271757239213911816e-06,4.709547454240237130e-07,nan,1.045565909407741856e-06,1.380917296955885831e-06,0.000000000000000000e+00,nan,nan,0.000000000000000000e+00,0.000000000000000000e+00,3.498597443103790283e-01,1.960438489913940430e-01,9.984834150600363500e-07,1.040206257130193990e-06,7.398700176963757258e-07,1.580592879690811969e-06,9.015973319037584588e-07,8.976353456091601402e-07,5.912423830523039214e-07,5.580397441917739343e-07,6.993779493313923012e-07,9.818247519433498383e-03,6.731963157653808594e-02,7.858463959564687684e-07,1.887441271719580982e-06,2.994362091612856602e-07,3.433504218719463097e-07,4.493361416280095000e-07,4.370567410205694614e-07,3.947217237509903498e-07,3.201037657163396943e-07,8.121269274852238595e-07,3.213588115613674745e-07,8.600786145507299807e-07,3.337495115829369752e-07,3.457617765434406465e-07,2.976460109493928030e-07,4.701259115336142713e-07,4.977923708793241531e-07,4.173633669779519551e-07,5.432333409771672450e-07,4.050656059462198755e-07,4.117341632081661373e-07,2.647102235187048791e-07,1.445803046226501465e-01,4.780732183462532703e-07,5.671329290635185316e-07,4.377899927021644544e-07,1.039450239659345243e-06,4.493649328196624992e-07,7.356628088928118814e-07,5.584099653788143769e-07,6.302501560639939271e-07,6.080102821215405129e-07,8.060387699515558779e-07,2.557472669195703929e-07,6.835905423940857872e-07,4.189953415334457532e-07,3.110210116119560553e-07,4.570098894873808604e-07,1.295470383411156945e-06,1.167664208878704812e-06,3.853655528018862242e-07,4.064333722908486379e-07,5.968101959297200665e-07,6.465417641265958082e-07,3.796674263867316768e-07,2.116082953307341086e-07,2.930247546828468330e-07,3.286360197307658382e-07,5.165819629837642424e-07,3.334077405270363670e-07,1.060757654158805963e-06,8.662271397952281404e-07,1.353153891159308841e-07,3.788886715483386070e-07,2.842453739049233263e-07,2.384185791015625000e-07,1.445801258087158203e-01,1.649961802741017891e-07,1.679304375556966988e-07,2.832744883107807254e-07,6.363931106534437276e-07,1.558430824388779001e-07,2.670008996119577205e-07,2.416623487988545094e-07,1.034336833072302397e-06,1.122463800129480660e-06,8.683929308972437866e-07,1.057530994330591056e-06,2.286130467155089718e-07,5.251518473414762411e-07,4.804523427992535289e-07,1.392038058156686020e-07,1.719580922099339659e-08,6.792649109854664857e-09,1.219475507241440937e-07,0.000000000000000000e+00,8.931012303037277889e-07,1.333993111529707676e-07,6.886257608584855916e-08,0.000000000000000000e+00,1.175559631860778609e-07,1.858048904068709817e-06,1.103683189285220578e-06,0.000000000000000000e+00,5.422687081590993330e-07,0.000000000000000000e+00,6.769606102352554444e-07,nan,nan,nan,0.000000000000000000e+00,0.000000000000000000e+00,0.000000000000000000e+00,0.000000000000000000e+00,nan,nan,nan,nan,nan,nan,0.000000000000000000e+00,0.000000000000000000e+00,nan,0.000000000000000000e+00,nan,nan,2.855550050735473633e+00,2.328757762908935547e+00,2.636117219924926758e+00,1.709934711456298828e+00,2.023456543684005737e-01,1.376778721809387207e+00,5.894171237945556641e+00,5.654319763183593750e+00,0.000000000000000000e+00,0.000000000000000000e+00,nan,2.486709594726562500e+00,3.861523628234863281e+00,nan,nan,nan,nan,nan,nan,nan,nan,nan,nan,nan,nan,nan,nan,nan,nan,nan,5.897436290979385376e-02,4.203963279724121094e-02,nan,nan,nan,nan,nan,nan,nan,nan,nan,nan,nan,nan
nan,nan,nan,nan,nan,nan,nan,nan,nan,nan,nan,nan,nan,nan,nan,nan,0.000000000000000000e+00,nan,nan,nan,nan,nan,nan,nan,0.000000000000000000e+00,nan,nan,nan,nan,nan,nan,nan,nan,nan,2.005728447329602204e-06,0.000000000000000000e+00,0.000000000000000000e+00,0.000000000000000000e+00,nan,nan,2.728697552356607048e-07,1.233518219123652671e-06,1.860849579315981828e-06,5.218176397647766862e-07,nan,1.200156589220569003e-06,1.181967263619299047e-06,0.000000000000000000e+00,6.905441551907642861e-08,nan,nan,4.492783069610595703e+00,7.736892371212888975e-07,4.524624347686767578e+00,2.452265739440917969e+00,1.736516537675925065e-06,1.019878482111380436e-06,9.500127475803310517e-07,1.310167931478645187e-06,1.385766154271550477e-06,1.437602463738585357e-06,7.186703214756562375e-07,1.216443138218892273e-06,5.814527526126767043e-07,1.324606873095035553e-02,8.601832389831542969e-02,4.603102183864393737e-07,6.892090596011257730e-07,7.588317316731263418e-07,5.114646342008200008e-07,3.067139289214537712e-07,4.834814149035082664e-07,1.165680487247300334e-06,3.230238405649288325e-07,4.182430188848229591e-07,3.895268037013011053e-07,5.003095111533184536e-07,7.452746899616613518e-07,5.954321409262774978e-07,4.444397063707583584e-07,4.602464400704775471e-07,4.404593880735774292e-07,5.038040171712054871e-07,4.408884990425576689e-07,4.286970352040953003e-07,5.228924919720157050e-07,5.245202601145138033e-07,1.223407834768295288e-01,8.316180810652440414e-07,4.096632437722291797e-07,9.366431754642690066e-07,6.106828323027002625e-07,7.554609737780992873e-07,1.277996716453344561e-06,4.934818775836902205e-07,1.202044472847774159e-06,3.919118682915723184e-07,6.066467221899074502e-07,3.740884437775093829e-07,4.261565038632397773e-07,7.469598699572088663e-07,2.676015355973504484e-07,2.887780965465935878e-07,5.933168836236291099e-07,3.561491439540986903e-07,3.196556406237505144e-07,3.491994675641763024e-07,1.818827115585008869e-07,6.442548965424066409e-07,5.103933062855503522e-07,3.692211691941338358e-07,2.384185791015625000e-07,2.908247722643864108e-07,6.136347678875608835e-07,3.321879660234117182e-07,2.043663471340551041e-06,3.628895512974850135e-07,2.009645641010138206e-07,5.227109909057617188e+00,4.270479679107666016e+00,3.635205132468399825e-07,1.445799618959426880e-01,3.577060283532773610e-07,3.309944816010101931e-07,5.257335260466788895e-07,4.281309884390793741e-07,9.243938734471157659e-07,7.303770530597830657e-07,2.852029183486592956e-06,5.076406637272157241e-07,6.887308927616686560e-07,5.299609995290666120e-08,1.376767073679729947e-07,1.900716171121530351e-07,1.179200808110181242e-06,8.162300701997082797e-08,1.155797008323133923e-06,1.498816345701925457e-06,4.440483394319016952e-07,2.384185791015625000e-07,0.000000000000000000e+00,7.929232026526733534e-08,1.326604746054727002e-07,1.613760503005323699e-07,8.767525514485896565e-07,4.284377155272522941e-06,1.838130572195950663e-07,0.000000000000000000e+00,1.907348661234209430e-07,1.723939391240492114e-07,1.149241938946943264e-06,0.000000000000000000e+00,nan,nan,0.000000000000000000e+00,1.197263799213033053e-07,2.966935710446705343e-07,1.907348661234209430e-07,nan,nan,nan,nan,nan,nan,nan,0.000000000000000000e+00,8.090445646757871145e-08,nan,nan,nan,0.000000000000000000e+00,2.268717736005783081e-01,1.346426606178283691e+00,2.208654165267944336e+00,2.588634192943572998e-01,5.698890089988708496e-01,2.100444316864013672e+00,2.350988149642944336e+00,6.517135143280029297e+00,4.656517505645751953e+00,3.126716613769531250e-02,nan,4.142103195190429688e+00,3.625953197479248047e+00,nan,nan,nan,nan,nan,nan,nan,nan,nan,nan,nan,nan,nan,nan,nan,nan,nan,0.000000000000000000e+00,nan,nan,nan,nan,nan,nan,nan,nan,nan,nan,nan,nan,nan
nan,nan,nan,nan,nan,nan,nan,nan,nan,nan,nan,nan,nan,nan,nan,0.000000000000000000e+00,0.000000000000000000e+00,0.000000000000000000e+00,nan,nan,nan,nan,nan,nan,2.634252268762793392e-06,0.000000000000000000e+00,nan,nan,nan,nan,nan,nan,nan,0.000000000000000000e+00,1.532515966573555488e-06,6.455256311710400041e-07,nan,nan,nan,0.000000000000000000e+00,0.000000000000000000e+00,2.536416786824702285e-06,1.418469082636875100e-06,nan,2.845713652277481742e-06,nan,2.320722614967962727e-06,5.845295731887745205e-07,0.000000000000000000e+00,0.000000000000000000e+00,nan,1.908191080701726605e-07,1.897071456369303633e-06,9.262392950404318981e-07,5.672276870427594986e-07,7.121304292923014145e-07,9.791007187232025899e-07,1.250430955224146601e-06,1.379884338348347228e-06,8.595641247666208073e-07,2.320152674428754835e-07,1.007421815302222967e-06,8.886999012247542851e-07,8.658244610160181765e-07,9.789910167455673218e-02,1.755004562437534332e-02,1.669416633376386017e-06,4.561388209367578384e-07,5.041668487137940247e-07,5.160400178283452988e-07,4.657257477447274141e-07,6.628604296565754339e-07,3.870241584991163108e-07,3.099096090863895370e-07,4.075336335063184379e-07,9.658801900513935834e-07,3.958723198138613952e-07,9.140352972281107213e-07,6.722093530697748065e-07,6.955670528441260103e-07,7.460463393726968206e-07,4.280851442217681324e-07,4.005857761057995958e-07,5.835324259351182263e-07,5.295152618600695860e-07,6.120461648606578819e-07,3.514284401262557367e-07,1.445801854133605957e-01,9.098814075514383148e-07,8.793528536443773191e-07,9.720720299810636789e-07,1.110519065150583629e-06,6.747240490767580923e-07,4.326099940499261720e-07,1.169854726867924910e-06,6.724878289787739050e-07,7.004370559116068762e-07,1.146219801739789546e-06,4.393659764900803566e-07,6.287128258009033743e-07,6.831309065091772936e-07,2.688616973500757013e-07,5.360029717849101871e-07,4.963303581462241709e-07,6.349349632728262804e-07,7.928605896267981734e-07,6.356382868943910580e-07,4.927536565446644090e-07,2.465433510678849416e-07,2.433976362681278260e-07,9.083910867957456503e-07,5.027355882702977397e-07,3.652308180335239740e-07,1.415603719578939490e-06,8.892250775716092903e-07,4.482739939248858718e-07,3.829580634828744223e-07,3.158773438372008968e-07,2.259497195482254028e-01,2.418953925371170044e-01,5.698208697140216827e-04,1.445798724889755249e-01,5.554159088205778971e-07,7.160315931287186686e-07,2.492710393653396750e-07,2.112604562398701091e-07,7.940247996884863824e-07,8.055429248088330496e-07,2.148545803493107087e-07,2.231240387118305080e-06,1.641933948803853127e-07,1.185322389574139379e-06,7.897130558376375120e-07,1.360208557343867142e-06,3.478249936961219646e-07,1.438006336229591398e-07,4.038870144995598821e-07,2.330705513031716691e-07,1.633326291994308122e-07,8.741755550545349251e-07,1.168354870628718345e-07,1.382202015065558953e-07,1.170062091659929138e-06,1.586241467066429323e-07,1.270125125074628158e-07,0.000000000000000000e+00,1.104963800457881007e-07,nan,1.503817657066974789e-06,2.091962869599228725e-07,0.000000000000000000e+00,0.000000000000000000e+00,8.905537356440618169e-07,nan,3.115595745839527808e-07,0.000000000000000000e+00,0.000000000000000000e+00,nan,nan,nan,nan,nan,nan,nan,nan,0.000000000000000000e+00,0.000000000000000000e+00,nan,0.000000000000000000e+00,0.000000000000000000e+00,0.000000000000000000e+00,1.189654972404241562e-02,nan,2.341954946517944336e+00,2.383371829986572266e+00,1.260277986526489258e+00,7.051833271980285645e-01,1.043528199195861816e+00,5.299436569213867188e+00,5.112734794616699219e+00,nan,nan,0.000000000000000000e+00,nan,nan,nan,nan,nan,nan,nan,nan,nan,nan,nan,nan,nan,nan,nan,nan,nan,nan,nan,nan,nan,nan,nan,nan,nan,nan,nan,nan,nan,nan,nan,nan
nan,nan,nan,nan,nan,nan,nan,nan,3.853276211884804070e-06,0.000000000000000000e+00,nan,nan,nan,nan,nan,nan,9.132414646728648222e-08,nan,0.000000000000000000e+00,nan,nan,nan,nan,nan,1.943929646586184390e-06,2.325726427443441935e-06,nan,nan,nan,nan,nan,nan,nan,6.064992135179636534e-07,0.000000000000000000e+00,0.000000000000000000e+00,1.155730842583579943e-06,0.000000000000000000e+00,nan,nan,nan,8.303749154947581701e-07,0.000000000000000000e+00,4.274259595149487723e-07,1.284881477658927906e-06,7.817232585694000591e-07,2.321500005564303137e-06,1.716852793265388755e-08,1.286575411540979985e-06,0.000000000000000000e+00,7.470125638064928353e-07,6.076233489693549927e-07,7.183574552982463501e-07,1.280920514545869082e-06,1.795676212168473285e-06,2.620445513912272872e-07,9.835681566983112134e-07,1.325290099885023665e-06,1.425401364940626081e-06,2.208079052934408537e-07,9.833163403527578339e-07,1.277888031836482696e-06,4.821711172553477809e-07,2.976273186504840851e-02,1.445805728435516357e-01,9.105586968871648423e-07,8.904806918508256786e-07,5.332463501872553024e-07,5.813776624563615769e-07,5.651260153172188438e-07,5.277091190691862721e-07,1.362880084343487397e-06,4.323202347222832032e-07,9.952227628673426807e-07,4.083285602973774076e-07,5.042197130933345761e-07,9.858384828476118855e-07,3.601209357384504983e-07,8.521574841324763838e-07,9.214948590852145571e-07,5.900115525037108455e-07,8.432064078078838065e-07,7.399765991067397408e-07,4.119230254673311720e-07,5.515527163879596628e-07,7.222743647616880480e-07,5.480963523041282315e-07,1.443765908479690552e-01,1.329508125782012939e-01,1.032331169881217647e-06,7.736074394415481947e-07,7.709353440077393316e-07,7.891978839325020090e-07,6.993442980274267029e-07,6.948843633836077061e-07,6.319705221358162817e-07,7.775318522362795193e-07,3.262177870055893436e-07,5.575733439400210045e-07,8.280981091957073659e-07,3.074432015637285076e-07,1.091300987354770768e-06,7.097443699422001373e-07,3.742926821814762661e-07,5.147550155015778728e-07,5.979587740512215532e-07,4.235728567891783314e-07,4.214056730234005954e-07,3.279284328527865000e-07,6.625895139222848229e-07,1.393048819409159478e-06,6.995050512159650680e-07,3.920729056972049875e-07,1.153135826825746335e-06,9.235153584086219780e-07,2.289311623826506548e-06,1.619967974875180516e-06,6.833629413449671119e-07,4.751453275275707711e-07,8.402995881624519825e-04,1.445802450180053711e-01,2.048831078127477667e-07,6.207097271726524923e-07,7.775718131597386673e-07,4.701097680026578018e-07,6.413703204088960774e-07,1.914019662763166707e-07,1.008725348583539017e-06,3.038279373868135735e-06,1.732347669758382835e-07,7.291413339771679603e-08,5.944608005847840104e-07,9.029815259964379948e-07,1.439705386019340949e-07,1.730675904809686472e-07,2.167732162661195616e-07,1.974231480517119053e-07,1.430511531452793861e-07,0.000000000000000000e+00,3.983475664881552802e-07,5.373854605750238989e-08,1.718424513796890096e-09,4.690702439802407753e-07,2.648495467383327195e-07,1.605337047294597141e-06,0.000000000000000000e+00,2.163948238376178779e-07,0.000000000000000000e+00,3.006345423273160122e-06,8.152254622473265044e-07,1.215929842146579176e-06,3.010491980148799485e-07,nan,6.540286676681716926e-07,nan,5.014813950765528716e-07,5.706172601094294805e-07,0.000000000000000000e+00,nan,nan,nan,nan,nan,nan,1.621345631974691059e-06,1.553820425215235446e-06,2.623193608997098636e-07,0.000000000000000000e+00,8.148256256390595809e-07,nan,0.000000000000000000e+00,nan,1.916980445384979248e-01,0.000000000000000000e+00,5.861856341361999512e-01,1.681190729141235352e+00,1.854068398475646973e+00,1.323311090469360352e+00,2.169827461242675781e+00,6.556349277496337891e+00,nan,nan,0.000000000000000000e+00,3.734331130981445312e-01,nan,nan,nan,nan,nan,nan,nan,nan,nan,nan,nan,nan,nan,nan,nan,nan,nan,nan,nan,nan,nan,nan,nan,nan,nan,nan,nan,nan,nan,nan,nan
nan,nan,nan,nan,nan,nan,nan,nan,0.000000000000000000e+00,nan,nan,nan,nan,nan,nan,nan,0.000000000000000000e+00,0.000000000000000000e+00,0.000000000000000000e+00,nan,nan,nan,nan,nan,2.177067017328226939e-06,0.000000000000000000e+00,nan,nan,nan,nan,nan,nan,nan,nan,1.409816036357369740e-06,4.256602892382943537e-07,0.000000000000000000e+00,2.453562274240539409e-06,nan,nan,nan,2.845312337740324438e-06,7.839790328034723643e-07,4.492658263188786805e-07,0.000000000000000000e+00,nan,1.515256144557497464e-06,3.832385573332430795e-07,1.772950554368435405e-06,9.615864655643235892e-07,4.569787392938451376e-07,nan,9.168402357317972928e-07,2.635999578615155770e-07,5.849563330411911011e-02,1.445799767971038818e-01,3.018692880868911743e-02,1.445807516574859619e-01,1.240449026226997375e-01,1.272273063659667969e-01,1.445809006690979004e-01,1.445807069540023804e-01,1.445804536342620850e-01,9.408850222826004028e-02,6.760279802620061673e-07,1.022472133627161384e-06,8.192021141439909115e-07,6.863283488200977445e-07,6.624420052503410261e-07,5.565901801674044691e-07,5.722488367609912530e-07,7.776939696668705437e-07,8.203734864764555823e-07,6.732880706294963602e-07,5.612437803392822389e-07,1.031787746796908323e-06,9.775337730388855562e-07,1.037124775393749587e-06,7.636208465555682778e-07,9.502873581368476152e-07,7.391652161459205672e-07,7.602753271385154221e-07,5.469244683808938134e-07,5.584057021223998163e-07,7.172135951805103105e-07,5.532066325031337328e-07,4.034608593883604044e-07,5.512109169103496242e-07,3.760367631912231445e-02,1.445808559656143188e-01,1.445804536342620850e-01,1.445802748203277588e-01,1.445809155702590942e-01,1.445803493261337280e-01,1.445800811052322388e-01,1.445803642272949219e-01,1.445802599191665649e-01,1.445805877447128296e-01,1.445806175470352173e-01,1.445801556110382080e-01,1.445800960063934326e-01,1.445804238319396973e-01,1.445802748203277588e-01,1.445801407098770142e-01,1.445802152156829834e-01,1.445801705121994019e-01,1.445801258087158203e-01,1.445799916982650757e-01,8.649430423974990845e-02,1.445802152156829834e-01,1.445809155702590942e-01,1.445797830820083618e-01,1.445800513029098511e-01,1.445807814598083496e-01,1.445804238319396973e-01,1.445800811052322388e-01,1.445798873901367188e-01,1.445800662040710449e-01,1.445800662040710449e-01,3.874079138040542603e-02,1.489925352871068753e-06,7.601944389534764923e-07,8.092401344583777245e-07,2.378259864599385764e-07,4.150880954512103926e-07,6.543542099279875401e-07,4.181787858215102460e-07,5.041680992690089624e-07,3.666636700927483616e-07,3.135391750674898503e-07,5.139920631336281076e-07,1.221007437379739713e-06,9.092035924140873249e-08,5.503892452907166444e-07,7.390379153093817877e-08,5.358696739676815923e-07,4.741798775853567349e-08,1.964900775419664569e-07,5.064808874521986581e-07,7.671282560295367148e-07,1.107075604522833601e-06,0.000000000000000000e+00,1.007044829748338088e-06,0.000000000000000000e+00,9.197999872867512750e-08,4.291555910640454385e-07,6.049737066859961487e-08,1.133268710873380769e-06,1.662545400904491544e-06,7.152557657263969304e-08,1.331023781858675648e-06,4.064604297582263825e-07,2.281225533806718886e-06,nan,0.000000000000000000e+00,0.000000000000000000e+00,2.065522508587491757e-08,0.000000000000000000e+00,9.439114734277609386e-08,nan,nan,nan,nan,nan,nan,0.000000000000000000e+00,0.000000000000000000e+00,0.000000000000000000e+00,nan,nan,nan,nan,2.230176627635955811e-01,3.877180516719818115e-01,1.562363356351852417e-01,2.102565765380859375e+00,2.302621603012084961e+00,2.638281822204589844e+00,8.332617282867431641e-01,5.354365825653076172e+00,5.281054019927978516e+00,0.000000000000000000e+00,0.000000000000000000e+00,0.000000000000000000e+00,nan,nan,nan,nan,nan,nan,nan,nan,nan,nan,nan,nan,nan,nan,nan,nan,nan,nan,nan,nan,nan,nan,nan,nan,nan,nan,nan,nan,nan,0.000000000000000000e+00,nan
nan,nan,nan,nan,nan,3.415276110172271729e-02,nan,nan,0.000000000000000000e+00,0.000000000000000000e+00,nan,nan,nan,nan,nan,nan,0.000000000000000000e+00,nan,nan,nan,nan,nan,nan,nan,nan,0.000000000000000000e+00,nan,nan,nan,nan,nan,nan,nan,nan,1.584691744938027114e-06,nan,0.000000000000000000e+00,8.419793289249355439e-07,nan,nan,0.000000000000000000e+00,1.226509198204439599e-06,0.000000000000000000e+00,9.413427051185863093e-07,0.000000000000000000e+00,9.141101600107504055e-07,1.983583160836133175e-06,5.960464477539062500e-08,1.422599893885490019e-06,2.261657527924398892e-06,5.194227696847519837e-07,1.037844867823878303e-06,9.168705901174689643e-07,5.197495624997827690e-07,0.000000000000000000e+00,5.020602316108124796e-07,3.923394160665338859e-07,1.544643311035542865e-07,7.504319228246458806e-07,8.529656270184204914e-07,1.057247914104664233e-06,9.599363011147943325e-07,1.098154257306305226e-06,4.856940449826652184e-07,1.113107600758667104e-06,9.461198260396486148e-07,8.032734513108152896e-07,9.888935892377048731e-07,6.620225576625671238e-07,8.132519724313169718e-07,9.176914659292378929e-07,6.348373631226422731e-07,7.636252234988205601e-07,6.650816430919803679e-07,3.986693286606168840e-07,8.492094139000982977e-07,7.963502071106631774e-07,5.477391482600069139e-07,5.448894171422580257e-07,4.877362584920774680e-07,8.243299021160055418e-07,5.943663268226373475e-07,6.166474690871837083e-07,5.937915830145357177e-07,4.989995545656711329e-07,4.833381694879790302e-07,9.091546644413028844e-07,9.333231787422846537e-07,1.067672087629034650e-06,8.241847808676538989e-07,9.322511118625698145e-07,7.858207027311436832e-07,1.075172235687205102e-06,1.257411554433929268e-06,3.313502361379505601e-07,4.243392197622597450e-07,5.231738668953767046e-07,1.146129761764314026e-06,5.316856572790129576e-07,6.156353151709481608e-07,3.980180167673097458e-07,2.934439180535264313e-07,6.324299874904681928e-07,1.136940454671275802e-06,3.509547923385980539e-07,5.620891556645801757e-07,2.876324742828728631e-07,6.093729325584718026e-07,6.430956887015781831e-07,1.042488634084293153e-06,4.861092861574434210e-07,1.252963329534395598e-06,1.637437208046321757e-06,7.167246280914696399e-07,7.683134413127845619e-07,7.028307891232543625e-07,7.095782166288699955e-07,3.677152164982544491e-07,4.934605044581985567e-07,3.833533526176324813e-07,5.058748797637235839e-07,8.381593943340703845e-07,1.314711084887676407e-06,1.281013624065963086e-07,1.499980726293870248e-07,4.425641009220271371e-07,1.019842557070660405e-07,1.653343133511953056e-06,2.032593897638435010e-07,3.052175827633618610e-07,1.179738205792091321e-06,3.869480451612616889e-07,6.378788839356275275e-07,1.756251748474824126e-07,5.351044478629773948e-07,6.370536311806063168e-07,1.702960389593499713e-06,8.665039530342255603e-08,6.730540036414822680e-08,2.573906670022552134e-07,9.825355107295763446e-08,0.000000000000000000e+00,0.000000000000000000e+00,5.113407475221265486e-09,1.633719875826500356e-06,1.685977082388490089e-07,0.000000000000000000e+00,0.000000000000000000e+00,9.501923159405123442e-08,1.730237045194371603e-06,1.576833739136418444e-07,nan,nan,0.000000000000000000e+00,nan,3.614345089886228379e-08,0.000000000000000000e+00,5.960464477539062500e-08,0.000000000000000000e+00,nan,nan,nan,nan,nan,nan,0.000000000000000000e+00,0.000000000000000000e+00,0.000000000000000000e+00,0.000000000000000000e+00,nan,nan,3.049508631229400635e-01,3.173330724239349365e-01,7.953536510467529297e-01,6.373154520988464355e-01,2.408452033996582031e+00,2.115017890930175781e+00,1.933642745018005371e+00,1.472034931182861328e+00,9.403904080390930176e-01,0.000000000000000000e+00,0.000000000000000000e+00,0.000000000000000000e+00,0.000000000000000000e+00,nan,nan,nan,nan,nan,nan,nan,nan,nan,nan,nan,nan,nan,nan,nan,nan,nan,nan,nan,nan,nan,nan,nan,nan,nan,nan,nan,nan,0.000000000000000000e+00,0.000000000000000000e+00,nan
nan,nan,nan,nan,nan,2.242559492588043213e-01,nan,nan,0.000000000000000000e+00,3.181957708875415847e-06,nan,nan,nan,nan,nan,nan,0.000000000000000000e+00,nan,nan,nan,nan,nan,nan,nan,2.686099151105736382e-06,nan,nan,nan,nan,nan,nan,nan,nan,nan,3.579095277927990537e-07,6.856251957287895493e-07,0.000000000000000000e+00,nan,nan,nan,8.060109735197329428e-07,3.087327513640047982e-06,0.000000000000000000e+00,0.000000000000000000e+00,2.937011061021621572e-07,0.000000000000000000e+00,3.165282294048665790e-07,1.279400862586044241e-06,3.457900845660333289e-07,1.023116666942769371e-07,9.256805242330301553e-07,2.432872747704095673e-08,2.147862232959596440e-06,3.214163939446734730e-07,1.950604513467624201e-07,1.603715759301849175e-06,1.419937916580238380e-06,8.227631269619450904e-07,9.028474323713453487e-07,1.114869178309163544e-06,5.681139896296372171e-07,9.379789389640791342e-07,7.915625701571116224e-07,6.659550422227766830e-07,7.786425157974008471e-07,9.373858347316854633e-07,9.160747254099987913e-07,8.286632464660215192e-07,8.713084866940334905e-07,1.075696445695939474e-06,9.354289431939832866e-07,7.129551136131340172e-07,7.340739784922334366e-07,5.233785032032756135e-07,8.291279414152086247e-07,7.207510179796372540e-07,7.096110721249715425e-07,7.080159889483184088e-07,6.270976768973923754e-07,3.904900722773163579e-07,6.912127332725503948e-07,5.056426743976771832e-07,7.436478881572838873e-07,6.280628781496488955e-07,6.338667617455939762e-07,4.381609244319406571e-07,5.064989068159775343e-07,6.352766490635985974e-07,4.650063658573344583e-07,8.607460699749935884e-07,7.388505878225259949e-07,6.049359058124537114e-07,1.017334852804196998e-06,9.903017144097248092e-07,8.184393891497165896e-07,1.239020434695703443e-06,2.422601994567230577e-07,1.176962882709631231e-06,9.957094562196289189e-07,1.245273551830905490e-06,5.422236313279427122e-07,5.874988460163876880e-07,2.897720037253748160e-07,4.680012182234349893e-07,4.095219026112317806e-07,2.283743754105671542e-07,4.573603007429483114e-07,1.191402247968653683e-06,1.041705331772391219e-06,7.371539822997874580e-07,1.131473482018918730e-06,1.256234327229321934e-06,1.121873538068030030e-06,7.459604489667981397e-07,5.750557647843379527e-07,9.268487701774574816e-07,1.271896167054364923e-06,9.457908731747011188e-07,2.431702341709751636e-06,6.057655355107272044e-07,2.889955226237361785e-07,8.492388587910681963e-07,1.102429791899339762e-06,1.294283720199018717e-07,5.966816161162569188e-07,9.035286439029732719e-07,7.251721285683743190e-07,3.713579985742399003e-07,4.742985737493654597e-08,1.473423196785006439e-07,1.223618255608016625e-06,1.331037992713390850e-06,4.891173333021470171e-08,6.543455128849018365e-07,2.360742854534692015e-07,1.062419485720056400e-07,8.259848272018643911e-08,1.588270265528990421e-06,5.960464477539062500e-08,1.604729504833812825e-07,7.001410295970345032e-08,7.947286206899661920e-08,6.042936320227454416e-07,0.000000000000000000e+00,3.939634893868060317e-07,2.066820883328546188e-07,3.894773499268922023e-07,0.000000000000000000e+00,2.165812702514813282e-06,1.391371483805414755e-06,0.000000000000000000e+00,1.119396642934589181e-06,1.162115495390025899e-06,nan,1.507724789462372428e-08,0.000000000000000000e+00,1.544906211847774102e-07,1.192092895507812500e-07,nan,nan,nan,nan,nan,nan,nan,0.000000000000000000e+00,nan,4.797815904566959944e-07,nan,nan,0.000000000000000000e+00,nan,2.660255730152130127e-01,9.386246800422668457e-01,1.073120713233947754e+00,2.134714365005493164e+00,2.741162061691284180e+00,1.581958830356597900e-01,4.616497159004211426e-01,1.625111341476440430e+00,5.134136676788330078e-01,0.000000000000000000e+00,6.709404945373535156e+00,0.000000000000000000e+00,nan,nan,nan,nan,nan,nan,nan,nan,nan,nan,nan,nan,nan,nan,nan,nan,nan,nan,nan,nan,nan,nan,nan,nan,nan,nan,nan,nan,0.000000000000000000e+00,0.000000000000000000e+00,nan
nan,nan,nan,nan,nan,nan,nan,6.496991217136383057e-02,0.000000000000000000e+00,0.000000000000000000e+00,nan,nan,nan,nan,nan,nan,0.000000000000000000e+00,0.000000000000000000e+00,nan,nan,nan,nan,nan,nan,nan,0.000000000000000000e+00,nan,nan,nan,nan,nan,nan,nan,1.433742085055200732e-07,1.170762061519781128e-06,4.289927915124280844e-07,0.000000000000000000e+00,nan,nan,nan,3.567410544746962842e-08,8.468158512187073939e-07,0.000000000000000000e+00,1.017221720189809275e-07,nan,0.000000000000000000e+00,3.765767075947223930e-07,0.000000000000000000e+00,1.360219243906612974e-07,1.146588488154520746e-06,0.000000000000000000e+00,1.384402366966241971e-06,2.328204573132097721e-06,4.368863244508247590e-07,1.840232926042517647e-07,1.286748897655343171e-06,1.027144435283844359e-06,9.739154620547196828e-07,7.508905923714337405e-07,6.410577952919993550e-07,9.435533456780831330e-07,9.082119163394963834e-07,1.214326289300515782e-06,8.257851504822610877e-07,1.055976099451072514e-06,7.312162324524251744e-07,8.217936624532740097e-07,8.020702466637885664e-07,4.860033300246868748e-07,6.307259354798588902e-07,8.242985245487943757e-07,5.730720999963523354e-07,6.309946911642327905e-07,5.910768550165812485e-07,4.603167838013177970e-07,5.703227543563116342e-07,7.420944143632368650e-07,5.249909804661001544e-07,6.074609473216696642e-07,6.038465016899863258e-07,5.078489948573405854e-07,4.153267241235880647e-07,5.195681183067790698e-07,5.622007392958039418e-07,5.697847313967940863e-07,7.168451929828734137e-07,7.036769602564163506e-07,8.176099299816996790e-07,5.248372758615005296e-07,5.520340664588729851e-07,6.390986868609616067e-07,6.974453867769625504e-07,9.858791827355162241e-07,3.499120282413059613e-07,7.994142379175173119e-07,4.514860165727441199e-07,7.423580541399132926e-07,6.086341954869567417e-07,7.933494998724199831e-07,6.482686671915871557e-07,7.960613288560125511e-07,7.954378702379472088e-07,4.922663379147707019e-07,2.131251761738894857e-07,2.410279478226584615e-07,6.995540502430230845e-07,2.482028662598168012e-07,5.604204602605022956e-07,6.322748049569781870e-07,5.090475383440207224e-07,7.055451192172768060e-07,5.948282364443002734e-07,1.301770566897175740e-06,1.016903070194530301e-06,7.070984793244861066e-07,5.990967224533960689e-07,1.180829713121056557e-06,1.039127369040215854e-06,6.218863859430712182e-07,1.109887307393364608e-06,6.142551001175888814e-07,3.709529323714377824e-07,5.418613113761239219e-07,3.183910166626446880e-07,1.129041535818942066e-07,4.098294255072687520e-07,1.370644099552009720e-06,5.866486958439054433e-07,3.370932120105862850e-07,4.835429763261345215e-07,1.119753960665548220e-06,1.125982407756964676e-06,1.333283137228136184e-07,5.275598482512577903e-07,1.189532170542406675e-07,6.446397833315131720e-07,1.325083985648234375e-06,2.843733604152021144e-08,4.768371653085523576e-08,1.564378067087091040e-07,2.689743610062578227e-07,1.147548232438566629e-06,0.000000000000000000e+00,1.783526045073813293e-06,5.020913818043482024e-07,7.947286206899661920e-08,5.296909648677683435e-07,2.694897830224363133e-06,1.205985853403035435e-07,0.000000000000000000e+00,4.768371653085523576e-08,0.000000000000000000e+00,nan,nan,0.000000000000000000e+00,6.262719409733108478e-08,1.923231280898107798e-07,1.907348661234209430e-07,0.000000000000000000e+00,nan,nan,nan,nan,nan,nan,nan,0.000000000000000000e+00,2.384185791015625000e-07,0.000000000000000000e+00,nan,nan,nan,nan,7.249649167060852051e-01,0.000000000000000000e+00,2.511028051376342773e+00,1.038507461547851562e+00,2.300008296966552734e+00,1.483857631683349609e+00,1.490893602371215820e+00,2.981222629547119141e+00,2.632515430450439453e+00,5.420883178710937500e+00,7.947286206899661920e-08,nan,nan,nan,nan,nan,nan,nan,nan,nan,nan,nan,nan,nan,nan,nan,nan,nan,nan,nan,nan,nan,nan,nan,nan,nan,nan,nan,nan,nan,0.000000000000000000e+00,nan
nan,nan,nan,nan,nan,nan,nan,0.000000000000000000e+00,3.191411906300345436e-06,2.807901410051272251e-06,nan,nan,nan,nan,nan,nan,2.384185791015625000e-07,nan,nan,nan,nan,nan,nan,nan,4.656958481064066291e-06,0.000000000000000000e+00,nan,nan,nan,nan,nan,nan,nan,nan,3.092716724495403469e-06,nan,0.000000000000000000e+00,0.000000000000000000e+00,0.000000000000000000e+00,nan,9.289881290897028521e-07,1.837419290495745372e-06,0.000000000000000000e+00,4.023034705369354924e-07,2.639113972691120580e-06,4.590993114561570110e-07,3.343301955283095594e-07,0.000000000000000000e+00,8.909823918656911701e-07,1.837201580201508477e-06,5.157660893928550649e-07,7.958611263347847853e-07,8.293848736684594769e-07,5.724037919208058156e-07,7.853167858229426201e-07,2.367219167354051024e-06,1.027000166686775628e-06,8.481254667458415497e-07,1.745144231790618505e-06,1.492384058110474143e-06,5.637393769575282931e-07,1.306954914070956875e-06,9.171432111543253995e-07,7.047257213343982585e-07,9.858345038082916290e-07,9.495014410276780836e-07,4.840084102397668175e-07,8.657210628371103667e-07,9.942381211658357643e-07,8.079643976088846102e-07,9.040911095326009672e-07,6.570037385245086625e-07,3.166302633417217294e-07,6.785519985896826256e-07,7.880742600718804169e-07,4.847071863878227305e-07,7.258665846165968105e-07,7.546419737991527654e-07,4.430764590779290302e-07,5.073350735074200202e-07,6.073196914258005563e-07,6.892819328641053289e-07,5.838767265231581405e-07,5.339263111636682879e-07,4.469649752536497544e-07,5.648751653097860981e-07,6.696195100630575325e-07,5.721446996176382527e-07,4.797988140126108192e-07,1.030649173117126338e-06,4.656056660223839572e-07,3.992267636476753978e-07,4.462249592052103253e-07,8.192254767891427036e-07,4.149661947394633899e-07,1.200616793539666105e-06,6.425880769711511675e-07,4.547780463326489553e-07,2.711352635742514394e-07,6.244329142646165565e-07,5.911618359277781565e-07,3.513023898449318949e-07,1.970361296343980939e-07,4.023038115974486573e-07,3.283685714450257365e-07,3.958865022468671668e-07,6.320077545751701109e-07,1.432392082278965972e-06,7.796718364261323586e-07,8.349625773007574026e-07,5.863934688932204153e-07,8.968880820248159580e-07,6.734345561199006625e-07,6.178646003718313295e-07,5.047937179369910154e-07,1.126984557231480721e-06,7.184546007010794710e-07,3.710834732828516280e-07,8.611461908003548160e-07,8.216536002692009788e-07,2.799837091060908278e-07,4.376590254651091527e-07,1.013959035844891332e-06,1.652410190899900044e-07,1.336163535370360478e-07,3.596090891733183526e-07,1.904373476691034739e-07,1.518993940408108756e-06,1.062855474742718798e-07,2.711661011289834278e-07,3.335063922804692993e-07,1.182949631584051531e-06,1.085619345531085855e-07,1.367614572700404096e-06,9.296774905465099437e-09,6.803938958910293877e-07,9.373954412694729399e-08,1.573279746480693575e-07,3.372608148310973775e-07,2.576468602910608752e-07,3.709196789714042097e-07,1.102755049942061305e-06,1.044861619448056445e-06,0.000000000000000000e+00,1.586435587341838982e-07,0.000000000000000000e+00,2.776089615963428514e-07,0.000000000000000000e+00,4.681197651734692045e-07,1.712445623525127303e-06,0.000000000000000000e+00,0.000000000000000000e+00,0.000000000000000000e+00,0.000000000000000000e+00,0.000000000000000000e+00,0.000000000000000000e+00,3.303430560208653333e-07,2.384185791015625000e-07,1.140551376010989770e-06,nan,nan,nan,nan,nan,nan,nan,0.000000000000000000e+00,0.000000000000000000e+00,0.000000000000000000e+00,nan,nan,nan,nan,0.000000000000000000e+00,2.257412523031234741e-01,2.356069803237915039e+00,1.068833470344543457e+00,3.057240486145019531e+00,9.753989987075328827e-03,1.499827623367309570e+00,2.910083532333374023e+00,3.211800336837768555e+00,1.850505232810974121e+00,6.106329917907714844e+00,nan,nan,nan,nan,nan,nan,nan,nan,nan,nan,nan,nan,nan,nan,nan,nan,nan,nan,nan,nan,nan,nan,nan,nan,nan,nan,nan,nan,0.000000000000000000e+00,0.000000000000000000e+00,nan
nan,nan,nan,nan,nan,nan,nan,nan,1.259359237337775994e-06,nan,0.000000000000000000e+00,nan,nan,nan,nan,nan,1.014282773326158349e-07,0.000000000000000000e+00,nan,nan,nan,nan,nan,nan,0.000000000000000000e+00,nan,nan,nan,nan,nan,nan,nan,nan,nan,1.775692481942314771e-07,0.000000000000000000e+00,0.000000000000000000e+00,0.000000000000000000e+00,8.735185588193417061e-07,0.000000000000000000e+00,1.038976620293396991e-06,1.581764990987721831e-06,1.014237341223633848e-06,6.626517574659374077e-07,2.176046564272837713e-06,4.593476887748693116e-07,5.736299044656334445e-07,1.306019953517534304e-06,0.000000000000000000e+00,1.726890786812873557e-06,0.000000000000000000e+00,nan,1.653141453061834909e-06,7.527040679633500986e-08,8.883133659765007906e-07,7.964980568431201391e-07,1.366214064546511509e-06,9.218761078955139965e-07,1.228969722433248535e-06,1.068180040419974830e-06,9.923180641635553911e-07,1.328359189756156411e-06,9.501887916485429741e-07,6.479378953372361138e-07,5.092375658932724036e-07,9.979407877835910767e-07,6.094365971875959076e-07,6.026929781910439488e-07,6.934364478183852043e-07,7.852163435018155724e-07,9.527184943181055132e-07,4.153654913352511358e-07,5.478360662891645916e-07,5.986052542539255228e-07,8.534887570021965075e-07,8.451373219031665940e-07,6.315304972304147668e-07,7.197445484052877873e-07,6.964229442019131966e-07,4.524716814557905309e-07,4.331051854933321010e-07,4.558237662877218099e-07,4.872244403486547526e-07,7.122204124243580736e-07,4.508023039306863211e-07,3.804624384429189377e-07,9.145937838184181601e-07,1.004335558718594257e-06,7.504057180085510481e-07,1.002435624286590610e-06,8.206617394534987397e-07,4.374132629436644493e-07,7.872653782214911189e-07,4.986317208022228442e-07,4.617077138391323388e-07,5.370314397623587865e-07,1.066341724254016299e-06,5.292578180160489865e-07,6.179569709274801426e-07,9.646727221479522996e-07,1.175450051960069686e-06,2.934638700935465749e-07,6.168398840600275435e-07,1.299330392612318974e-06,6.817618327659147326e-07,3.035116549199301517e-07,6.346671739265730139e-07,3.200058245056425221e-07,7.880388466219301336e-07,5.760002181887102779e-07,5.697345386579399928e-07,1.863674469859688543e-06,1.481740127928787842e-06,6.974356665523373522e-07,6.044585347808606457e-07,1.062234446180809755e-06,9.540773362459731288e-07,1.363385763397673145e-06,6.971745847295096610e-07,1.001368218567222357e-06,1.311194296249595936e-06,4.029592446386232041e-07,1.050902483257232234e-06,1.509488924966717605e-07,1.881701621186948614e-07,3.800565480105433380e-07,1.751339254951744806e-06,1.663834723331092391e-07,1.194329797726823017e-06,9.159712703876721207e-07,1.178301772597478703e-06,2.345489633626129944e-07,1.241342260982492007e-06,3.995579618276678957e-07,1.114712304683962429e-07,6.208760510162392166e-07,7.689787651088408893e-08,1.445547354705922771e-06,1.019889026565579115e-07,1.497327275501447730e-07,1.134520815071482502e-07,5.960464477539062500e-08,1.742231177104258677e-07,7.898720468801911920e-07,6.213625738382688724e-07,8.094183101547969272e-08,3.456096010268083774e-06,1.645564111640851479e-06,0.000000000000000000e+00,0.000000000000000000e+00,1.192092895507812500e-07,6.324000167978738318e-08,nan,1.893311264211661182e-06,0.000000000000000000e+00,1.415658772430106183e-07,9.871447304021785385e-08,1.192092895507812500e-07,0.000000000000000000e+00,nan,nan,nan,nan,nan,nan,nan,1.907348661234209430e-07,7.947286206899661920e-08,nan,nan,nan,nan,nan,nan,0.000000000000000000e+00,0.000000000000000000e+00,nan,2.330407381057739258e+00,7.511443495750427246e-01,0.000000000000000000e+00,7.196445763111114502e-02,2.266495704650878906e+00,3.719587326049804688e+00,6.685488700866699219e+00,1.829249978065490723e+00,nan,nan,nan,nan,nan,nan,nan,nan,nan,nan,nan,nan,nan,nan,nan,nan,nan,nan,nan,nan,nan,nan,nan,nan,nan,nan,nan,0.000000000000000000e+00,0.000000000000000000e+00,nan
nan,nan,nan,nan,nan,nan,nan,nan,3.108416876784758642e-06,0.000000000000000000e+00,nan,nan,nan,nan,nan,nan,0.000000000000000000e+00,0.000000000000000000e+00,1.440350729353667703e-06,nan,nan,nan,nan,nan,3.875040420098230243e-06,nan,nan,nan,nan,nan,nan,nan,nan,nan,9.870427675195969641e-07,6.085126074140134733e-07,9.404341767549340148e-07,2.147620307368924841e-06,0.000000000000000000e+00,0.000000000000000000e+00,0.000000000000000000e+00,1.858435666690638755e-06,1.896941512313787825e-06,5.203327759772946592e-07,nan,2.184668119298294187e-06,5.520308832274167798e-07,1.066873096533527132e-06,1.032218733598710969e-06,1.316723000854835846e-06,1.321568561252206564e-06,0.000000000000000000e+00,1.138161110247892793e-06,8.584277679801743943e-07,3.393015504116192460e-07,1.630570977795287035e-06,1.066880258804303594e-06,3.257410696733131772e-07,1.500543817201105412e-06,1.272628196602454409e-06,1.386702024319674820e-06,1.443156975255988073e-06,6.312862410595698748e-07,6.854822345303546172e-07,8.204800110434007365e-07,1.012716893455944955e-06,7.999842068784346338e-07,4.851635821978561580e-07,7.975438620633212849e-07,8.133106916830001865e-07,7.553483101219171658e-07,6.124494689174753148e-07,8.612506121608021203e-07,5.619539820145291742e-07,7.833118047528841998e-07,6.846456699349801056e-07,5.266712719276256394e-07,5.794965431960008573e-07,5.497434472090390045e-07,6.884210392854583915e-07,4.195948690721706953e-07,4.896784844277135562e-07,5.420621960183780175e-07,5.812044605590926949e-07,4.864896823164599482e-07,8.662855179863981903e-07,8.847212029650108889e-07,9.314103408541996032e-07,5.939716061220678966e-07,4.527111627794511151e-07,8.997116083264700137e-07,1.062296632881043479e-06,9.483749181526945904e-07,1.035656055137224030e-06,5.075670514997909777e-07,7.768382488393399399e-07,4.956092425345559604e-07,6.204503506523906253e-07,1.015871475829044357e-06,1.346515432487649377e-06,4.828404485124337953e-07,8.080900215645669959e-07,7.408793862850870937e-07,5.956036375209805556e-07,3.856509067645674804e-07,2.857100014352909056e-07,2.444635640586056979e-07,4.286855244117759867e-07,6.259575116018822882e-07,1.106615513890574221e-06,5.814464998366020154e-07,1.072531176760094240e-06,1.139621417678426951e-06,5.649160357279470190e-07,2.798736034037574427e-07,6.299114829744212329e-07,1.335212459707690869e-06,8.862645017870818265e-07,2.362651002840721048e-06,2.045927431026939303e-06,3.802871617608616361e-07,1.055560801432875451e-06,5.112784720040508546e-07,1.996767906575769302e-07,1.340758473133973894e-07,8.340856538779917173e-07,1.568173729538102634e-06,7.022905492704012431e-07,1.190007424156647176e-06,1.024230755319877062e-06,1.919077305956307100e-07,5.526595714400173165e-07,1.239412199538492132e-07,7.407465432152093854e-07,4.736116352432873100e-07,1.890833658535484574e-07,1.432880139873304870e-06,8.151734398609278287e-09,4.081901394670239824e-08,2.213075731560820714e-06,5.155268354428699240e-07,5.189518859083364077e-08,0.000000000000000000e+00,2.682181587942977785e-09,5.980738393418505439e-08,1.192092895507812500e-07,3.900832723502389854e-07,1.595511349705702742e-07,1.894296275395390694e-07,1.088971544049854856e-06,0.000000000000000000e+00,1.460584940105036367e-06,0.000000000000000000e+00,nan,0.000000000000000000e+00,0.000000000000000000e+00,0.000000000000000000e+00,0.000000000000000000e+00,0.000000000000000000e+00,nan,nan,nan,nan,nan,nan,0.000000000000000000e+00,0.000000000000000000e+00,0.000000000000000000e+00,nan,nan,nan,nan,nan,nan,nan,nan,nan,nan,1.077270507812500000e-02,0.000000000000000000e+00,8.010650277137756348e-01,8.069865107536315918e-01,nan,8.569556236267089844e+00,nan,nan,nan,nan,nan,nan,nan,nan,nan,nan,nan,nan,nan,nan,nan,nan,nan,nan,nan,nan,nan,nan,nan,nan,nan,nan,nan,nan,nan,1.192092895507812500e-07,nan
nan,nan,nan,nan,nan,nan,nan,nan,nan,0.000000000000000000e+00,nan,nan,nan,nan,nan,nan,1.551558511891926173e-06,0.000000000000000000e+00,nan,nan,nan,nan,nan,nan,2.501596782167325728e-06,nan,0.000000000000000000e+00,nan,nan,nan,nan,nan,nan,nan,3.983528131357161328e-06,3.961232266647130018e-07,2.115555844284244813e-06,nan,nan,nan,nan,1.257103576790541410e-06,8.031195193325402215e-07,1.024215407596784644e-06,0.000000000000000000e+00,2.065198032141779549e-06,1.030883822750183754e-06,7.199751053121872246e-07,9.625285883885226212e-07,6.596206389986036811e-07,1.755639971179334680e-07,5.918939791627053637e-07,1.682586798779084347e-06,1.177229364657250699e-06,8.462894811600563116e-07,1.767459593793319073e-06,8.647536446915182751e-07,1.001452687887649518e-06,1.233176249115786050e-06,9.889198508972185664e-07,1.220724698214326054e-06,8.073654953477671370e-07,1.195191771330428310e-06,6.902234304106968921e-07,1.127498762798495591e-06,8.724123290448915213e-07,9.865617585091968067e-07,7.265803105838131160e-07,7.760899052300374024e-07,6.877210694256064016e-07,3.889653612532129046e-07,6.643654160143341869e-07,9.351565495308022946e-07,5.083766154712066054e-07,8.426241606684925500e-07,8.151843076120712794e-07,2.795999307636520825e-07,5.801776978842099197e-07,5.058680585534602869e-07,5.628743906527233776e-07,5.358290309231961146e-07,5.403792329161660746e-07,3.101808374594838824e-07,6.337965032798820175e-07,3.171599303186667385e-07,6.615576921831234358e-07,8.061397238634526730e-07,8.834759910314460285e-07,6.076753038541937713e-07,9.067222208614111878e-07,8.361090522157610394e-07,8.780497182669932954e-07,6.167226160869176965e-07,9.789330306375632063e-07,7.434088615809741896e-07,1.017079057419323362e-06,5.918882379774004221e-07,6.511697279165673535e-07,7.653363240933686029e-07,6.941769470358849503e-07,4.721611333025066415e-07,8.153788257914129645e-07,4.714385397619480500e-07,3.460416735379112652e-07,4.217846196752361720e-07,4.548532501758018043e-07,7.750504664727486670e-07,6.602265898436598945e-07,9.862231991064618342e-07,5.250640811027551536e-07,1.097390736504166853e-06,7.625004627698217519e-07,7.203342420325498097e-07,1.047000296239275485e-06,5.880726803297875449e-07,1.057626263900601771e-06,6.783663479836832266e-07,1.247916429747419897e-06,5.903154374209407251e-07,3.299120976407721173e-07,9.740224413690157235e-07,1.061068132912623696e-06,1.146722524936194532e-06,9.260485285267350264e-07,5.267751248538843356e-07,1.062696128428797238e-06,2.841751154392113676e-07,2.043188516154259560e-07,1.384263214276870713e-06,2.235361534985713661e-06,1.218990519191720523e-06,6.989573080318223219e-07,1.242328039552376140e-06,1.506889759639307158e-07,1.509844338443144807e-07,2.261610205778197269e-07,1.479863385611679405e-06,0.000000000000000000e+00,2.105386442963208538e-07,1.023874574457295239e-06,1.082295739252003841e-06,5.960464477539062500e-08,3.056244963772769552e-07,3.354035982283676276e-08,5.129518854118941817e-08,1.387786028317350429e-07,0.000000000000000000e+00,1.623512730475340504e-06,1.464739170842221938e-06,2.078532759242079919e-07,0.000000000000000000e+00,1.907348661234209430e-07,0.000000000000000000e+00,1.839724745877902023e-06,0.000000000000000000e+00,nan,4.311166321713244542e-07,2.384185791015625000e-07,nan,nan,nan,nan,nan,nan,nan,1.836333929361444461e-08,nan,0.000000000000000000e+00,0.000000000000000000e+00,nan,nan,nan,nan,nan,nan,nan,nan,nan,nan,nan,nan,7.585355281829833984e+00,0.000000000000000000e+00,8.597444534301757812e+00,5.176332473754882812e+00,nan,nan,nan,nan,nan,nan,nan,nan,nan,nan,nan,nan,nan,nan,nan,nan,nan,nan,nan,nan,nan,nan,nan,nan,nan,nan,nan,nan,0.000000000000000000e+00,nan
nan,nan,nan,nan,nan,nan,nan,nan,nan,nan,nan,nan,nan,nan,nan,nan,0.000000000000000000e+00,nan,nan,nan,nan,nan,nan,nan,2.501339622540399432e-06,0.000000000000000000e+00,nan,nan,nan,nan,nan,nan,8.915490070648957044e-07,nan,1.858462184145537321e-07,0.000000000000000000e+00,0.000000000000000000e+00,nan,nan,nan,2.642770482452760916e-07,2.358611254749121144e-06,1.350066440863884054e-06,5.481438165588770062e-07,0.000000000000000000e+00,0.000000000000000000e+00,1.660232214817369822e-06,1.115142254093370866e-06,7.291515089491440449e-07,2.701046923903049901e-06,1.077161414286820218e-06,6.284967071223945823e-07,2.093845523631898686e-06,1.788082727216533385e-06,3.342946683915215544e-07,1.873058295132068451e-06,9.698366056909435429e-07,1.924340494952048175e-06,6.443239044529036619e-07,9.408864798388094641e-07,1.605726197340118233e-06,9.523205903860798571e-07,7.190428732428699732e-07,8.037504244384763297e-07,6.643428491770464461e-07,1.112228233068890404e-06,7.331832421186845750e-07,4.486851423735060962e-07,8.014653190002718475e-07,6.297852905845502391e-07,5.527377879843697883e-07,7.510131467824976426e-07,5.341656788004911505e-07,5.835143497279204894e-07,5.126569249114254490e-07,9.333874686490162276e-07,6.219935357876238413e-07,4.367428800833295099e-07,6.741312290614587255e-07,6.388823408087773714e-07,4.015793422240676591e-07,5.637243134515301790e-07,5.361686703508894425e-07,5.723056233364332002e-07,4.229383137044351315e-07,4.158519573138619307e-07,9.534777518638293259e-07,7.363406098193081561e-07,5.760123826803464908e-07,9.394749440616578795e-07,1.044134705807664432e-06,9.614973350835498422e-07,4.219550362449808745e-07,5.388111503634718247e-07,6.380616355272650253e-07,1.157036194854299538e-06,4.388874117466912139e-07,5.632181796499935444e-07,5.965047762401809450e-07,3.729404909336153651e-07,4.438205394308170071e-07,7.940694786157109775e-07,5.706173737962672021e-07,3.464337794412131188e-07,8.139837746057310142e-07,6.577147360076196492e-07,2.192001886669459054e-07,6.559262715200020466e-07,9.746285059009096585e-07,1.121762807088089176e-06,5.969086487311869860e-07,6.387452913259039633e-07,5.133765625942032784e-07,4.628527108252455946e-07,5.936889238000730984e-07,6.586477638848009519e-07,5.712211077479878440e-07,1.655459271887593786e-07,9.607128959032706916e-07,5.076375373391783796e-07,9.314547355643298943e-07,7.538370709880837239e-07,6.270659582696680445e-07,2.582356160019116942e-07,9.833506737777497619e-07,2.382371633302682312e-07,8.467320640193065628e-07,6.034094894857844338e-07,2.662883844095631503e-06,7.858314177155989455e-08,1.217268390973913483e-06,1.212388156091037672e-06,1.653088617104003788e-07,1.333871864517277572e-06,1.491937524633613066e-07,2.000575278771066223e-07,1.477670341643033680e-08,2.105310613842448220e-06,1.192092895507812500e-07,2.212058234363212250e-06,3.290026313607086195e-07,7.082602593300180160e-08,0.000000000000000000e+00,1.901471364362805616e-06,2.234135507706014323e-07,4.887716897883365164e-10,0.000000000000000000e+00,2.554999582571326755e-06,0.000000000000000000e+00,1.158713075710693374e-06,0.000000000000000000e+00,0.000000000000000000e+00,0.000000000000000000e+00,0.000000000000000000e+00,3.751389954231854063e-08,4.608603632050289889e-08,0.000000000000000000e+00,2.872115771879180102e-07,0.000000000000000000e+00,nan,nan,nan,nan,nan,nan,6.566593668821951724e-08,0.000000000000000000e+00,0.000000000000000000e+00,nan,nan,nan,nan,nan,nan,nan,nan,nan,nan,nan,nan,nan,nan,0.000000000000000000e+00,0.000000000000000000e+00,3.564957976341247559e-01,nan,nan,nan,nan,nan,nan,nan,nan,nan,nan,nan,nan,nan,nan,nan,nan,nan,nan,nan,nan,nan,nan,nan,nan,nan,nan,nan,0.000000000000000000e+00,0.000000000000000000e+00,nan
nan,nan,nan,nan,nan,nan,nan,nan,nan,nan,nan,nan,nan,nan,nan,nan,1.501305291640164796e-06,nan,nan,nan,nan,nan,nan,nan,4.077116500411648303e-06,0.000000000000000000e+00,nan,nan,nan,nan,nan,nan,nan,0.000000000000000000e+00,1.807700527933775447e-06,nan,6.012875815031293314e-07,nan,nan,0.000000000000000000e+00,nan,0.000000000000000000e+00,1.346876615571090952e-06,4.887170916845207103e-07,9.009432915263460018e-07,0.000000000000000000e+00,1.570882091073144693e-06,4.807354958558107683e-09,6.430822736547270324e-07,0.000000000000000000e+00,0.000000000000000000e+00,0.000000000000000000e+00,6.572162192242103629e-07,6.147180897642101627e-07,6.627150241911294870e-07,1.915941993502201512e-06,1.063410081769688986e-06,9.466787673773069400e-07,1.354351297777611762e-06,1.275799490940698888e-06,9.438402912564924918e-07,8.333637993018783163e-07,1.041415998770389706e-06,7.190853921201778576e-07,8.304438665618363302e-07,8.965429856289119925e-07,8.387900152229121886e-07,5.273348619994067121e-07,7.234062877614633180e-07,7.135715236472606193e-07,7.547095037807594053e-07,6.316265626082895324e-07,6.838803301434381865e-07,9.000319209917506669e-07,7.286204777301463764e-07,4.639323663013783516e-07,7.612483727825747337e-07,6.700974495288392063e-07,7.856319825805258006e-07,6.384520929714199156e-07,7.694009127590106800e-07,4.894104677077848464e-07,6.672732979495776817e-07,4.489366745019651717e-07,3.219512336727348156e-07,2.966666272641305113e-07,3.453583019563666312e-07,4.424609301167947706e-07,6.000654479976219591e-07,5.305593617777049076e-07,4.061750473738356959e-07,9.546965884510427713e-07,7.126444643290597014e-07,1.136728769779438153e-06,4.383960003906395286e-07,1.098418010769819375e-06,6.523732736241072416e-07,3.766754730349930469e-07,6.876827001178753562e-07,7.890575375313346740e-07,3.446500898007798241e-07,3.882506973695853958e-07,6.929346909601008520e-07,7.631242624484002590e-07,7.001283393037738279e-07,8.781614155850547832e-07,5.958632414149178658e-07,2.675564871879032580e-07,2.297414880558790173e-07,4.431412321537209209e-07,9.817510999710066244e-07,5.719525688618887216e-07,1.778821683728892822e-06,2.047669113380834460e-06,1.345039777334022801e-06,1.404657837156264577e-06,6.416101996364886872e-07,7.276864266714255791e-07,1.018177727019065060e-06,1.879407591331982985e-06,2.283967575067435973e-07,1.465520995225233492e-06,7.461156315002881456e-07,5.400666509558504913e-07,1.027894214189473132e-07,5.876173645447124727e-07,3.950443954181537265e-07,1.177754924697183014e-07,1.698780124570475891e-06,1.253931571909561171e-07,1.043945019318925915e-07,1.297144649470283184e-06,1.356754353309952421e-07,4.436784877270838479e-07,7.324819080167799257e-07,7.950566782710666303e-08,1.492505816713673994e-06,8.671672446780576138e-08,6.875943370232562302e-08,8.432808584757367498e-08,4.509592343993062968e-08,2.250293675842840457e-07,2.798876721499254927e-07,1.091025794153210882e-07,1.151728881154667761e-07,4.068399164225411369e-07,2.688039568710109961e-09,4.418312116172273818e-08,0.000000000000000000e+00,1.647594558562559541e-06,1.107566390601277817e-06,7.197104991973901633e-07,0.000000000000000000e+00,0.000000000000000000e+00,2.354920070501975715e-06,2.921196937677450478e-06,0.000000000000000000e+00,0.000000000000000000e+00,0.000000000000000000e+00,nan,nan,nan,nan,nan,nan,1.082298581422946882e-06,0.000000000000000000e+00,5.960464477539062500e-08,3.894483313615637599e-07,nan,nan,nan,nan,nan,nan,nan,nan,nan,nan,nan,nan,nan,0.000000000000000000e+00,0.000000000000000000e+00,nan,nan,nan,nan,nan,nan,nan,nan,nan,nan,nan,nan,nan,nan,nan,nan,nan,nan,nan,nan,nan,nan,nan,nan,nan,nan,nan,nan,nan,0.000000000000000000e+00,nan
nan,nan,nan,nan,nan,nan,nan,nan,nan,nan,nan,nan,nan,nan,nan,0.000000000000000000e+00,0.000000000000000000e+00,9.528786790724552702e-07,nan,nan,nan,nan,nan,nan,1.086952806872432120e-06,9.514282623968028929e-07,0.000000000000000000e+00,nan,nan,nan,nan,nan,nan,nan,2.104246277667698450e-06,nan,0.000000000000000000e+00,0.000000000000000000e+00,nan,nan,8.789660341790295206e-07,2.812472075675032102e-06,1.628437615863731480e-07,0.000000000000000000e+00,nan,1.324063134688913124e-07,1.777969259819656145e-06,1.536558471570970141e-07,0.000000000000000000e+00,2.955508762170211412e-06,6.718823328810685780e-07,3.421876897391484817e-07,9.499540851720666979e-07,1.186590566248924006e-06,2.122671673987497343e-07,1.005176159196707886e-06,1.502034706390986685e-06,7.823821874808345456e-07,1.596695597072539385e-06,9.044206876751559321e-07,1.028037331707309932e-06,7.147539236029842868e-07,1.375157353322720155e-06,9.165630103780131321e-07,6.806590135965961963e-07,8.797438226793019567e-07,5.853822813151055016e-07,6.469339268733165227e-07,5.779357934443396516e-07,5.220897492108633742e-07,4.864556331085623242e-07,6.812314268245245330e-07,7.575238214485580102e-07,5.852375011272670235e-07,6.193568538037652615e-07,9.234859135176520795e-07,5.405888714449247345e-07,5.223873813520185649e-07,6.568544108631613199e-07,7.475724714822717942e-07,3.380808664132928243e-07,7.620772066729841754e-07,4.557690260753588518e-07,5.010996346754836850e-07,6.971528137000859715e-07,3.549182849837961840e-07,3.182855436989484588e-07,4.449190385003021220e-07,5.038740482632420026e-07,3.353067086209193803e-07,1.080295987776480615e-06,4.527419434907642426e-07,3.166864814829750685e-07,4.888988200946187135e-07,6.333639817057701293e-07,5.816477255393692758e-07,6.343615837067773100e-07,4.561485695830924669e-07,6.848447355878306553e-07,4.204804895380220842e-07,3.187120967140799621e-07,5.690356488230463583e-07,4.705204048605082789e-07,7.422567591675033327e-07,3.229264393667108379e-07,4.529672992248379160e-07,3.826470447165775113e-07,9.285947726311860606e-07,4.721485140635195421e-07,9.768796189746353775e-07,7.813274578438722529e-07,3.348252448631683365e-07,1.583094103807525244e-06,6.251829631764849182e-07,5.585534950114379171e-07,1.462554905629076529e-06,4.205857351280428702e-07,3.186207209182612132e-07,5.853933657817833591e-07,1.434820433132699691e-06,2.318545057278242894e-06,4.769002543980604969e-07,2.613682852370402543e-07,2.797173692670185119e-07,1.381611411943595158e-07,1.426751055078057107e-07,1.866036001274551381e-07,1.139691221396788023e-06,2.140205026535113575e-07,2.092611566695268266e-06,8.775083415457629599e-08,1.344504994449380320e-06,8.114463980746222660e-07,5.817641834937603562e-08,1.611899023146179388e-07,1.561791123094735667e-07,1.805192795245602611e-08,8.013510921500710538e-08,1.954138042492559180e-06,5.709104016204946674e-07,1.109956656364374794e-06,0.000000000000000000e+00,1.183582412522810046e-06,1.689167902441113256e-06,1.762393964099828736e-07,0.000000000000000000e+00,0.000000000000000000e+00,1.920393970067379996e-06,0.000000000000000000e+00,1.600223527020716574e-06,1.192092895507812500e-07,0.000000000000000000e+00,2.066986780846491456e-06,1.375583309481953620e-07,nan,nan,4.768371653085523576e-08,2.548186444073508028e-07,3.399478742949213483e-08,nan,nan,nan,nan,nan,0.000000000000000000e+00,0.000000000000000000e+00,0.000000000000000000e+00,0.000000000000000000e+00,nan,nan,nan,nan,nan,nan,nan,nan,nan,nan,nan,nan,nan,8.267835482911323197e-08,nan,0.000000000000000000e+00,nan,nan,nan,nan,nan,nan,nan,nan,nan,nan,nan,nan,nan,nan,nan,nan,nan,nan,nan,nan,nan,nan,nan,nan,nan,nan,nan,nan,nan,1.192092895507812500e-07,nan
nan,nan,nan,nan,nan,nan,nan,nan,nan,nan,nan,nan,nan,nan,nan,nan,2.384185791015625000e-07,nan,nan,nan,nan,nan,nan,nan,8.806388223092653789e-07,0.000000000000000000e+00,0.000000000000000000e+00,nan,nan,nan,nan,nan,nan,nan,8.215789080168178771e-07,nan,1.318751259304917767e-07,0.000000000000000000e+00,0.000000000000000000e+00,nan,3.952112876959290588e-07,1.831147187658643816e-06,0.000000000000000000e+00,5.995976266603975091e-07,4.485534077502961736e-07,0.000000000000000000e+00,1.219047703671094496e-06,6.343902896333020180e-07,2.382962946967381868e-07,2.514406787668121979e-06,1.198045993078267202e-06,8.832759021970559843e-07,2.839731791937083472e-07,1.876622150120965671e-06,6.616293717343069147e-07,8.692264827914186753e-07,1.303909584748907946e-06,1.038562118083063979e-06,1.326632286691165064e-06,7.554626222372462507e-07,1.024488938128342852e-06,1.468215714339748956e-06,7.745347829768434167e-07,5.309427706379210576e-07,6.939166041775024496e-07,7.260850338752788957e-07,6.991348868723434862e-07,5.058278702563256957e-07,5.392979005591769237e-07,4.604505363658972783e-07,4.207565211800101679e-07,3.377297446149896132e-07,5.685958512913202867e-07,4.347325273101887433e-07,5.584433324656856712e-07,6.418709403988032136e-07,8.660820185468764976e-07,4.392158814425783930e-07,6.437559818550653290e-07,5.392291768657742068e-07,6.119669251347659156e-07,4.774861963596777059e-07,3.963929202654981054e-07,5.525780579773709178e-07,6.757671258128539193e-07,2.667117939836316509e-07,3.303403843801788753e-07,5.360880095395259559e-07,5.438932362267223652e-07,3.742519254501530668e-07,4.343914952187333256e-07,4.239406621309171896e-07,4.279708605281484779e-07,6.920444093339028768e-07,4.335789753895369358e-07,6.337025411085051019e-07,5.094166795061028097e-07,4.684482348693563836e-07,5.406738523561216425e-07,9.656913562139379792e-07,6.328943982225609943e-07,5.390399451243865769e-07,4.344497881447750842e-07,6.004120223224163055e-07,1.514569362370821182e-06,4.901145871372136753e-07,6.601309223697171547e-07,7.000628556852461770e-07,1.672667053753684741e-06,1.496144790280595771e-07,7.391348049168300349e-07,1.251339426744380035e-06,5.552931270358385518e-07,4.124094630242325366e-07,5.023802032155799679e-07,5.283728228278050665e-07,7.188685913206427358e-07,3.330809761337150121e-07,3.850263112781249220e-07,1.821961177483899519e-06,3.629323543918872019e-07,4.037090377551066922e-07,1.797484401322435588e-07,9.294866742948215688e-08,5.866938863618997857e-07,1.588997662338442751e-07,4.711170902282901807e-07,6.046836347195494454e-07,5.715502879866107833e-07,2.159972041226865258e-07,2.898305638154852204e-06,1.904368787108978722e-06,7.292786108337168116e-08,4.904077286482788622e-07,8.199596557290078636e-09,3.405979853710050520e-08,9.175273589789867401e-07,2.705582780038184865e-08,8.498706627335650410e-09,9.661586091169738211e-07,1.917223926284350455e-07,1.248630354666602216e-07,1.070028702088166028e-06,0.000000000000000000e+00,1.887301976921662572e-07,7.214799069288346800e-08,0.000000000000000000e+00,0.000000000000000000e+00,7.949281553010223433e-07,1.071204110303369816e-06,1.142124347097706050e-06,0.000000000000000000e+00,0.000000000000000000e+00,nan,9.756362828738929238e-08,0.000000000000000000e+00,0.000000000000000000e+00,nan,1.141421876127424184e-06,nan,nan,nan,nan,nan,nan,nan,7.947286206899661920e-08,nan,4.020617154765204759e-07,nan,nan,nan,nan,nan,nan,nan,nan,nan,nan,nan,nan,nan,0.000000000000000000e+00,2.384185791015625000e-07,0.000000000000000000e+00,nan,nan,nan,nan,nan,nan,nan,nan,nan,nan,nan,nan,nan,nan,nan,nan,nan,nan,nan,nan,nan,nan,nan,nan,nan,nan,nan,0.000000000000000000e+00,0.000000000000000000e+00,nan
nan,nan,nan,nan,nan,nan,nan,nan,nan,2.936051714641507715e-06,nan,nan,nan,nan,nan,0.000000000000000000e+00,9.954135293810395524e-07,nan,nan,nan,nan,nan,nan,nan,nan,1.342875748377991840e-06,0.000000000000000000e+00,nan,nan,nan,nan,nan,nan,nan,nan,2.634347083585453220e-06,0.000000000000000000e+00,0.000000000000000000e+00,1.995347474803566001e-06,1.722910724311077502e-06,nan,1.409146534570027143e-06,1.090923205993021838e-06,0.000000000000000000e+00,0.000000000000000000e+00,2.238823100242370856e-07,9.216105922860151622e-07,0.000000000000000000e+00,1.610521621842053719e-06,1.547552869851642754e-06,7.839434488232654985e-07,5.307455239744740538e-07,1.215286289379946538e-07,5.145715817889140453e-07,5.624630716738465708e-07,7.571262585770455189e-07,1.881133812275948003e-06,9.735057915349898394e-08,8.568335374548041727e-07,6.187884196151571814e-07,6.149325031401531305e-07,6.978699502724339254e-07,6.135438752608024515e-07,3.667236683213559445e-07,5.733700163546018302e-07,7.679503823965205811e-07,5.692491527042875532e-07,5.674029353031073697e-07,5.699977805306843948e-07,3.690732910399674438e-07,6.178758553687657695e-07,6.351311867547337897e-07,3.963341441703960299e-07,4.407137907946889754e-07,5.877410558241535909e-07,5.108100822326377966e-07,6.456309620261890814e-07,5.761014563177013770e-07,6.771680318706785329e-07,3.916056243724597152e-07,2.956237210582912667e-07,4.867293910137959756e-07,2.895720001561130630e-07,5.516337751032551751e-07,3.944598745420080377e-07,4.355711951120611047e-07,4.126701753648376325e-07,5.798652864541509189e-07,3.814530771251156693e-07,3.762253868444531690e-07,4.709498284682922531e-07,5.565010496866307221e-07,3.446350262947817100e-07,4.325985401010257192e-07,5.399259634941699915e-07,3.236710313103685621e-07,6.179784008963906672e-07,5.027777660870924592e-07,4.165320603988220682e-07,3.459191475485567935e-07,5.914796474826289341e-07,4.921043341710173991e-07,3.079078396694967523e-07,3.480325574400922051e-07,4.372665785012941342e-07,2.920717179222265258e-07,2.637667080307437573e-07,2.066322082328042598e-07,3.431998436553840293e-07,2.146770867739178357e-07,1.616578373386801104e-07,3.417986533804651117e-07,2.848132965027616592e-07,2.029848701567971148e-06,6.466610216193657834e-07,4.639288135876995511e-07,3.366602356891235104e-07,6.417668600988690741e-07,3.374064476702187676e-07,4.391014840621210169e-07,4.534053630322887329e-07,6.586223548765701707e-07,1.568550942465662956e-07,6.768474918317224365e-07,2.928293270088033751e-07,2.691362226414639736e-07,4.106775861600908684e-07,5.730596512876218185e-07,1.681483240645320620e-06,2.169434992538299412e-06,3.107781196831638226e-07,1.679875509807970957e-07,1.305432988374377601e-06,8.026665909710573032e-07,4.747426203266513767e-07,1.712751469540307880e-07,2.192437023040838540e-07,6.996891244170910795e-08,6.726052248495761887e-08,1.362321881970274262e-07,2.980232238769531250e-08,1.300664536074691569e-07,0.000000000000000000e+00,7.533684538429952227e-07,1.115460236178478226e-06,3.289481753654399654e-07,9.862836805041297339e-07,nan,2.113677197712604539e-07,5.960464477539062500e-08,0.000000000000000000e+00,0.000000000000000000e+00,nan,nan,1.587255269441811834e-07,2.803772304105223157e-06,0.000000000000000000e+00,nan,0.000000000000000000e+00,nan,nan,nan,nan,nan,0.000000000000000000e+00,1.907348661234209430e-07,0.000000000000000000e+00,nan,nan,nan,nan,nan,nan,nan,nan,nan,nan,nan,nan,nan,nan,nan,0.000000000000000000e+00,0.000000000000000000e+00,nan,nan,nan,nan,nan,nan,nan,nan,nan,nan,nan,nan,nan,nan,nan,nan,nan,nan,nan,nan,nan,nan,nan,nan,nan,nan,nan,nan,5.053867990767457741e-09,0.000000000000000000e+00,nan
nan,nan,nan,nan,nan,nan,nan,nan,0.000000000000000000e+00,1.656548420214676298e-06,nan,nan,nan,nan,nan,nan,0.000000000000000000e+00,nan,0.000000000000000000e+00,nan,nan,nan,nan,nan,nan,1.965564024430932477e-06,nan,0.000000000000000000e+00,nan,nan,nan,nan,nan,nan,1.235234890373249073e-06,0.000000000000000000e+00,9.330858574685407802e-08,7.454639217030489817e-07,0.000000000000000000e+00,nan,0.000000000000000000e+00,2.084575271510402672e-06,1.967087882803753018e-06,1.465327500227431301e-06,6.478226737272052560e-07,nan,0.000000000000000000e+00,7.248856945807347074e-07,0.000000000000000000e+00,1.080729020941362251e-06,8.610902568761957809e-07,1.614323537069140002e-06,6.188094516801356804e-07,1.480597461522847880e-06,1.384138499815890100e-06,7.352061857091030106e-07,6.580154945368121844e-07,1.246573674507089891e-06,6.315910923149203882e-07,1.627053052288829349e-06,9.654764880906441249e-07,1.297075755246623885e-06,7.405125188597594388e-07,5.822330990667978767e-07,1.555790379643440247e-02,6.098064773141231854e-07,6.800244136684341356e-07,4.797771566700248513e-07,7.188930908341717441e-07,7.047849521768512204e-07,5.506977913682931103e-07,3.113639195362338796e-07,3.656563762888254132e-07,3.697618353726284113e-07,4.777477897732751444e-07,6.411962658603442833e-07,3.923996700905263424e-07,6.224194635251478758e-07,4.019344999051099876e-07,4.340587622664315859e-07,3.856305852423247416e-07,5.037092023485456593e-07,3.163296753427857766e-07,4.762477203712478513e-07,3.765281917367246933e-07,3.114402602477639448e-07,4.738265602100000251e-07,4.499847250372113194e-07,6.070374070077377837e-07,5.133932745593483560e-07,3.015820198015717324e-07,4.329984335527115036e-07,3.492072266908508027e-07,5.818141630697937217e-07,3.104730978975567268e-07,4.522722747424268164e-07,4.998819349566474557e-07,3.568610793536208803e-07,3.321154906643641880e-07,2.115977935090995743e-07,7.480708745788433589e-07,7.674265134482993744e-07,5.891500336474564392e-07,7.912902333373494912e-07,2.917275025993149029e-07,2.686328173240326578e-07,4.459225237951613963e-07,2.058351782352474402e-07,2.352119850002054591e-07,1.516040413207520032e-07,2.313790758989853202e-07,3.555021237389155431e-07,3.266165720106073422e-07,2.864858572593220742e-07,2.000759451448175241e-07,6.069902269700833131e-07,1.725966995991257136e-07,3.888310970978636760e-07,1.586789863949888968e-07,2.876261646633793134e-07,6.391819056261738297e-07,1.564642815310435253e-07,7.143488005567633081e-07,6.646163797086046543e-07,2.765069098131789360e-07,2.433065446894033812e-07,7.495089562326029409e-07,2.196867825432491372e-07,1.513392504648436443e-07,8.836030929160187952e-08,1.589278895153256599e-07,6.410452328964311164e-07,8.381384475342201767e-08,1.032883787388527708e-07,5.960464477539062500e-08,3.578243763513455633e-07,1.353679408566677012e-07,3.529969205828820122e-07,7.539501325481978711e-07,2.010233259852611809e-07,1.213536080513222259e-07,1.106540366890840232e-06,1.731936890791985206e-06,9.384723398397909477e-08,1.560079851969931042e-07,0.000000000000000000e+00,7.531635333180020098e-07,8.289826070040362538e-08,1.583091830070770811e-06,4.961322019880753942e-07,1.206836941491928883e-06,0.000000000000000000e+00,1.960923782462486997e-06,nan,1.719383249110251199e-07,0.000000000000000000e+00,1.192092895507812500e-07,0.000000000000000000e+00,0.000000000000000000e+00,nan,nan,nan,nan,nan,nan,0.000000000000000000e+00,0.000000000000000000e+00,nan,0.000000000000000000e+00,nan,nan,nan,nan,nan,nan,nan,nan,nan,nan,nan,nan,nan,7.947286206899661920e-08,0.000000000000000000e+00,nan,nan,nan,nan,nan,nan,nan,nan,nan,nan,nan,nan,nan,nan,nan,nan,nan,nan,nan,nan,nan,nan,nan,nan,nan,nan,nan,nan,nan,0.000000000000000000e+00,nan
nan,nan,nan,nan,nan,nan,nan,nan,0.000000000000000000e+00,0.000000000000000000e+00,6.692897045468271244e-07,nan,nan,nan,nan,0.000000000000000000e+00,0.000000000000000000e+00,0.000000000000000000e+00,1.463120838707254734e-06,nan,nan,nan,nan,nan,nan,2.088523160637123510e-06,0.000000000000000000e+00,nan,nan,nan,nan,nan,nan,nan,nan,1.725162974253180437e-06,0.000000000000000000e+00,nan,0.000000000000000000e+00,1.236123694070556667e-06,nan,0.000000000000000000e+00,1.944335508596850559e-06,0.000000000000000000e+00,0.000000000000000000e+00,4.869414169661467895e-07,0.000000000000000000e+00,1.092729235097067431e-06,2.890481312078918563e-07,1.117562533181626350e-06,0.000000000000000000e+00,1.066487811840488575e-06,5.939262450738169719e-07,1.063246486410207581e-06,1.420084799974574707e-06,7.087610924827458803e-07,7.944655067149142269e-07,6.134661703072197270e-07,8.834720119921257719e-07,1.089867396331101190e-06,4.297090470117836958e-07,6.575362476723967120e-07,2.957786193746869685e-07,6.297794357124075759e-07,7.731688356216182001e-07,4.629534657851763768e-07,6.267048320296453312e-07,3.803532138135778951e-07,5.496550556927104481e-07,5.169505357116577215e-07,4.506516688707051799e-07,5.529319651031983085e-07,6.609888032471644692e-07,5.556759106184472330e-07,3.421820053972624009e-07,3.769396244024392217e-07,4.332509320192912128e-07,5.871959274372784421e-07,5.716426016988407355e-07,5.843760391144314781e-07,4.885316116087778937e-07,3.772590559947275324e-07,4.762608227792952675e-07,3.332684741508273873e-07,4.572669070057600038e-07,3.453287718002684414e-07,4.220369760332687292e-07,5.785511802969267592e-07,4.619245430603768909e-07,3.439542979322141036e-07,3.404179267363360850e-07,3.600952140914159827e-07,6.837764203737606294e-07,6.900042421875696164e-07,4.253762710959563265e-07,3.743567162928229664e-07,4.444733860964333871e-07,3.126605179204489104e-07,2.841686921328800963e-07,4.046842434490827145e-07,6.700372523482656106e-07,5.901218855797196738e-07,3.460842492586380104e-07,4.150401764491107315e-07,6.332635962280619424e-07,3.221723829938127892e-07,6.133998908808280248e-07,3.849656593502004398e-07,3.241362094286159845e-07,3.444909566496789921e-07,3.278323106314928737e-07,3.622825204274704447e-07,6.576252644663327374e-07,2.843437982846808154e-07,4.653063001569535118e-07,5.489137038239277899e-07,3.953609848394989967e-07,2.335531377184452140e-07,2.221010504399600904e-07,5.954964876764279325e-07,2.046830900326312985e-07,3.881436612118704943e-07,3.573859714833815815e-07,8.517440619471017271e-08,1.834600453776147333e-07,1.418739543623814825e-06,1.613672793610021472e-06,9.092473192140460014e-07,2.233114628324983642e-06,8.400635920224885922e-07,4.950071001985634211e-07,8.933619000117687392e-08,1.093851977884696680e-07,1.415024826201261021e-07,1.113372150030045304e-07,1.169014680613145174e-07,7.462320468221150804e-07,1.069382022933496046e-07,0.000000000000000000e+00,2.462227541855099844e-07,0.000000000000000000e+00,0.000000000000000000e+00,1.747781368521827972e-07,6.272401975593311363e-08,6.100822815824358258e-07,8.498441275150980800e-07,8.963748996393405832e-07,1.864560999820241705e-06,1.124222137605102034e-07,3.405979853710050520e-08,0.000000000000000000e+00,0.000000000000000000e+00,nan,2.164871148124802858e-06,2.248838200102909468e-06,5.318754503491618379e-08,0.000000000000000000e+00,0.000000000000000000e+00,nan,nan,nan,nan,nan,nan,nan,1.656362229596197722e-07,1.649294034677950549e-08,nan,nan,nan,nan,nan,nan,nan,nan,nan,nan,nan,nan,nan,nan,3.155360417395058903e-08,5.212154263745105709e-08,nan,nan,nan,nan,nan,nan,nan,nan,nan,nan,nan,nan,nan,nan,nan,nan,nan,nan,nan,nan,nan,nan,nan,nan,nan,nan,nan,nan,nan,nan,0.000000000000000000e+00,nan
nan,nan,nan,nan,nan,nan,nan,nan,nan,0.000000000000000000e+00,nan,nan,nan,nan,nan,nan,nan,1.192092895507812500e-07,nan,nan,nan,nan,nan,nan,nan,1.481928393332054839e-06,0.000000000000000000e+00,nan,nan,nan,nan,nan,nan,nan,nan,1.701535438769496977e-06,4.180037649348378181e-07,0.000000000000000000e+00,0.000000000000000000e+00,nan,nan,nan,7.746797336949384771e-07,0.000000000000000000e+00,0.000000000000000000e+00,0.000000000000000000e+00,nan,3.075300014643289614e-07,8.799564170658413786e-07,8.097357806491345400e-08,2.239558625660720281e-06,9.592509968570084311e-07,9.867046628642128780e-07,1.865723220362269785e-07,1.221489355884841643e-06,7.823890086910978425e-07,0.000000000000000000e+00,4.950714469487138558e-07,1.305462319578509778e-06,4.906761432721395977e-07,9.765586810317472555e-07,8.902659374143695459e-07,1.256646214642387349e-06,9.974376098398352042e-07,7.121344651750405319e-07,8.271097158285556361e-07,4.720279207504063379e-07,7.504217478526697960e-07,7.548447342742292676e-07,5.468897370519698597e-07,3.819217226919136010e-07,4.662589674353512237e-07,7.121503244889026973e-07,5.274887371342629194e-07,4.064187635322014103e-07,4.362406968994037015e-07,3.044563641196873505e-07,4.892854690297099296e-07,4.360965135674632620e-07,5.521384878193202894e-07,4.027563704767089803e-07,4.090911431831045775e-07,3.819018559170217486e-07,5.672346787832793780e-07,4.429473960954055656e-07,4.637731194634397980e-07,2.986051015341217862e-07,5.046203455094655510e-07,6.995243211349588819e-07,5.812211725242377724e-07,6.069107030270970426e-07,4.261599428900808562e-07,6.636482225985673722e-07,7.127821959329594392e-07,3.939917974093987141e-07,8.222077667596749961e-07,4.619586775334028061e-07,4.555773216452507768e-07,1.988786237916428945e-07,2.692514726732042618e-07,5.145271870787837543e-07,3.238458532450749772e-07,9.637266202844330110e-07,5.224807182457880117e-07,4.260768378117063548e-07,3.057704702769115102e-07,4.966741471434943378e-07,4.143729768202319974e-07,3.003931112743885024e-07,3.937106214380037272e-07,3.187736865584156476e-07,1.566769611827112385e-07,4.259057106992258923e-07,5.630071768791822251e-07,2.621414978420943953e-07,3.043611513930954970e-07,5.734355568165483419e-07,2.371999840988792130e-07,4.351453242179559311e-07,1.337018261438061018e-06,1.946394405649698456e-07,3.815266040874121245e-07,5.255832320472109132e-07,7.150279657253122423e-07,3.818838933966617333e-07,5.686083000000508036e-07,2.707421344894100912e-07,1.526113919680938125e-06,4.704853324710711604e-07,3.170115974171494599e-07,2.176369378048548242e-07,9.368760629513417371e-07,8.537780900041980203e-07,1.200672414825021406e-07,2.384185791015625000e-07,1.699417339295905549e-06,1.470704944495082600e-07,5.938816229900112376e-07,9.904136177851796674e-09,7.973527971216753940e-08,0.000000000000000000e+00,7.370613843704632018e-07,3.559933858809927187e-08,0.000000000000000000e+00,4.898922725260490552e-07,3.724442194652510807e-06,0.000000000000000000e+00,1.892535124170535710e-06,8.956650390246068127e-07,5.773038935785734793e-08,3.237767600694496650e-07,3.031578899026499130e-07,0.000000000000000000e+00,0.000000000000000000e+00,1.107317686432907067e-07,1.948071215451818716e-08,2.125506881611727295e-07,0.000000000000000000e+00,nan,nan,nan,nan,nan,nan,nan,0.000000000000000000e+00,2.384185791015625000e-07,0.000000000000000000e+00,nan,nan,nan,nan,nan,nan,nan,nan,nan,nan,nan,nan,nan,nan,1.850727642249694327e-07,nan,nan,nan,nan,nan,nan,nan,nan,nan,nan,nan,nan,nan,nan,nan,nan,nan,nan,nan,nan,nan,nan,nan,nan,nan,nan,nan,nan,0.000000000000000000e+00,0.000000000000000000e+00,0.000000000000000000e+00,nan
nan,nan,nan,nan,nan,nan,nan,nan,nan,4.930564955429872498e-06,2.161662678190623410e-06,nan,nan,nan,nan,nan,nan,0.000000000000000000e+00,0.000000000000000000e+00,nan,nan,nan,nan,nan,nan,8.596209113420627546e-07,4.932197157359041739e-07,2.082779928969102912e-06,nan,nan,nan,nan,nan,nan,0.000000000000000000e+00,1.412017581969848834e-06,1.053038971576825134e-07,1.642242608568267315e-07,nan,nan,nan,0.000000000000000000e+00,1.260424937754578423e-06,nan,2.059028503254012321e-10,1.076561829904676415e-06,1.146613954006170388e-06,7.677565463382052258e-07,1.724541789371869527e-06,0.000000000000000000e+00,0.000000000000000000e+00,3.377783173164061736e-07,1.588802319929527584e-06,nan,7.021945975793641992e-07,1.335379693045979366e-06,2.967620673643978080e-07,5.495009531841787975e-07,7.806866619830543641e-07,3.735491702627768973e-07,7.783510795889014844e-07,7.620766950822144281e-07,8.534614153177244589e-07,7.072995913404156454e-07,3.416126332922431175e-07,7.056476079014828429e-07,7.240800528052204754e-07,5.373113936002482660e-07,9.313301347901870031e-07,6.426294589800818358e-07,4.183315240879892372e-07,4.288903596716409083e-07,6.022920047143998090e-07,3.246958328873006394e-07,4.734562821795407217e-07,3.264521239998430246e-07,4.078249844496895093e-07,4.690669754836562788e-07,7.999630611266184133e-07,5.720712010770512279e-07,5.052012284068041481e-07,3.364318956755596446e-07,3.620654638325504493e-07,3.960067829211766366e-07,3.045681467028771294e-07,4.791172045770508703e-07,4.166215319401089801e-07,4.900726366940943990e-07,1.514310952188679948e-07,4.905101604890660383e-07,5.884678557777078822e-07,2.973747541545890272e-07,7.155531989155861083e-07,4.532249988642433891e-07,3.474209222531499108e-07,5.014979365114413667e-07,6.108251113801088650e-07,5.918525403103558347e-07,5.696847438230179250e-07,4.569268412524252199e-07,3.406621544854715466e-07,3.662516121494263643e-07,4.600904333074140595e-07,7.330921221182506997e-07,4.236666200085892342e-07,4.851864332522382028e-07,8.139296028275566641e-07,3.530893764036591165e-07,2.239644913970550988e-07,8.561125923733925447e-07,3.108247597083391156e-07,8.632878802927734796e-07,1.196439257000747602e-06,3.344175070196797606e-07,1.850429072192127933e-07,3.526060083913762355e-07,3.115890194749226794e-07,1.636252875414356822e-07,5.187918645788158756e-07,6.791818805140792392e-07,2.827047751452482771e-07,1.774989755176648032e-07,3.687523815187887521e-07,3.207766781088139396e-07,3.290112715603754623e-07,3.962766470522183226e-07,3.257572416259790771e-07,3.988677974575693952e-07,3.930072125513106585e-07,9.821668527365545742e-07,2.428793948183738394e-07,1.529024302726611495e-06,7.742029595192434499e-08,8.384397887084560352e-08,1.134086573983950075e-06,4.344281734347532620e-08,0.000000000000000000e+00,1.559035354148363695e-07,1.268658024855540134e-06,7.947286206899661920e-08,3.521940072914730990e-07,1.206525865882213111e-07,7.534138291021008627e-08,6.349383738779579289e-07,1.931881797645473853e-06,2.899580522353062406e-07,2.748916358541464433e-06,0.000000000000000000e+00,0.000000000000000000e+00,1.079343064702698030e-06,0.000000000000000000e+00,nan,nan,2.619352471810998395e-06,1.057100540435840230e-08,3.207400709470675793e-07,nan,0.000000000000000000e+00,nan,nan,nan,nan,nan,nan,1.907348661234209430e-07,1.313502025368507020e-06,1.733419139782199636e-06,0.000000000000000000e+00,nan,nan,nan,nan,nan,nan,nan,nan,nan,nan,nan,nan,nan,0.000000000000000000e+00,7.947286206899661920e-08,0.000000000000000000e+00,nan,nan,nan,nan,nan,nan,nan,nan,nan,nan,nan,nan,nan,nan,nan,nan,nan,nan,nan,nan,nan,nan,nan,nan,nan,nan,nan,nan,0.000000000000000000e+00,0.000000000000000000e+00,nan
nan,nan,nan,nan,nan,nan,nan,nan,nan,1.145543706115859095e-06,0.000000000000000000e+00,1.159447577947503305e-07,nan,nan,nan,nan,0.000000000000000000e+00,0.000000000000000000e+00,0.000000000000000000e+00,nan,nan,nan,nan,nan,nan,1.917858298838837072e-06,2.115983988915104419e-06,nan,nan,nan,nan,nan,nan,nan,nan,nan,1.106190211430657655e-06,nan,1.021060370476334356e-06,nan,nan,0.000000000000000000e+00,7.151897420953901019e-07,3.412683781789382920e-06,0.000000000000000000e+00,6.602431881219672505e-07,3.298754336356068961e-07,nan,1.387498286931077018e-06,1.623574689801898785e-06,0.000000000000000000e+00,1.136766627496399451e-06,7.714465368735545781e-07,6.313994731499406043e-07,1.103524382983778196e-07,5.406375294114695862e-07,1.437653622815560084e-06,1.270402322006702889e-06,3.504961227918101940e-07,1.474078032970282948e-07,8.069170007729553618e-07,8.331959975294012111e-07,3.009130864484177437e-07,9.910653488987009041e-07,5.458359169097093400e-07,6.191468173710745759e-07,8.238825444095709827e-07,7.001304993536905386e-07,5.712283837056020275e-07,2.563740792993485229e-07,5.618463774226256646e-07,4.306472192183719017e-07,4.680905476561747491e-07,5.657316251017618924e-07,3.549329221641528420e-07,3.067187606120569399e-07,5.534238880500197411e-07,5.471671329360106029e-07,4.719480841686163330e-07,4.020853339170571417e-07,4.709212930720241275e-07,5.301600367602077313e-07,3.322603561173309572e-07,4.840095471081440337e-07,3.531356185249023838e-07,4.714412682460533688e-07,4.253175234225636814e-07,3.636808401097368915e-07,4.319961703913577367e-07,6.281495643634116277e-07,3.689874858991970541e-07,6.374545478138315957e-07,3.583278669339051703e-07,3.840565625523595372e-07,2.848655924481136026e-07,7.351243880293623079e-07,5.578098125624819659e-07,4.801671593668288551e-07,5.122681727698363829e-07,4.202364607408526354e-07,2.108796337552121258e-07,3.052037982342881151e-07,2.461865165059862193e-07,4.419866570515296189e-07,2.698673995382705471e-07,6.233439080460811965e-07,4.815500460608745925e-07,2.881334637550025946e-07,4.556390535981336143e-07,5.683328936356701888e-07,3.800079468874173472e-07,2.532784719733172096e-07,3.462557742750504985e-07,2.094648294814760447e-07,4.092142376066476572e-07,2.970577668293117313e-07,3.344521246617659926e-07,1.791231738934584428e-06,2.135185468432609923e-06,3.539439603628125042e-07,1.746888500520071830e-07,1.720596856102929451e-07,3.138032695915171644e-07,5.641078928420029115e-07,2.891536041715880856e-07,7.712311571594909765e-07,3.410929139135987498e-07,5.472498969538719393e-07,5.919015961808327120e-07,1.018838986510672839e-07,6.597957735721138306e-07,1.265232540959004837e-08,7.070888585758439149e-08,4.463148570721386932e-07,2.848520921361341607e-07,7.947286206899661920e-08,1.371747515577226295e-07,1.907348661234209430e-07,0.000000000000000000e+00,8.965530895466145012e-08,0.000000000000000000e+00,1.117928150051739067e-06,7.090136477927444503e-09,nan,6.756827133358456194e-07,0.000000000000000000e+00,0.000000000000000000e+00,4.030568732105166418e-07,5.394117579271551222e-07,nan,nan,nan,0.000000000000000000e+00,0.000000000000000000e+00,0.000000000000000000e+00,3.994559349962401029e-08,3.807494053376103693e-08,nan,nan,nan,nan,nan,nan,nan,0.000000000000000000e+00,0.000000000000000000e+00,nan,nan,nan,nan,nan,nan,nan,nan,nan,nan,nan,nan,nan,nan,0.000000000000000000e+00,0.000000000000000000e+00,0.000000000000000000e+00,nan,nan,nan,nan,nan,nan,nan,nan,nan,nan,nan,nan,nan,nan,nan,nan,nan,nan,nan,nan,nan,nan,nan,nan,nan,nan,nan,nan,nan,0.000000000000000000e+00,7.947286206899661920e-08,nan
nan,nan,nan,nan,nan,nan,nan,nan,nan,nan,0.000000000000000000e+00,nan,nan,nan,nan,nan,nan,2.384185791015625000e-07,8.830292586026189383e-07,nan,nan,nan,nan,nan,nan,0.000000000000000000e+00,2.128403593815164641e-06,nan,0.000000000000000000e+00,nan,nan,nan,nan,nan,nan,0.000000000000000000e+00,1.476738134442712180e-06,4.567958171719510574e-07,0.000000000000000000e+00,0.000000000000000000e+00,nan,0.000000000000000000e+00,nan,1.496656864219403360e-06,1.100558620237279683e-06,3.408342479360726429e-07,1.891305146273225546e-06,0.000000000000000000e+00,1.365741127301589586e-06,1.763599243531643879e-06,2.104004352077026851e-06,0.000000000000000000e+00,9.584682629792951047e-07,5.865435923624318093e-07,2.411772186405869434e-07,2.646488894697540672e-07,5.196777692617615685e-07,1.973737369098671479e-07,1.398973381583346054e-06,6.740238518432306591e-07,1.516818883828818798e-06,1.026225277200865094e-06,3.887334401042608079e-07,9.655710755396285094e-07,6.143843052086594980e-07,4.749787194668897428e-07,7.181800469879817683e-07,7.361852567555615678e-07,4.918919103147345595e-07,5.272260636957071256e-07,7.186359312072454486e-07,4.480634174797160085e-07,4.116929517294920515e-07,5.135455012350575998e-07,6.778484475944424048e-07,4.000697231276717503e-07,4.282059933302662103e-07,3.958176364449172979e-07,3.932244112547778059e-07,7.004633744145394303e-07,3.786738886901730439e-07,6.015877147547143977e-07,5.838654146828048397e-07,5.724405127693898976e-07,6.850746672171226237e-07,4.719167634448240278e-07,6.716759912706038449e-07,4.349090829691704130e-07,4.320048105910245795e-07,3.594337556478421902e-07,7.357108415817492642e-07,3.596476290113059804e-07,2.292419623017849517e-07,3.923355791357607814e-07,7.110542696864285972e-07,2.493779618362168549e-07,2.187718308732655714e-07,3.278877898083010223e-07,3.717457843777083326e-07,4.735957190860062838e-07,3.101076799794100225e-07,4.418010917106585111e-07,5.028513783145172056e-07,3.780919257678760914e-07,4.802560624739271589e-07,3.009700435541162733e-07,3.275767994637135416e-07,8.091536187748715747e-07,6.440202469093492255e-07,1.438180561308399774e-07,1.932242952307205996e-07,1.919074748002458364e-06,1.992029865505173802e-07,4.684061423176899552e-07,5.176900117476179730e-07,4.472888122108997777e-07,3.314855518965487136e-07,2.907351017711334862e-07,1.411050334354513325e-06,2.215361973867402412e-07,2.121860092074712156e-07,7.019829695309454110e-07,6.477694682871515397e-07,3.683938984977430664e-07,3.927684701920952648e-07,4.070726049576478545e-07,5.056125473856809549e-07,1.798589863710731152e-07,8.781385076872538775e-07,1.846730015131470282e-06,8.206728807635954581e-07,2.495457920304033905e-07,5.020987146053812467e-07,3.563871757705783239e-07,1.994554708062423742e-07,6.800320306865614839e-08,0.000000000000000000e+00,1.969990989891812205e-06,5.960464477539062500e-08,0.000000000000000000e+00,0.000000000000000000e+00,8.747979762802060577e-08,6.679675834675435908e-07,4.157266459969832795e-07,1.268449295821483247e-06,0.000000000000000000e+00,0.000000000000000000e+00,4.898557648402857012e-08,nan,2.099056928273057565e-07,nan,nan,0.000000000000000000e+00,0.000000000000000000e+00,0.000000000000000000e+00,0.000000000000000000e+00,nan,nan,nan,nan,nan,nan,nan,nan,nan,0.000000000000000000e+00,nan,0.000000000000000000e+00,nan,nan,nan,nan,nan,nan,nan,nan,nan,nan,nan,0.000000000000000000e+00,nan,0.000000000000000000e+00,0.000000000000000000e+00,0.000000000000000000e+00,nan,nan,nan,nan,nan,nan,nan,nan,nan,nan,nan,nan,nan,nan,nan,nan,nan,nan,nan,nan,nan,nan,nan,nan,nan,nan,nan,0.000000000000000000e+00,0.000000000000000000e+00,nan,nan
nan,nan,nan,nan,nan,nan,nan,nan,nan,nan,0.000000000000000000e+00,nan,nan,nan,nan,nan,nan,0.000000000000000000e+00,nan,nan,nan,nan,nan,nan,nan,nan,2.576794713604613207e-06,1.480338482906518038e-06,nan,nan,nan,nan,nan,nan,nan,nan,0.000000000000000000e+00,1.958069333340972662e-06,nan,1.538210540275031235e-06,1.639329866520711221e-06,0.000000000000000000e+00,0.000000000000000000e+00,0.000000000000000000e+00,1.057448116625891998e-06,4.606607717505539767e-07,0.000000000000000000e+00,0.000000000000000000e+00,2.471234381573594874e-07,9.586368605596362613e-07,0.000000000000000000e+00,9.526112876301340293e-07,8.436851430815295316e-07,6.123094635768211447e-07,5.379880576583673246e-07,4.593005797914884170e-08,1.295403649237414356e-06,1.154495521404896863e-06,6.036877948645269498e-07,3.905431071871134918e-07,3.466891485004452989e-07,1.216494524669542443e-06,7.283914555955561809e-07,5.163392984286474530e-07,1.273322254746744875e-06,7.159530355238530319e-07,5.291332740853249561e-07,4.929203214487642981e-07,6.715001745760673657e-07,4.194565406123729190e-07,4.635243158190860413e-07,6.877287432871526107e-07,4.873309649155999068e-07,2.786821937661443371e-07,5.136478762324259151e-07,5.620605065814743284e-07,4.047159052333881846e-07,4.812691827282833401e-07,5.734165711146488320e-07,5.326683094608597457e-07,6.674263204331509769e-07,4.782892801813432015e-07,4.007880818335252116e-07,7.972415687618195079e-07,6.996182264629169367e-07,3.887552111336844973e-07,4.284868282411480322e-07,4.819875130124273710e-07,2.159663523570998223e-07,5.901381996409327257e-07,3.726460136022069491e-07,4.086523404112085700e-07,7.308847784770478029e-07,1.918985077509205439e-07,7.514317985624074936e-07,3.354156490331661189e-07,5.406576519817463122e-07,8.990905939754156861e-07,4.767367443037073826e-07,8.731529987926478498e-07,4.656245948808646062e-07,5.459049816636252217e-07,3.459285835560876876e-07,8.490953291584446561e-07,3.891306334935507039e-07,7.487543030038068537e-07,4.658395482692867517e-07,3.847793266231747111e-07,6.405628028005594388e-07,5.579420871981710661e-07,5.393009132603765465e-07,2.313966831479774555e-07,9.817647423915332183e-07,2.574157633716822602e-07,2.702730341752612730e-07,4.175802814643247984e-07,2.477588338933855994e-07,3.585523131732770707e-07,3.414458831230149372e-07,6.962948617683650809e-08,6.290072178671834990e-07,2.241438181727062329e-07,1.135116889372511650e-07,4.281789927063073264e-07,3.799153205363836605e-07,2.591068266610818682e-07,3.866944666697236244e-07,2.029022198257734999e-06,1.157035498522418493e-07,0.000000000000000000e+00,5.487309806539997226e-08,6.845309599157189950e-07,2.159217586950035184e-07,2.542124946103285765e-07,8.248174054870105465e-08,1.157040827592936694e-07,2.952853606075223070e-07,1.187733232654863968e-06,2.030322150403662818e-07,3.915184834113460965e-07,2.065363418068955070e-07,1.354006826659315266e-06,2.416587818743209937e-08,5.928343398409197107e-07,2.111119528080962482e-07,1.799234468080612714e-07,4.511082920544140507e-07,7.947286206899661920e-08,1.554985260554531123e-07,nan,nan,0.000000000000000000e+00,1.377110976363837835e-07,2.674081088116508909e-06,7.947286206899661920e-08,1.817083585820000735e-07,nan,nan,nan,nan,nan,nan,nan,1.847083552775075077e-07,7.034936544414449600e-08,7.947286206899661920e-08,nan,nan,nan,nan,nan,nan,nan,nan,nan,nan,nan,nan,nan,2.766583229174557346e-08,nan,0.000000000000000000e+00,nan,nan,nan,nan,nan,nan,nan,nan,nan,nan,nan,nan,nan,nan,nan,nan,nan,nan,nan,nan,nan,nan,nan,nan,nan,nan,nan,nan,nan,0.000000000000000000e+00,0.000000000000000000e+00,nan,nan
nan,nan,nan,nan,nan,nan,nan,nan,nan,nan,nan,nan,nan,nan,nan,nan,nan,0.000000000000000000e+00,nan,0.000000000000000000e+00,nan,nan,nan,nan,nan,nan,0.000000000000000000e+00,0.000000000000000000e+00,0.000000000000000000e+00,nan,nan,nan,nan,nan,nan,nan,1.823900674935430288e-07,2.004792776233443874e-07,nan,nan,nan,0.000000000000000000e+00,0.000000000000000000e+00,0.000000000000000000e+00,3.017141125383204781e-06,0.000000000000000000e+00,6.425839274015743285e-07,1.690772478468716145e-06,3.944689979107351974e-07,1.335766341981070582e-06,5.908230491513677407e-07,3.040746037186181638e-07,1.531068733129359316e-06,4.219013760575762717e-07,7.680940257159818429e-07,1.412558390256890561e-06,8.793990105004922953e-07,8.695982955941872206e-07,8.745698778511723503e-07,7.468300395885307807e-07,8.337911481248738710e-07,9.273893510908237658e-07,7.863699806875956710e-07,3.307073377072811127e-03,1.436160178855061531e-03,3.285690676420927048e-03,3.029505489394068718e-03,3.358987858518958092e-03,3.524529514834284782e-03,3.540788078680634499e-03,3.608140628784894943e-03,3.795459168031811714e-03,3.797247074544429779e-03,3.688620636239647865e-03,2.905742963775992393e-03,3.506705630570650101e-03,3.618070157244801521e-03,3.318198258057236671e-03,1.584426267072558403e-03,3.717057174071669579e-03,3.486747620627284050e-03,3.850918961688876152e-03,3.272230969741940498e-03,4.050904419273138046e-03,4.043101333081722260e-03,4.142655059695243835e-03,3.818665165454149246e-03,3.974214661866426468e-03,2.952721435576677322e-03,4.100848920643329620e-03,4.196367226541042328e-03,4.240378737449645996e-03,4.222364164888858795e-03,4.027192015200853348e-03,4.282997921109199524e-03,3.415380138903856277e-03,3.857246832922101021e-03,4.413134418427944183e-03,4.330889321863651276e-03,3.827898064628243446e-03,4.473686218261718750e-03,4.407362546771764755e-03,4.186415113508701324e-03,4.520657006651163101e-03,4.556880798190832138e-03,3.945522941648960114e-03,4.474636167287826538e-03,4.527052864432334900e-03,4.280519206076860428e-03,4.440260119736194611e-03,4.460076801478862762e-03,4.426418337970972061e-03,3.545109182596206665e-03,3.762920619919896126e-03,4.794661998748779297e+00,2.558600390329957008e-04,1.144828729593427852e-06,2.084352445308468305e-06,2.399181084911106154e-07,2.854130514151620446e-07,3.421278904625069117e-07,1.977308841105696047e-07,1.872464139296425856e-07,7.272402058333682362e-07,1.569019900671264622e-07,3.078499730690964498e-07,1.364374639933885192e-07,7.134557904464600142e-07,2.741566731856437400e-06,1.009120296657783911e-06,1.982078003948117839e-07,3.654660574170520704e-08,3.258436436226475053e-07,1.173161123801946815e-08,1.494065713814052287e-06,2.037095185869475245e-07,1.858880182226130273e-06,0.000000000000000000e+00,1.526356925296568079e-07,1.197877566028182628e-07,4.185892876762409287e-08,2.782595487360595143e-08,4.389857224396109814e-07,8.820977086543280166e-07,1.063873241946566850e-06,1.263599187950603664e-06,8.550135532914282521e-08,1.575682176735426765e-06,nan,0.000000000000000000e+00,nan,1.288324028791976161e-06,3.476651855294221605e-08,0.000000000000000000e+00,4.768371653085523576e-08,4.240444297920475947e-07,nan,nan,nan,nan,nan,nan,nan,0.000000000000000000e+00,1.204192926707037259e-06,0.000000000000000000e+00,nan,nan,nan,nan,nan,nan,nan,nan,nan,nan,nan,0.000000000000000000e+00,nan,0.000000000000000000e+00,nan,3.613710403442382812e-03,nan,nan,nan,nan,nan,nan,nan,nan,nan,nan,nan,nan,nan,nan,nan,nan,nan,nan,nan,nan,nan,nan,nan,nan,nan,nan,nan,nan,nan,nan,6.169462110847234726e-03,nan,nan
nan,nan,nan,nan,nan,nan,nan,nan,nan,nan,nan,nan,nan,nan,nan,nan,nan,9.416436910214542877e-07,0.000000000000000000e+00,nan,nan,nan,nan,nan,nan,nan,0.000000000000000000e+00,1.112727886720676906e-06,nan,nan,nan,nan,nan,nan,nan,nan,nan,9.823207847148296423e-07,3.687228229409811320e-07,nan,0.000000000000000000e+00,0.000000000000000000e+00,nan,0.000000000000000000e+00,nan,1.461941110392217524e-06,nan,1.484194029899299494e-07,1.153577784407389117e-07,1.907144593360499130e-07,8.392933068535057828e-07,1.417589828633936122e-06,0.000000000000000000e+00,1.102359647120465524e-06,nan,1.053278310791938566e-06,3.645968149612599518e-07,0.000000000000000000e+00,2.826437354087829590e-03,4.140506498515605927e-03,8.780758827924728394e-02,1.318706721067428589e-01,1.478189975023269653e-01,1.467715650796890259e-01,1.019394621253013611e-01,1.457664221525192261e-01,1.374250650405883789e-01,1.455633938312530518e-01,1.463205218315124512e-01,1.456492096185684204e-01,1.348771005868911743e-01,9.783204644918441772e-02,1.451258808374404907e-01,1.441254168748855591e-01,1.466842740774154663e-01,1.462939232587814331e-01,1.461368948221206665e-01,1.465285122394561768e-01,1.460942029953002930e-01,1.467257440090179443e-01,1.448986977338790894e-01,1.464881747961044312e-01,1.453110277652740479e-01,1.468778401613235474e-01,1.428605765104293823e-01,1.357666850090026855e-01,1.459416896104812622e-01,1.466828137636184692e-01,1.460007876157760620e-01,1.459758877754211426e-01,1.460303366184234619e-01,1.451243460178375244e-01,1.343561261892318726e-01,1.461077928543090820e-01,1.463264673948287964e-01,1.458383947610855103e-01,1.381702423095703125e-01,1.453872621059417725e-01,1.456594020128250122e-01,1.450897902250289917e-01,1.456190049648284912e-01,1.461067199707031250e-01,1.458693742752075195e-01,1.374760568141937256e-01,1.458197981119155884e-01,1.402785032987594604e-01,1.383482664823532104e-01,1.461582481861114502e-01,1.415291428565979004e-01,1.340288668870925903e-01,1.413087844848632812e-01,1.235001981258392334e-01,1.463433653116226196e-01,1.477953642606735229e-01,4.762644290924072266e+00,1.199775114655494690e-01,1.495268940925598145e-01,3.623747965320944786e-03,1.599162584170699120e-03,3.520000575463200221e-07,2.391547582192288246e-07,3.466066118562594056e-07,1.020683058072791027e-07,1.394254923070548102e-06,2.455020933211926604e-07,2.060300943185211509e-07,8.859092304192017764e-07,2.925899877936899429e-07,9.226724984046086320e-08,8.560523383494000882e-07,2.988674054904549848e-07,6.296357923929463141e-07,1.004887963063083589e-06,7.710926297477271874e-07,2.631532858288210264e-08,2.890593577831168659e-07,0.000000000000000000e+00,9.233061604163594893e-08,4.154973680670082103e-07,4.667255470991449329e-09,8.689531227901170496e-08,nan,0.000000000000000000e+00,6.909512535457906779e-07,4.021658384090187610e-08,0.000000000000000000e+00,7.973617499601459713e-08,8.733983349884510972e-07,1.188812319696808117e-07,0.000000000000000000e+00,nan,nan,0.000000000000000000e+00,0.000000000000000000e+00,1.298252527703880332e-07,nan,nan,nan,nan,nan,nan,nan,0.000000000000000000e+00,0.000000000000000000e+00,2.384185791015625000e-07,nan,nan,nan,nan,nan,nan,nan,nan,nan,nan,nan,0.000000000000000000e+00,nan,0.000000000000000000e+00,2.986769378185272217e-02,8.036565966904163361e-03,9.824386984109878540e-02,nan,nan,nan,nan,nan,nan,nan,nan,nan,nan,nan,nan,nan,nan,nan,nan,nan,nan,nan,nan,nan,nan,nan,0.000000000000000000e+00,0.000000000000000000e+00,nan,nan,nan,nan,1.773352548480033875e-02,nan,nan,nan
nan,nan,nan,nan,nan,nan,nan,nan,nan,nan,nan,nan,nan,nan,nan,nan,nan,nan,2.384185791015625000e-07,nan,nan,nan,nan,nan,nan,nan,nan,2.050996044999919832e-06,nan,nan,nan,nan,nan,nan,nan,nan,nan,nan,1.961693214980186895e-06,0.000000000000000000e+00,0.000000000000000000e+00,0.000000000000000000e+00,0.000000000000000000e+00,0.000000000000000000e+00,8.344263733306434005e-07,9.696505003375932574e-07,0.000000000000000000e+00,5.899446477997116745e-07,9.763992920852615498e-07,3.285668128683028044e-07,0.000000000000000000e+00,9.273625209971214645e-07,2.696302772164926864e-07,1.630281190045934636e-06,5.404497755989723373e-07,7.632553433722932823e-07,4.260771442204713821e-03,1.509551107883453369e-01,1.362262815237045288e-01,1.282376615563407540e-06,8.780626952648162842e-02,8.805338893580483273e-07,7.466339866368798539e-07,6.427092671401624102e-07,9.087686407838191371e-07,6.094562650105217472e-07,9.968713357011438347e-07,3.241290471578395227e-07,4.710618495941162109e+00,6.009728963363158982e-07,3.587679486827255460e-07,4.551216363779531093e-07,4.322137101553380489e-07,4.321640005855442723e-07,6.886269829919910990e-07,4.773933710566780064e-07,6.138482717688020784e-07,7.731058531135204248e-07,3.175412643940944690e-07,5.216442673372512218e-07,5.293059075484052300e-07,5.803287876915419474e-07,4.340353996212797938e-07,2.725938372805103427e-07,3.627670537298399722e-07,3.601433888889005175e-07,5.903199848944495898e-07,2.990096845678635873e-07,5.745845328419818543e-07,3.394444831883447478e-07,2.384808510669245152e-07,5.416430894911172800e-07,6.994899308665480930e-07,6.139096058177528903e-07,3.991825110460922588e-07,5.913106519983557519e-07,5.473476107908936683e-07,2.274836674587277230e-07,3.539200008617626736e-07,9.154187523563450668e-07,5.998088568048842717e-07,6.129874918769928627e-07,1.001792156785086263e-06,4.126143455505371094e+00,2.225520603360564564e-07,1.428644651468857774e-07,4.478008861497073667e-07,5.957165285508381203e-07,1.132157990468840580e-06,5.484535563482495490e-07,6.200269240252964664e-07,1.773646687297514291e-07,2.210261271784474957e-07,5.295300979923922569e-07,4.476712226867675781e+00,3.152752583446272183e-07,1.029177680611610413e-01,1.460386514663696289e-01,1.480853110551834106e-01,4.472447559237480164e-03,3.177803475409746170e-03,5.668880476150661707e-07,3.296388513263082132e-07,2.520912119052809430e-07,6.866187050036387518e-07,5.942314942330995109e-07,6.440244533223449253e-07,2.469690798534429632e-06,1.848465444709290750e-06,1.746893190102127846e-07,1.351075837874304852e-07,0.000000000000000000e+00,9.496074540038534906e-07,4.131777018301363569e-07,4.988107775716343895e-07,0.000000000000000000e+00,1.256639279745286331e-06,1.689432309603944304e-07,6.188726047184900381e-07,8.174620802492427174e-07,0.000000000000000000e+00,0.000000000000000000e+00,8.246664719990803860e-07,6.269567620620364323e-08,2.964323584819794632e-06,7.791735470163985156e-07,0.000000000000000000e+00,0.000000000000000000e+00,nan,nan,nan,0.000000000000000000e+00,6.495872639789013192e-08,2.639019157868460752e-06,2.774195593246986391e-07,3.036583962057193276e-07,nan,nan,nan,nan,nan,0.000000000000000000e+00,nan,nan,0.000000000000000000e+00,nan,nan,nan,nan,nan,nan,nan,nan,nan,nan,nan,nan,2.413847669959068298e-02,4.640435799956321716e-02,3.722085803747177124e-02,nan,nan,nan,nan,nan,nan,nan,nan,nan,nan,nan,nan,nan,nan,nan,nan,nan,nan,nan,nan,nan,nan,nan,nan,nan,nan,0.000000000000000000e+00,nan,nan,nan,nan,nan,nan,nan,nan
nan,nan,nan,nan,nan,nan,nan,nan,nan,nan,nan,nan,nan,nan,nan,nan,nan,nan,0.000000000000000000e+00,0.000000000000000000e+00,nan,nan,nan,nan,nan,nan,nan,1.492473757025436498e-06,1.814844040382013191e-06,nan,nan,nan,nan,nan,nan,nan,nan,0.000000000000000000e+00,1.107244884224201087e-06,nan,nan,nan,0.000000000000000000e+00,5.592349339167412836e-07,0.000000000000000000e+00,7.570296247649821453e-07,9.720018852021894418e-07,nan,1.331491375822224654e-06,6.807621844018285628e-08,4.164452320765121840e-07,0.000000000000000000e+00,1.262166961168986745e-06,nan,1.588497892953455448e-03,1.494048535823822021e-01,9.607119858264923096e-02,8.203075081110000610e-02,7.504667678404075559e-07,9.732546004670439288e-07,3.886111414885817794e-07,1.212380880133423489e-06,0.000000000000000000e+00,1.195573190670984332e-06,6.173323754410375841e-07,1.019068577079451643e-06,8.756805414122936781e-08,1.164225871264079615e-08,1.154958653160065296e-07,7.303568168026686180e-07,6.880851515234098770e-07,7.998774549378140364e-07,2.944987329556170153e-07,2.993746761603688356e-07,3.623081852310860995e-07,1.092598509444542287e-07,5.423768811851914506e-07,4.630239800462732092e-07,5.650533125844958704e-07,4.043609465043118689e-07,4.339555914611992193e-07,4.713533883204945596e-07,5.389617285800341051e-07,4.817054559680400416e-07,7.593496320623671636e-07,1.783992331638728501e-07,1.805988745218201075e-07,2.238651717334505520e-07,7.128384140742127784e-07,3.153436125558073400e-07,6.692629881399625447e-07,6.663652811766951345e-07,3.490619917556614382e-07,5.774604119324067142e-07,2.437530497445550282e-07,9.157940326076641213e-07,7.431001449731411412e-07,8.891915399544814136e-07,7.621691793247009628e-07,5.532893965209950693e-07,1.834457208360618097e-07,3.052734314223926049e-07,4.941347242493066005e-07,5.613201210508123040e-07,2.054669181461576954e-07,1.622819496560623520e-07,2.623087596020923229e-07,2.081923611285674269e-07,1.122874664361006580e-06,5.287089379635290243e-07,2.638889498030039249e-07,8.421142752013111021e-07,9.952683655001237639e-08,1.731868479737386224e-07,4.705138206481933594e+00,4.000294208526611328e+00,1.219824383724699146e-07,8.665622885928314645e-08,3.701356472447514534e-04,1.114411279559135437e-01,1.486240029335021973e-01,5.093567539006471634e-03,8.401305531151592731e-04,3.097675289609469473e-07,2.377697683186852373e-07,9.069686939255916514e-07,9.137675505144216004e-08,8.981673431662784424e-07,1.141538845672585012e-07,2.418757105715485523e-07,2.295551979614174343e-07,8.762800121075997595e-07,8.151258157340635080e-08,1.545439545225235634e-06,0.000000000000000000e+00,1.367141976515995339e-06,3.096474472386034904e-07,2.934592373549094191e-07,2.386655353348032804e-07,9.440146868655574508e-07,6.720237166746301227e-08,1.133064060354627145e-07,5.416365524979482871e-07,7.932442258606897667e-07,3.516266360747977160e-06,5.960464477539062500e-08,0.000000000000000000e+00,nan,0.000000000000000000e+00,nan,0.000000000000000000e+00,nan,1.500001900467395899e-07,0.000000000000000000e+00,0.000000000000000000e+00,nan,nan,nan,nan,nan,nan,nan,1.052524225997331087e-06,0.000000000000000000e+00,0.000000000000000000e+00,nan,nan,nan,nan,nan,nan,nan,nan,nan,0.000000000000000000e+00,8.107032626867294312e-02,3.170747309923171997e-02,nan,nan,nan,nan,nan,nan,nan,nan,nan,nan,nan,nan,nan,nan,nan,nan,nan,nan,nan,nan,nan,nan,nan,nan,nan,nan,nan,nan,0.000000000000000000e+00,0.000000000000000000e+00,nan,nan,nan,nan,nan,nan,nan,nan
nan,nan,nan,nan,nan,nan,nan,nan,nan,nan,nan,nan,nan,nan,nan,nan,nan,nan,1.426208882548962720e-06,0.000000000000000000e+00,nan,nan,nan,nan,nan,nan,nan,0.000000000000000000e+00,4.617648130533780204e-07,nan,nan,nan,nan,nan,nan,nan,nan,nan,1.402331349709129427e-06,nan,9.058729801836307161e-07,1.102276769415766466e-06,nan,0.000000000000000000e+00,0.000000000000000000e+00,0.000000000000000000e+00,1.556668735247512814e-06,1.942135554600099567e-07,6.950381958858997677e-08,8.354713258995616343e-07,0.000000000000000000e+00,3.215506581000227015e-07,1.791185699403285980e-03,3.993238788098096848e-03,8.765564113855361938e-02,7.454059982592298184e-07,2.661840881046373397e-07,8.563444566789257806e-07,4.775669992795883445e-08,0.000000000000000000e+00,1.221644765792007092e-06,9.603810440239612944e-07,6.372860639203281607e-07,2.872604056847194443e-07,6.379924002430925611e-07,5.014837256567261647e-07,6.993926149334583897e-07,6.953944762244645972e-07,6.768538582946348470e-07,7.720011581113794819e-07,5.195506105337699410e-07,3.031502728845225647e-07,2.795491127471905202e-07,3.033108271210949169e-07,3.112975548447138863e-07,3.500103389342257287e-07,6.940461503290862311e-07,5.982649895486247260e-07,1.858954448152871919e-07,2.519848578685923712e-07,4.767203449773660395e-07,4.775219508701411542e-07,3.797429997121071210e-07,5.133666718393214978e-07,3.606025700264581246e-07,2.932199265615054173e-07,6.774179155399906449e-07,6.467509479080035817e-07,2.105168448451877339e-07,4.616753415120911086e-07,2.168796271462269942e-07,4.197562475383165292e-07,4.696720452557201497e-07,4.650597418276447570e-07,7.063338784973893780e-07,3.125948921933741076e-07,7.569677791252615862e-07,9.128655733547930140e-07,1.672626552817746415e-07,2.081091281525004888e-07,3.870725322485668585e-07,6.914515324751846492e-07,8.787221759121166542e-07,3.512143678108259337e-07,1.817194004161137855e-07,8.263201323188695824e-08,7.545485800619644579e-07,4.066998542384681059e-07,8.109665259325993247e-07,4.452381858754961286e-07,6.308328011073172092e-07,7.513224886679381598e-07,9.549850119583425112e-07,1.665279114604345523e-07,5.846537947654724121e-01,2.384185791015625000e-07,1.069448245516468887e-07,3.373394577010913054e-07,2.430171548439830076e-07,1.098825464396213647e-06,1.598644985278951935e-07,8.874548971652984619e-02,1.412231773138046265e-01,2.292728517204523087e-03,5.344080591385136358e-07,5.138965661899419501e-07,1.132761326516629197e-06,1.609639355137915118e-07,2.029389918334345566e-07,9.989112470520922216e-08,1.356426935217314167e-07,0.000000000000000000e+00,3.726340480625367491e-07,9.030832970324809139e-09,7.965977033563831355e-07,nan,2.614047787119488930e-07,1.647173775154442410e-07,1.297004018852021545e-06,0.000000000000000000e+00,0.000000000000000000e+00,nan,4.897031544714991469e-07,5.727452290216206165e-08,6.940337584637745749e-07,1.585948211868526414e-06,0.000000000000000000e+00,1.314758492299006321e-06,nan,0.000000000000000000e+00,0.000000000000000000e+00,0.000000000000000000e+00,2.531304062358685769e-06,nan,nan,nan,nan,nan,nan,nan,nan,0.000000000000000000e+00,0.000000000000000000e+00,0.000000000000000000e+00,nan,nan,nan,nan,nan,nan,nan,nan,0.000000000000000000e+00,6.838013650849461555e-04,3.952890634536743164e-02,2.811501361429691315e-02,2.384185791015625000e-07,nan,nan,nan,nan,nan,nan,nan,nan,nan,nan,nan,nan,nan,nan,nan,nan,nan,nan,nan,nan,nan,nan,nan,nan,nan,nan,nan,9.607494177998887608e-08,0.000000000000000000e+00,nan,nan,nan,nan,nan,nan,nan,nan,nan
nan,nan,nan,nan,nan,nan,nan,nan,nan,nan,nan,nan,nan,nan,nan,nan,nan,nan,0.000000000000000000e+00,0.000000000000000000e+00,0.000000000000000000e+00,nan,nan,nan,nan,nan,nan,nan,1.987595851460355334e-06,0.000000000000000000e+00,nan,nan,nan,nan,nan,nan,nan,0.000000000000000000e+00,0.000000000000000000e+00,1.573325562276295386e-06,5.121150365994253661e-07,0.000000000000000000e+00,0.000000000000000000e+00,nan,4.054584223922574893e-07,0.000000000000000000e+00,1.535574028821429238e-06,3.834490200915752212e-07,6.514136998703179415e-07,4.461389266907644924e-07,5.335249397830921225e-07,0.000000000000000000e+00,0.000000000000000000e+00,1.157726272940635681e-01,1.824098916358707356e-07,4.501727630668028723e-07,4.307707968109752983e-09,7.329732625294127502e-07,2.479509078057162696e-07,1.589478131336363731e-07,1.520332830295956228e-06,8.717722153050999623e-07,1.111685833166120574e-06,5.401872158472542651e-07,0.000000000000000000e+00,6.504897100967355072e-07,2.103700325051249820e-07,1.168773110293841455e-06,4.105280879684869433e-07,1.803843190373299876e-07,2.871543074434157461e-07,4.779630558005010244e-07,8.981098176263913047e-07,3.689980019316863036e-07,5.998726919642649591e-07,2.617531151827279245e-07,6.900915536789398175e-07,2.759989854439481860e-07,3.883832278006593697e-07,2.137675494395807618e-07,2.373952696643755189e-07,1.808171532502456103e-07,5.568471692640741821e-07,2.625350532525771996e-07,7.113546871551079676e-07,1.972188243826167309e-07,2.418105111701152055e-07,2.844529092271841364e-07,0.000000000000000000e+00,2.272153523108499940e-07,7.435982638526184019e-07,1.048274157255946193e-06,3.198387901193200378e-07,7.786239279994333629e-07,2.370314007293927716e-07,2.240676337805780349e-07,3.669030945729900850e-07,4.518173000178649090e-07,1.053626078828528989e-06,5.458312557493627537e-07,8.207177302210766356e-07,5.856545044480299111e-07,1.609646318456725567e-07,2.020895806253975024e-07,6.244171117941732518e-07,8.227685270867368672e-07,1.205931880576827098e-06,6.257126301534299273e-07,2.065265505279967329e-07,3.040382807739661075e-07,4.038864460653712740e-07,8.421313282269693445e-07,1.067492121364921331e-07,9.340514566247293260e-07,3.577910092644742690e-07,4.801280510946526192e-07,0.000000000000000000e+00,1.758426861897532945e-07,1.187476982522639446e-06,2.411953801129129715e-07,4.439590384208713658e-07,3.090208906542102341e-07,9.386971592903137207e-03,1.463167369365692139e-01,1.722483546473085880e-03,7.820304404049238656e-07,1.252550845265432145e-07,1.581560553631788935e-07,4.748157209633063758e-07,1.404173531227570493e-06,6.487373980235133786e-07,3.196642239799984964e-07,7.513916671086917631e-07,1.226820387500993093e-07,1.333562408944999333e-06,5.889888399224219029e-08,2.061691901644735481e-07,0.000000000000000000e+00,0.000000000000000000e+00,3.035031568288104609e-07,2.198609827530617622e-08,3.911915484877681592e-07,nan,8.661476726956607308e-07,9.119798960455227643e-08,1.925393689816701226e-06,nan,nan,0.000000000000000000e+00,1.163957449534791522e-06,2.131557721440913156e-06,0.000000000000000000e+00,0.000000000000000000e+00,nan,nan,nan,nan,nan,nan,nan,nan,0.000000000000000000e+00,2.012885488511528820e-06,0.000000000000000000e+00,nan,nan,nan,nan,nan,nan,nan,nan,nan,9.685715287923812866e-02,4.839852079749107361e-02,0.000000000000000000e+00,nan,0.000000000000000000e+00,nan,nan,nan,nan,nan,nan,nan,nan,nan,nan,nan,nan,nan,nan,nan,nan,nan,nan,nan,nan,nan,nan,nan,nan,nan,nan,nan,0.000000000000000000e+00,nan,nan,nan,nan,nan,nan,nan,nan,nan
nan,nan,nan,nan,nan,nan,nan,nan,nan,nan,nan,nan,nan,nan,nan,nan,nan,nan,1.634857227372776833e-07,1.907348661234209430e-07,nan,nan,nan,nan,nan,nan,nan,nan,nan,3.043684046133421361e-06,0.000000000000000000e+00,nan,nan,nan,nan,nan,nan,nan,nan,0.000000000000000000e+00,1.423570438419119455e-06,8.610147119725297671e-07,0.000000000000000000e+00,1.600576410965004470e-06,0.000000000000000000e+00,0.000000000000000000e+00,0.000000000000000000e+00,nan,9.920715910993749276e-07,8.871085128703271039e-07,0.000000000000000000e+00,0.000000000000000000e+00,0.000000000000000000e+00,0.000000000000000000e+00,3.340271348406531615e-07,0.000000000000000000e+00,0.000000000000000000e+00,4.496349390592513373e-07,6.562776775353995617e-07,2.890751602535601705e-07,2.442478432840289315e-07,2.712071420774009312e-07,0.000000000000000000e+00,4.505181721015105722e-07,3.859468620248662774e-07,3.791022891164175235e-07,2.668046761300502112e-07,9.669006573176375241e-08,6.945706587657696218e-08,6.526084348479344044e-07,0.000000000000000000e+00,1.824901971758663421e-07,1.808536893577183946e-07,6.982111244724364951e-07,4.650178198062349111e-07,8.598643717050435953e-07,4.101109425391769037e-07,6.584012908206204884e-07,5.600747954304097220e-07,3.070850372314453125e+00,3.300939559936523438e+00,3.443337202072143555e+00,3.586893796920776367e+00,3.566487312316894531e+00,7.551143169403076172e-01,6.246716976165771484e-01,3.102922439575195312e+00,3.224440092708391603e-07,4.546224374735174933e-07,2.562177883191907313e-07,2.095488582654070342e-07,6.827160632383311167e-07,8.096350256892037578e-07,2.835884913565678289e-07,3.632268317232956178e-07,4.190180789009900764e-07,6.075521241655224003e-08,4.336745860200608149e-07,4.843008127863868140e-07,9.691618743090657517e-07,4.373124227186053758e-07,3.562126948963850737e-07,2.137045385097735561e-07,5.275518901726172771e-07,6.638489935539837461e-07,9.661166586738545448e-07,2.599809079129045131e-07,6.761848112546431366e-07,3.489662390165904071e-07,6.690415830234996974e-07,2.384185791015625000e-07,6.357744268825626932e-07,5.148240802554937545e-07,2.205041624847581261e-07,1.286760721086466219e-06,1.424815536665846594e-07,2.413276831703115022e-07,9.812385570739934337e-08,2.764963085155613953e-07,7.413322009597322904e-07,2.487714709786814637e-07,8.288480302098832908e-08,8.311640158353839070e-07,8.444800227880477905e-02,1.399500668048858643e-01,4.322908353060483932e-03,2.507377757865469903e-06,3.640244301550410455e-07,2.741001026151934639e-07,8.452867064079327974e-07,2.491046018349152291e-07,4.158823401212430326e-07,4.554943799917055003e-08,1.051110700700519374e-07,0.000000000000000000e+00,2.975811810301820515e-07,0.000000000000000000e+00,0.000000000000000000e+00,1.372146840594723471e-07,8.724536115778391832e-08,0.000000000000000000e+00,7.410361035908863414e-07,9.500803344053565525e-08,1.776383662388525408e-08,0.000000000000000000e+00,1.454823745916655753e-06,0.000000000000000000e+00,3.366620831002364866e-07,0.000000000000000000e+00,0.000000000000000000e+00,1.791037895770841715e-08,4.768371653085523576e-08,nan,0.000000000000000000e+00,nan,nan,nan,nan,nan,nan,2.054502488135767635e-07,9.020827178574108984e-07,1.192092895507812500e-07,nan,nan,nan,nan,nan,nan,nan,nan,nan,1.189189851284027100e-01,nan,5.350784063339233398e-01,nan,nan,nan,nan,nan,nan,nan,nan,nan,nan,nan,nan,nan,nan,nan,nan,nan,nan,nan,nan,nan,nan,nan,nan,nan,nan,nan,nan,nan,nan,1.192092895507812500e-07,nan,nan,nan,nan,nan,nan,nan,nan,nan
nan,nan,nan,nan,nan,nan,nan,nan,nan,nan,nan,nan,nan,nan,nan,nan,nan,0.000000000000000000e+00,nan,0.000000000000000000e+00,nan,nan,nan,nan,nan,nan,nan,nan,0.000000000000000000e+00,0.000000000000000000e+00,0.000000000000000000e+00,nan,nan,nan,nan,nan,nan,nan,nan,0.000000000000000000e+00,0.000000000000000000e+00,1.225228629664343316e-06,nan,0.000000000000000000e+00,0.000000000000000000e+00,1.464529617578591569e-07,3.215602930595196085e-07,2.223176352345035411e-06,1.032186901284148917e-06,3.765651257708668709e-03,nan,3.937299482004164020e-07,8.914132649806560948e-07,1.783967832125199493e-06,0.000000000000000000e+00,5.798123936529009370e-08,0.000000000000000000e+00,0.000000000000000000e+00,8.114581646623264533e-07,8.258388106696656905e-07,7.346916390815749764e-07,0.000000000000000000e+00,0.000000000000000000e+00,5.116687518125218048e-08,9.721449032440432347e-07,9.215371505888469983e-07,1.049798356689279899e-06,1.785159895462129498e-07,3.093264524522965075e-07,5.592258389697235543e-07,1.999785865791636752e-07,2.384185791015625000e-07,7.869443265917652752e-07,3.490327173949481221e-07,6.084999881750263739e-07,3.229091021239582915e-07,3.961052073009341257e-07,1.954239934320867178e-07,2.585198046745063039e-07,3.052733659744262695e+00,2.541688680648803711e+00,2.189564298760160455e-07,4.262692243628407596e-08,3.593687772750854492e+00,3.088568405473779421e-07,2.996835470199584961e+00,3.075331687927246094e+00,6.295701950875809416e-07,2.453623153542139335e-07,1.988702535982156405e-07,4.435010509951098356e-07,1.598811678604761255e-07,2.175372344481729669e-07,3.169247690948395757e-07,2.578337330305657815e-07,4.064311553975130664e-07,1.293490328180268989e-07,1.780084488700595102e-07,7.930415222290321253e-07,6.723449814671766944e-07,4.584442763189144898e-07,2.190041925587138394e-07,3.845237301902670879e-07,1.112770291911147069e-06,7.440772833433584310e-07,1.688667481403172133e-07,1.027765051730966661e-06,3.713592775511642685e-07,6.077510192881163675e-07,9.468802772971685044e-07,4.466592713470163289e-07,6.845039024483412504e-07,3.118139488833548967e-07,7.279967917384055909e-07,2.064519293298872071e-07,1.557733639856451191e-07,2.865968156129383715e-07,8.509065310136065818e-07,1.352460799353139009e-06,3.715195475706423167e-07,8.590979518885433208e-07,9.095577979678637348e-07,6.835097110524657182e-07,4.503390300669707358e-07,2.962676148854370695e-07,1.449469327926635742e-01,2.674797084182500839e-03,1.870995021135968273e-07,5.163193463886273094e-07,1.440170649402716663e-07,0.000000000000000000e+00,5.489175691764103249e-08,1.345283635600935668e-06,1.037355332300649025e-06,1.370962650071305688e-07,6.534155261306295870e-08,0.000000000000000000e+00,9.754785423865541816e-07,1.136391691858307240e-08,nan,0.000000000000000000e+00,1.681199250924692024e-06,0.000000000000000000e+00,nan,1.762755687195749488e-06,nan,0.000000000000000000e+00,nan,1.239337734659784473e-06,2.246981694042915478e-06,1.192092895507812500e-07,2.578881094450480305e-06,nan,nan,nan,nan,nan,nan,0.000000000000000000e+00,0.000000000000000000e+00,0.000000000000000000e+00,3.351129009843134554e-07,0.000000000000000000e+00,nan,nan,nan,nan,nan,nan,nan,nan,7.667352259159088135e-02,3.083223987232486252e-08,3.925497367163188756e-07,0.000000000000000000e+00,0.000000000000000000e+00,nan,nan,nan,nan,nan,nan,nan,nan,nan,nan,nan,nan,nan,nan,nan,nan,nan,nan,nan,nan,nan,nan,nan,nan,nan,nan,nan,0.000000000000000000e+00,0.000000000000000000e+00,0.000000000000000000e+00,nan,nan,nan,nan,nan,nan,nan,nan,nan
nan,nan,nan,nan,nan,nan,nan,nan,nan,nan,nan,nan,nan,nan,nan,nan,nan,nan,nan,1.916771907417569309e-06,0.000000000000000000e+00,nan,nan,nan,nan,nan,nan,nan,nan,0.000000000000000000e+00,2.495371745681040920e-06,0.000000000000000000e+00,0.000000000000000000e+00,nan,nan,nan,nan,nan,nan,nan,0.000000000000000000e+00,8.125504677991557401e-07,0.000000000000000000e+00,0.000000000000000000e+00,0.000000000000000000e+00,nan,nan,nan,nan,nan,0.000000000000000000e+00,1.739286972224363126e-06,8.786138891991868149e-07,9.844000032899202779e-07,7.144615778997831512e-07,8.023695841075095814e-08,1.192687619777643704e-07,0.000000000000000000e+00,1.202402586386597250e-06,8.752857638683053665e-07,7.649096573913993780e-07,3.705821143284993013e-07,1.670206728476841818e-07,5.656392545461130794e-07,nan,1.131451881519751623e-06,8.931472734730050433e-07,6.457442509599786717e-07,1.266881923811524757e-07,5.172258852326194756e-07,3.072680385685089277e-07,5.461664045469660778e-07,3.273377160439849831e-07,2.860059282738802722e-07,0.000000000000000000e+00,1.582559150392626179e-07,1.702750438425937318e-07,4.385761087632999988e-07,0.000000000000000000e+00,3.072974443435668945e+00,2.913275807259196881e-07,2.604107862680393737e-07,2.561080805207893718e-07,3.588688135147094727e+00,7.835412816348252818e-07,2.813628157127823215e-07,3.089545011520385742e+00,3.941106001548178028e-07,1.937931273232607055e-07,2.907559633058554027e-07,1.748753533092894941e-07,1.439357504295912804e-07,1.535028246735237190e-07,3.706971369865641464e-07,0.000000000000000000e+00,6.576819373549369629e-07,2.857204037809424335e-07,7.856498882574669551e-07,6.737983540006098337e-07,4.470757630770094693e-07,2.892892894124088343e-07,1.430484672937382129e-07,4.587394641930586658e-07,3.121276108686288353e-07,9.160121408058330417e-07,2.464179260641685687e-07,4.368313568647863576e-07,1.926680113228940172e-07,5.069701956017524935e-07,1.874244475175146363e-07,6.368809977175260428e-07,3.340163630127790384e-07,3.911564849801152377e-09,3.228680611755407881e-07,7.571675837425573263e-07,2.453449496897519566e-07,0.000000000000000000e+00,1.469895067884863238e-07,1.796418445110248285e-07,1.410151995173691830e-08,5.058549277237034403e-07,2.384185791015625000e-07,1.915573193400632590e-07,2.384185791015625000e-07,4.996354050490481313e-07,7.915541529655456543e-02,5.987744405865669250e-02,2.267003059387207031e-03,1.307243337578256615e-06,1.578685271397262113e-07,3.558556613825203385e-07,1.524327103652467486e-06,5.656668733422520745e-08,2.392200428857904626e-07,0.000000000000000000e+00,nan,1.297376343245559838e-06,0.000000000000000000e+00,0.000000000000000000e+00,1.466438135366843198e-07,7.546991582785267383e-07,8.190981759526039241e-08,nan,5.127877784616430290e-07,nan,0.000000000000000000e+00,6.627178095186536666e-08,8.949693892645882443e-07,0.000000000000000000e+00,1.620827561055193655e-08,0.000000000000000000e+00,nan,1.472039912187028676e-07,nan,nan,nan,nan,nan,nan,0.000000000000000000e+00,1.212536517414264381e-06,5.960464477539062500e-08,0.000000000000000000e+00,0.000000000000000000e+00,nan,nan,nan,nan,nan,0.000000000000000000e+00,1.010799407958984375e-01,5.668359342962503433e-03,0.000000000000000000e+00,nan,0.000000000000000000e+00,nan,nan,nan,nan,nan,nan,nan,nan,nan,nan,nan,nan,nan,nan,nan,nan,nan,nan,nan,nan,nan,nan,nan,nan,nan,nan,nan,nan,nan,0.000000000000000000e+00,nan,nan,nan,nan,nan,nan,nan,nan,nan,nan
nan,nan,nan,nan,nan,nan,nan,nan,nan,nan,nan,nan,nan,nan,nan,nan,nan,nan,0.000000000000000000e+00,2.384185791015625000e-07,0.000000000000000000e+00,nan,nan,nan,nan,nan,nan,nan,nan,nan,0.000000000000000000e+00,nan,1.354814145315685892e-07,nan,nan,nan,nan,nan,nan,nan,nan,nan,1.517642886028625071e-06,nan,7.390992209366231691e-07,0.000000000000000000e+00,nan,nan,nan,0.000000000000000000e+00,0.000000000000000000e+00,0.000000000000000000e+00,0.000000000000000000e+00,2.934561678102909354e-07,2.098093290214819717e-07,6.330684527711127885e-07,4.294284394745773170e-07,1.672286913390053087e-07,2.085984789346184698e-07,nan,nan,4.690592732004006393e-07,5.321610387909458950e-07,1.923740740039647790e-07,4.256368413280142704e-07,9.628856787458062172e-07,9.907400908559793606e-07,3.826049237432016525e-07,6.425940455301315524e-07,2.886606580432271585e-07,2.244800185735584819e-07,4.981199595022189897e-07,6.123208891040121671e-07,4.299724025713658193e-07,3.433248707551683765e-07,3.565926363080507144e-07,1.982025139568577288e-07,3.064004090447269846e-07,4.378356379675096832e-07,2.662776231765747070e+00,4.995180802325194236e-07,4.433285880622861441e-07,5.632084594253683463e-07,3.609922647476196289e+00,3.411984205245971680e+00,3.216564416885375977e+00,3.106213569641113281e+00,4.023995359148102580e-07,2.408351065241731703e-07,3.679969893255474744e-07,4.553885162295046030e-07,9.543717851556721143e-07,2.631094844218750950e-07,1.866799834715493489e-07,5.950407171440019738e-07,3.403723667361191474e-07,8.959376600614632480e-07,2.407466297427163227e-07,4.515737543897557771e-07,5.379428102969541214e-07,1.640147075931963627e-07,1.065768969965574797e-06,4.018721995180385420e-07,3.104147481280961074e-07,2.146583284456937690e-07,1.142124546049672063e-07,6.130964607109490316e-07,7.626933324900164735e-07,1.681202803638370824e-07,2.032926289530223585e-07,2.244164392095626681e-07,5.039587449573446065e-07,1.229248169920538203e-07,8.291644917335361242e-07,1.763603307836092426e-07,4.085150919763691491e-07,1.289184069719340187e-06,3.084695663346792571e-07,2.530584026771975914e-07,8.530484763014101190e-08,5.670840863558623823e-08,4.938796038800319366e-09,1.890835363838050398e-07,4.163635765053186333e-07,0.000000000000000000e+00,4.067818224484653911e-07,8.258681744337081909e-03,1.474704244174063206e-03,1.751770071223290870e-07,4.433197773323627189e-07,4.925224743601575028e-07,2.792593249978381209e-07,8.501116894876759034e-07,2.724414471799718740e-08,0.000000000000000000e+00,1.124479808822798077e-06,0.000000000000000000e+00,3.392199516838445561e-07,7.942586677245344617e-08,3.317879873065976426e-07,5.088432999400538392e-07,1.709571847641200293e-06,4.855295188121999672e-08,nan,9.826081850405898876e-07,0.000000000000000000e+00,0.000000000000000000e+00,1.253398636436031666e-06,1.815888452938452247e-07,0.000000000000000000e+00,nan,nan,nan,nan,nan,nan,nan,nan,nan,0.000000000000000000e+00,4.625634630883723730e-08,0.000000000000000000e+00,nan,nan,nan,nan,nan,nan,nan,nan,6.637008488178253174e-02,nan,1.188115561490121763e-07,0.000000000000000000e+00,1.192092895507812500e-07,nan,nan,nan,nan,nan,nan,nan,nan,nan,nan,nan,nan,nan,nan,nan,nan,nan,nan,nan,nan,nan,nan,nan,nan,nan,nan,nan,nan,nan,0.000000000000000000e+00,nan,nan,nan,nan,nan,nan,nan,nan,nan,nan
nan,nan,nan,nan,nan,nan,nan,nan,nan,nan,nan,nan,nan,nan,nan,nan,nan,nan,nan,9.841472774496651255e-07,0.000000000000000000e+00,0.000000000000000000e+00,nan,nan,nan,nan,nan,nan,nan,nan,1.651422280701808631e-06,4.962892603543878067e-07,nan,1.087170403479831293e-06,nan,nan,nan,nan,nan,nan,nan,0.000000000000000000e+00,1.316081352342735045e-06,0.000000000000000000e+00,4.191706182155030547e-07,0.000000000000000000e+00,0.000000000000000000e+00,nan,nan,nan,0.000000000000000000e+00,0.000000000000000000e+00,nan,0.000000000000000000e+00,6.933477720849623438e-07,8.632136427877412643e-07,1.613258007182594156e-07,8.956604915510979481e-07,0.000000000000000000e+00,0.000000000000000000e+00,0.000000000000000000e+00,0.000000000000000000e+00,7.043120717753481586e-07,6.750282750545011368e-07,4.858306965616066009e-07,5.170064127923978958e-07,7.215873409904816072e-08,1.002214702339188079e-07,1.764792756375754834e-07,7.203733503047260456e-07,1.056491498729883460e-07,3.830704713436716702e-07,0.000000000000000000e+00,3.461819915173691697e-07,1.584865287895809161e-07,4.884311124442319851e-07,1.877656643500813516e-07,2.103611507209279807e-07,4.436458027612388832e-07,2.649731874465942383e+00,1.149792367982627184e-07,0.000000000000000000e+00,0.000000000000000000e+00,1.595733910799026489e-01,3.359757661819458008e+00,3.212943553924560547e+00,4.488329291343688965e-01,3.680488305235485313e-07,5.896753236811491661e-07,6.439592539209115785e-07,3.387415006272931350e-07,3.045316248062590603e-07,5.042775796937348787e-07,7.408527125107866595e-08,1.419860495843749959e-07,2.489449570930446498e-07,1.669925495662027970e-07,2.110714802938673529e-07,7.508146495638357010e-07,6.995260832809435669e-07,1.163136289505928289e-06,7.940350315038813278e-07,6.932327210051880684e-07,2.256502966702100821e-07,4.623763345534825930e-07,7.909083876711520134e-08,2.855725540484854719e-07,0.000000000000000000e+00,8.615812134848965798e-07,6.439404955926875118e-07,4.306201617509941570e-07,6.551708224833419081e-07,6.818618771831097547e-07,1.526832704712433042e-07,8.598706813245371450e-07,1.004618326305717346e-07,0.000000000000000000e+00,8.825264217193762306e-07,3.783058559747587424e-07,8.031606171243765857e-07,0.000000000000000000e+00,6.018532303642132320e-07,0.000000000000000000e+00,9.251737083104671910e-07,2.038065076703787781e-07,2.276150894431339111e-07,1.337582148153160233e-06,2.373786084353923798e-02,3.082454903051257133e-03,2.503784060081670759e-07,1.379470518259040546e-06,3.979330074344034074e-07,8.659735328819806455e-08,0.000000000000000000e+00,0.000000000000000000e+00,0.000000000000000000e+00,0.000000000000000000e+00,1.447544093480246374e-07,3.926739466919570987e-08,2.586941434401524020e-07,0.000000000000000000e+00,1.139495111601718236e-06,3.611604370234999806e-06,0.000000000000000000e+00,nan,0.000000000000000000e+00,1.178888169306446798e-06,2.648156396389822476e-07,0.000000000000000000e+00,0.000000000000000000e+00,nan,nan,nan,nan,nan,nan,nan,0.000000000000000000e+00,0.000000000000000000e+00,0.000000000000000000e+00,0.000000000000000000e+00,0.000000000000000000e+00,0.000000000000000000e+00,nan,nan,nan,nan,nan,nan,6.240153685212135315e-02,0.000000000000000000e+00,nan,0.000000000000000000e+00,8.479055395582690835e-07,0.000000000000000000e+00,nan,nan,nan,nan,nan,nan,nan,nan,nan,nan,nan,nan,nan,nan,nan,nan,nan,nan,nan,nan,nan,nan,nan,nan,nan,nan,nan,nan,0.000000000000000000e+00,2.384185791015625000e-07,nan,nan,nan,nan,nan,nan,nan,nan,nan,nan
nan,nan,nan,nan,nan,nan,nan,nan,nan,nan,nan,nan,nan,nan,nan,nan,nan,nan,0.000000000000000000e+00,nan,0.000000000000000000e+00,0.000000000000000000e+00,nan,nan,nan,nan,nan,nan,nan,nan,nan,0.000000000000000000e+00,7.767237093503354117e-07,nan,nan,nan,nan,nan,nan,nan,nan,nan,nan,1.114939323088037781e-06,2.557156335569743533e-07,0.000000000000000000e+00,0.000000000000000000e+00,nan,8.244573024285273277e-09,1.228309997713949997e-06,nan,4.491403160500340164e-08,0.000000000000000000e+00,0.000000000000000000e+00,nan,5.957822395430412143e-07,3.690765879582613707e-07,2.457068717376387212e-07,7.057639805907456321e-08,1.211418663160657161e-07,9.615836233933805488e-07,8.150082635438593570e-07,0.000000000000000000e+00,1.187477778330503497e-06,0.000000000000000000e+00,2.537112777645234019e-07,2.545783388541167369e-07,2.922508315350569319e-07,1.073525595529645216e-06,4.270086151336727198e-07,5.867075287824263796e-07,4.424470034791738726e-07,4.477994366425264161e-07,4.728597389203059720e-07,1.750690756807671278e-07,4.579630115131294588e-07,2.504474707620829577e-07,nan,3.682820874928438570e-07,2.682129144668579102e+00,3.588708352708636085e-07,3.802428523158596363e-07,3.641381740570068359e+00,3.581915140151977539e+00,3.323727846145629883e+00,3.245408058166503906e+00,3.123701333999633789e+00,5.440264772005320992e-07,7.619013331350288354e-07,2.062562884930230211e-07,1.252147114882973256e-07,3.067595741867990000e-07,2.111131891524564708e-07,4.113292106922017410e-08,2.008640223039037664e-07,8.720332971279276535e-07,2.178830129651032621e-07,7.246302402563742362e-07,8.427799684795900248e-07,3.233354561871237820e-07,2.106842771354422439e-07,6.868942250548570883e-07,3.056165951420553029e-07,4.005707694432203425e-07,1.192092895507812500e-07,3.600139564241544576e-07,9.167850407720834482e-07,4.827871293855423573e-07,9.155127145277219824e-07,2.355025969791313400e-07,5.528407882593455724e-07,1.779422831305055297e-07,3.724777855040883878e-07,5.309234438755083829e-07,2.020242391154170036e-07,1.080368747352622449e-06,4.505672279719874496e-07,2.890001269406639040e-07,7.727026627435407136e-07,1.614555031892450643e-07,1.135311777034075931e-06,4.821264383281231858e-07,1.767056005519407336e-06,3.362452716260122543e-08,2.384185791015625000e-07,1.590034059972822433e-07,0.000000000000000000e+00,4.945104569196701050e-02,4.625328350812196732e-03,6.541184266097843647e-04,1.272393745921363006e-07,1.274197643397201318e-06,9.413286150561361865e-09,3.425494412567786640e-07,nan,0.000000000000000000e+00,3.747517496321961517e-08,3.129451613403944066e-07,0.000000000000000000e+00,0.000000000000000000e+00,4.315487558415043168e-07,nan,0.000000000000000000e+00,0.000000000000000000e+00,1.691323916475084843e-07,0.000000000000000000e+00,9.791668276193377096e-08,0.000000000000000000e+00,0.000000000000000000e+00,nan,nan,nan,nan,nan,nan,nan,0.000000000000000000e+00,8.827351507534331176e-07,1.117822492346931540e-07,8.682682732796820346e-07,0.000000000000000000e+00,nan,nan,nan,nan,nan,nan,nan,nan,0.000000000000000000e+00,2.926125830526871141e-07,0.000000000000000000e+00,0.000000000000000000e+00,0.000000000000000000e+00,nan,nan,nan,nan,nan,nan,nan,nan,nan,nan,nan,nan,nan,nan,nan,nan,nan,nan,nan,nan,nan,nan,nan,nan,nan,nan,nan,nan,0.000000000000000000e+00,0.000000000000000000e+00,0.000000000000000000e+00,nan,nan,nan,nan,nan,nan,nan,nan,nan,nan
nan,nan,nan,nan,nan,nan,nan,nan,nan,nan,nan,nan,nan,nan,nan,nan,nan,nan,nan,0.000000000000000000e+00,0.000000000000000000e+00,nan,nan,nan,nan,nan,nan,nan,nan,nan,nan,2.646959558205708163e-07,2.884712785089504905e-06,0.000000000000000000e+00,nan,nan,nan,nan,nan,nan,nan,nan,nan,nan,6.665317755505384412e-07,0.000000000000000000e+00,nan,0.000000000000000000e+00,1.606565433576179203e-06,9.466207373520774127e-09,5.652691470459103584e-07,0.000000000000000000e+00,1.047608506610231416e-07,1.302728151131304912e-06,6.047164902156509925e-07,nan,8.429461786363390274e-07,4.985058694728650153e-07,9.474223929828440305e-07,0.000000000000000000e+00,0.000000000000000000e+00,7.267956902978767175e-07,0.000000000000000000e+00,6.811754929003654979e-07,9.452334666093520354e-07,0.000000000000000000e+00,nan,6.245208510335942265e-07,8.993640676635550335e-07,4.473853039144159993e-07,5.409107188825146295e-07,7.118935627659084275e-07,9.139376970779267140e-07,4.305086065414798213e-07,2.920064900990837486e-07,3.744730747712310404e-07,0.000000000000000000e+00,5.746979236602783203e+00,5.899003505706787109e+00,5.807322978973388672e+00,3.803994417190551758e+00,6.248051524162292480e-01,4.196942329406738281e+00,4.497416496276855469e+00,4.154079437255859375e+00,4.576133728027343750e+00,4.997602462768554688e+00,5.247547149658203125e+00,5.438904285430908203e+00,3.062248197238659486e-07,8.471048573710504570e-08,5.046083515480859205e-07,1.653346686225631856e-07,3.111143485057255020e-07,3.686171510253188899e-07,1.156474013441766147e-06,2.340199785066943150e-07,1.882630016325492761e-07,3.454302373029349837e-07,1.179673887463650317e-07,7.389733980289747706e-08,2.475640314969496103e-07,8.639584336833650013e-08,2.866995600925292820e-07,2.321833185851573944e-02,2.321800217032432556e-02,1.973579823970794678e-02,1.192092895507812500e-07,1.381345811068968032e-07,1.157939095719484612e-06,1.036752337313373573e-06,5.185499958315631375e-07,1.127987516724715533e-07,1.719143654099752894e-07,7.001662538641539868e-08,9.240473508834838867e-01,1.031162738800048828e+00,1.876245505627593957e-07,2.384185791015625000e-07,5.172555006538459565e-07,2.435353962937369943e-07,1.520487984407736803e-07,0.000000000000000000e+00,2.663925435797409591e-08,1.907348661234209430e-07,9.304920922659221105e-07,1.194482820210396312e-06,1.069713633228275285e-07,1.466561555862426758e-01,0.000000000000000000e+00,0.000000000000000000e+00,1.014783350683501340e-07,4.427199371548340423e-07,0.000000000000000000e+00,0.000000000000000000e+00,6.904588190081994981e-07,2.038293729356155382e-07,8.518404825963443727e-08,0.000000000000000000e+00,5.866040737600997090e-07,nan,2.730516143856220879e-06,0.000000000000000000e+00,1.368193380812954274e-07,1.305540280327477376e-07,0.000000000000000000e+00,1.457339863009110559e-06,0.000000000000000000e+00,1.963427848750143312e-06,1.763950194799690507e-06,6.606890678995114285e-08,nan,nan,nan,nan,nan,2.214290901747517637e-07,9.705033789941808209e-07,0.000000000000000000e+00,0.000000000000000000e+00,nan,nan,nan,nan,nan,nan,nan,nan,2.054735273122787476e-02,5.129393562674522400e-02,0.000000000000000000e+00,nan,1.192092895507812500e-07,0.000000000000000000e+00,nan,nan,nan,nan,nan,nan,nan,nan,nan,nan,nan,nan,nan,nan,nan,nan,nan,nan,nan,nan,nan,nan,nan,nan,nan,nan,nan,nan,nan,0.000000000000000000e+00,nan,nan,nan,nan,nan,nan,nan,nan,nan,nan,nan
nan,nan,nan,nan,nan,nan,nan,nan,nan,nan,nan,nan,nan,nan,nan,nan,nan,nan,nan,0.000000000000000000e+00,0.000000000000000000e+00,nan,0.000000000000000000e+00,nan,nan,nan,nan,nan,nan,nan,nan,nan,4.589629725160193630e-07,8.147047481088520726e-08,nan,0.000000000000000000e+00,nan,nan,nan,nan,nan,nan,nan,0.000000000000000000e+00,0.000000000000000000e+00,7.259190581976326939e-09,nan,1.148923956861835904e-06,0.000000000000000000e+00,4.990865249965281691e-07,0.000000000000000000e+00,5.919596333114895970e-07,9.979804360682464903e-08,0.000000000000000000e+00,nan,4.879299808635551017e-07,0.000000000000000000e+00,6.532761096954345703e+00,6.912808895111083984e+00,7.477984428405761719e+00,7.355534553527832031e+00,6.962828159332275391e+00,6.731461524963378906e+00,7.184158802032470703e+00,6.710626125335693359e+00,6.080320835113525391e+00,6.649243831634521484e+00,6.183530330657958984e+00,6.050054073333740234e+00,6.178825855255126953e+00,6.898307800292968750e+00,5.974306583404541016e+00,5.839471817016601562e+00,6.054428577423095703e+00,6.699412822723388672e+00,6.486948966979980469e+00,5.985836029052734375e+00,4.694111824035644531e+00,6.365612894296646118e-02,5.443294048309326172e+00,5.416245937347412109e+00,5.473480701446533203e+00,6.177498817443847656e+00,2.484870672225952148e+00,5.533803939819335938e+00,5.670493125915527344e+00,4.341698169708251953e+00,4.579594135284423828e+00,4.856117248535156250e+00,5.702980995178222656e+00,5.656693935394287109e+00,5.426701545715332031e+00,5.154120922088623047e+00,4.606262207031250000e+00,4.724054336547851562e+00,5.124905109405517578e+00,4.799794197082519531e+00,4.977702140808105469e+00,4.805311679840087891e+00,4.939889430999755859e+00,5.156251430511474609e+00,4.866983413696289062e+00,4.889817237854003906e+00,4.992677688598632812e+00,4.995761871337890625e+00,5.713104724884033203e+00,5.008101940155029297e+00,5.145370483398437500e+00,5.182364940643310547e+00,5.457226753234863281e+00,5.852224349975585938e+00,5.575020790100097656e+00,5.261819362640380859e+00,5.485428810119628906e+00,5.929296016693115234e+00,6.035713195800781250e+00,5.662869453430175781e+00,5.860015392303466797e+00,3.574510812759399414e+00,0.000000000000000000e+00,1.907348661234209430e-07,0.000000000000000000e+00,nan,4.535040432074310957e-07,nan,1.546209318803448696e-06,1.636246480529734981e-07,2.318104463938652771e-08,0.000000000000000000e+00,0.000000000000000000e+00,nan,2.424283991331321886e-07,nan,6.235061960069288034e-07,2.138905017545766896e-07,2.216451093772775494e-07,1.048487661137187388e-07,0.000000000000000000e+00,3.379337556452810531e-07,0.000000000000000000e+00,0.000000000000000000e+00,nan,0.000000000000000000e+00,0.000000000000000000e+00,6.508832228746541659e-08,7.816779543645679951e-07,3.868805720230739098e-08,nan,nan,nan,nan,nan,nan,nan,nan,nan,7.757788011986122001e-07,6.367140770180412801e-08,0.000000000000000000e+00,0.000000000000000000e+00,nan,nan,nan,nan,nan,nan,nan,0.000000000000000000e+00,3.532842174172401428e-02,0.000000000000000000e+00,6.975418642696240568e-08,0.000000000000000000e+00,0.000000000000000000e+00,nan,nan,nan,nan,nan,nan,nan,nan,nan,nan,nan,nan,nan,nan,nan,nan,nan,nan,nan,nan,nan,nan,nan,nan,nan,nan,nan,nan,nan,nan,1.192092895507812500e-07,nan,nan,nan,nan,nan,nan,nan,nan,nan,nan,nan
nan,nan,nan,nan,nan,nan,nan,nan,nan,nan,nan,nan,nan,nan,nan,nan,nan,nan,nan,nan,0.000000000000000000e+00,1.905350018205353990e-06,0.000000000000000000e+00,nan,nan,nan,nan,nan,nan,nan,nan,nan,nan,1.518807692946211318e-07,0.000000000000000000e+00,0.000000000000000000e+00,nan,nan,nan,nan,nan,nan,nan,nan,nan,nan,0.000000000000000000e+00,nan,nan,9.367863071929605212e-07,6.819135478508542292e-07,1.059258579516608734e-06,3.222164934868487762e-07,0.000000000000000000e+00,1.057750182553718332e-06,nan,0.000000000000000000e+00,nan,nan,3.936638355255126953e+00,3.996010065078735352e+00,3.186796188354492188e+00,nan,nan,5.315234184265136719e+00,5.216424465179443359e+00,1.740810632705688477e+00,nan,nan,5.427063941955566406e+00,5.481821537017822266e+00,3.406557321548461914e+00,nan,nan,4.931649684906005859e+00,4.191462039947509766e+00,3.374358654022216797e+00,nan,nan,nan,nan,5.123034954071044922e+00,5.025080204010009766e+00,4.916147708892822266e+00,2.053118467330932617e+00,nan,nan,nan,nan,3.969350814819335938e+00,4.003468990325927734e+00,3.337985754013061523e+00,nan,nan,3.552180528640747070e+00,3.629081249237060547e+00,3.505707025527954102e+00,nan,nan,2.478787183761596680e+00,2.538410663604736328e+00,8.676298260688781738e-01,nan,nan,4.253164768218994141e+00,4.574394702911376953e+00,4.733937740325927734e+00,nan,nan,2.807975292205810547e+00,2.894924163818359375e+00,2.636204957962036133e+00,nan,nan,3.701777696609497070e+00,3.993422031402587891e+00,3.695500373840332031e+00,nan,0.000000000000000000e+00,3.538723376550478861e-07,0.000000000000000000e+00,0.000000000000000000e+00,0.000000000000000000e+00,0.000000000000000000e+00,9.992007790060597472e-07,1.635872024507989408e-07,9.094620168070832733e-07,1.181586206655538263e-08,9.471108342040679418e-08,2.447492164492359734e-08,nan,5.788381258753361180e-07,9.738845818674235488e-08,2.423066405299323378e-07,7.603700424851922435e-08,2.897824344927357743e-07,nan,1.065009840317543421e-07,5.610277753476111684e-07,0.000000000000000000e+00,0.000000000000000000e+00,0.000000000000000000e+00,0.000000000000000000e+00,1.937186908662624774e-07,0.000000000000000000e+00,0.000000000000000000e+00,1.557963855702837463e-06,0.000000000000000000e+00,nan,nan,nan,nan,nan,nan,nan,nan,1.096759774554811884e-06,0.000000000000000000e+00,0.000000000000000000e+00,nan,nan,nan,nan,nan,nan,nan,nan,0.000000000000000000e+00,0.000000000000000000e+00,8.300076501654984895e-07,nan,1.907348661234209430e-07,0.000000000000000000e+00,nan,nan,nan,nan,nan,nan,nan,nan,nan,nan,nan,nan,nan,nan,nan,nan,nan,nan,nan,nan,nan,nan,nan,nan,nan,nan,nan,nan,nan,0.000000000000000000e+00,0.000000000000000000e+00,nan,nan,nan,nan,nan,nan,nan,nan,nan,nan,nan
nan,nan,nan,nan,nan,nan,nan,nan,nan,nan,nan,nan,nan,nan,nan,nan,nan,nan,nan,nan,0.000000000000000000e+00,0.000000000000000000e+00,nan,nan,nan,nan,nan,nan,nan,nan,nan,nan,nan,0.000000000000000000e+00,6.235979412849701475e-07,0.000000000000000000e+00,1.073535372597689275e-06,nan,nan,nan,nan,nan,nan,nan,2.390901803970336914e+00,2.605158567428588867e+00,2.101563692092895508e+00,6.739407539367675781e+00,1.260666489601135254e+00,1.616286516189575195e+00,5.905971527099609375e+00,nan,1.372124302179145161e-06,2.544220762956683757e-07,0.000000000000000000e+00,0.000000000000000000e+00,nan,nan,nan,nan,nan,nan,nan,nan,nan,nan,nan,nan,nan,nan,nan,nan,nan,nan,nan,nan,nan,nan,nan,nan,nan,nan,nan,nan,nan,nan,nan,nan,nan,nan,nan,nan,nan,nan,nan,nan,nan,nan,nan,nan,nan,nan,nan,nan,nan,nan,nan,nan,nan,nan,nan,nan,nan,nan,nan,nan,nan,nan,0.000000000000000000e+00,0.000000000000000000e+00,7.276472757666851976e-08,7.201813332358142361e-07,2.780275281111244112e-07,8.695938049640972167e-07,1.212791516991273966e-06,0.000000000000000000e+00,2.446130622502096230e-07,3.442468354819538945e-08,7.410670832541654818e-07,4.902820549546049733e-08,1.938789064297452569e-04,2.745460392361565027e-07,4.673901798923907336e-08,7.735057749869156396e-08,0.000000000000000000e+00,0.000000000000000000e+00,6.366738602991972584e-07,nan,nan,nan,0.000000000000000000e+00,1.676269221206894144e-07,7.303614779630152043e-07,2.758895334409317002e-09,1.425405798727297224e-06,nan,nan,nan,nan,nan,nan,nan,nan,nan,nan,0.000000000000000000e+00,2.642133267727331258e-07,0.000000000000000000e+00,nan,nan,nan,nan,nan,nan,nan,nan,nan,0.000000000000000000e+00,7.325148582458496094e-02,0.000000000000000000e+00,0.000000000000000000e+00,2.384185791015625000e-07,nan,nan,nan,nan,nan,nan,nan,nan,nan,nan,nan,nan,nan,nan,nan,nan,nan,nan,nan,nan,nan,nan,nan,nan,nan,nan,nan,nan,nan,nan,0.000000000000000000e+00,nan,nan,nan,nan,nan,nan,nan,nan,nan,nan,nan,nan
nan,nan,nan,nan,nan,nan,nan,nan,nan,nan,nan,nan,nan,nan,nan,nan,nan,nan,nan,nan,nan,2.384185791015625000e-07,nan,0.000000000000000000e+00,nan,nan,nan,nan,nan,nan,nan,nan,nan,nan,1.750211936268897261e-06,0.000000000000000000e+00,0.000000000000000000e+00,2.355087872274452820e-06,0.000000000000000000e+00,nan,nan,nan,nan,nan,nan,nan,nan,nan,6.014024620526470244e-07,nan,nan,1.091595507318743330e-07,1.152787035607616417e-06,3.683730653847305803e-08,0.000000000000000000e+00,nan,nan,nan,nan,nan,nan,nan,nan,nan,nan,nan,nan,nan,nan,nan,nan,nan,nan,nan,nan,nan,nan,nan,nan,nan,nan,nan,nan,nan,nan,nan,nan,nan,nan,nan,nan,nan,nan,nan,nan,nan,nan,nan,nan,nan,nan,nan,nan,nan,nan,nan,nan,nan,nan,nan,nan,nan,nan,nan,nan,nan,nan,nan,0.000000000000000000e+00,nan,2.271238344064840931e-07,8.516634153465929558e-08,2.566304146967013367e-07,1.386101416755991522e-06,2.384185791015625000e-07,5.059205676616329583e-08,9.841323311832184118e-09,0.000000000000000000e+00,nan,1.458910787732747849e-07,2.636194229125976562e-03,0.000000000000000000e+00,1.424580204911762848e-07,0.000000000000000000e+00,0.000000000000000000e+00,nan,0.000000000000000000e+00,2.330939992134517524e-07,0.000000000000000000e+00,5.478856337504112162e-07,3.498713141425469075e-08,4.010044563074188773e-08,1.197984374812222086e-06,0.000000000000000000e+00,0.000000000000000000e+00,nan,nan,nan,nan,nan,nan,nan,nan,nan,0.000000000000000000e+00,9.895705943563370965e-07,0.000000000000000000e+00,nan,nan,nan,nan,nan,nan,nan,nan,nan,nan,nan,7.113217562437057495e-02,nan,7.947286206899661920e-08,8.581163228882360272e-07,nan,nan,nan,nan,nan,nan,nan,nan,nan,nan,nan,nan,nan,nan,nan,nan,nan,nan,nan,nan,nan,nan,nan,nan,nan,nan,nan,nan,nan,nan,7.947286206899661920e-08,nan,nan,nan,nan,nan,nan,nan,nan,nan,nan,nan,nan
nan,nan,nan,nan,nan,nan,nan,nan,nan,nan,nan,nan,nan,nan,nan,nan,nan,nan,nan,nan,nan,6.020461569278268144e-07,0.000000000000000000e+00,0.000000000000000000e+00,0.000000000000000000e+00,nan,nan,nan,nan,nan,nan,nan,nan,nan,nan,0.000000000000000000e+00,8.280551355710485950e-07,nan,nan,nan,nan,nan,nan,nan,nan,nan,nan,7.892517714935820550e-07,0.000000000000000000e+00,nan,nan,nan,nan,0.000000000000000000e+00,nan,nan,nan,nan,nan,nan,nan,nan,nan,nan,nan,nan,nan,nan,nan,nan,nan,nan,nan,nan,nan,nan,nan,nan,nan,nan,nan,nan,nan,nan,nan,nan,nan,nan,nan,nan,nan,nan,nan,nan,nan,nan,nan,nan,nan,nan,nan,nan,nan,nan,nan,nan,nan,nan,nan,nan,nan,nan,nan,nan,nan,nan,nan,nan,2.384185791015625000e-07,2.397259279973695811e-09,1.339948170198113075e-07,8.800074624559783842e-07,7.458437067953127553e-08,0.000000000000000000e+00,0.000000000000000000e+00,0.000000000000000000e+00,nan,6.450977707572747022e-07,2.326289774146061973e-07,0.000000000000000000e+00,nan,nan,nan,6.489977408818958793e-07,nan,nan,8.437750125267484691e-07,0.000000000000000000e+00,nan,0.000000000000000000e+00,0.000000000000000000e+00,2.883748351223403006e-08,0.000000000000000000e+00,7.630476943631947506e-07,0.000000000000000000e+00,nan,nan,nan,nan,nan,nan,nan,nan,0.000000000000000000e+00,2.616987728742969921e-07,0.000000000000000000e+00,0.000000000000000000e+00,0.000000000000000000e+00,nan,nan,nan,nan,nan,nan,nan,nan,nan,nan,1.676908694207668304e-02,0.000000000000000000e+00,1.192092895507812500e-07,nan,nan,nan,nan,nan,nan,nan,nan,nan,nan,nan,nan,nan,nan,nan,nan,nan,nan,nan,nan,nan,9.870442748069763184e-01,nan,nan,nan,nan,nan,nan,nan,0.000000000000000000e+00,0.000000000000000000e+00,0.000000000000000000e+00,nan,nan,nan,nan,nan,nan,nan,nan,nan,nan,nan,nan
nan,nan,nan,nan,nan,nan,1.023756489157676697e-01,nan,nan,nan,nan,nan,nan,nan,nan,nan,nan,nan,nan,nan,nan,nan,3.746473353771762049e-08,0.000000000000000000e+00,nan,nan,nan,nan,nan,nan,nan,nan,nan,nan,nan,nan,1.870522282843012363e-06,9.513359486845729407e-07,0.000000000000000000e+00,nan,nan,nan,nan,nan,nan,nan,nan,nan,nan,nan,nan,nan,nan,nan,nan,nan,nan,nan,nan,nan,nan,nan,nan,nan,nan,nan,nan,nan,nan,nan,nan,nan,nan,nan,nan,nan,nan,nan,nan,nan,nan,nan,nan,nan,nan,nan,nan,nan,nan,nan,nan,nan,nan,nan,nan,nan,nan,nan,nan,nan,nan,nan,nan,nan,nan,nan,nan,nan,nan,nan,nan,nan,nan,nan,nan,nan,nan,nan,nan,nan,nan,nan,0.000000000000000000e+00,1.450661216040316503e-06,4.024521729206753662e-07,0.000000000000000000e+00,8.600667342761880718e-07,0.000000000000000000e+00,nan,6.349997079269087408e-07,0.000000000000000000e+00,nan,3.594793440697685583e-07,nan,5.538420282391598448e-07,nan,2.956106754936627112e-07,9.346376828034408391e-07,1.992036935405394615e-08,2.442969275762152392e-07,7.244864264066563919e-08,7.566912358925037552e-07,nan,0.000000000000000000e+00,0.000000000000000000e+00,nan,nan,nan,nan,nan,1.271605810870823916e-06,nan,1.148225834413096891e-07,1.040060283230559435e-06,3.231403766790208465e-08,0.000000000000000000e+00,0.000000000000000000e+00,nan,nan,nan,nan,nan,nan,nan,nan,nan,0.000000000000000000e+00,nan,8.485236763954162598e-02,5.960464477539062500e-08,0.000000000000000000e+00,nan,nan,nan,nan,nan,nan,nan,9.992027655243873596e-03,3.521406173706054688e+00,0.000000000000000000e+00,0.000000000000000000e+00,nan,nan,nan,nan,0.000000000000000000e+00,0.000000000000000000e+00,nan,1.277249678969383240e-02,3.784724324941635132e-02,3.017020225524902344e-02,8.862860202789306641e-01,0.000000000000000000e+00,nan,nan,nan,nan,nan,nan,nan,0.000000000000000000e+00,nan,nan,nan,1.907348661234209430e-07,1.044120825827121735e-02,0.000000000000000000e+00,nan,nan,nan,nan,nan,nan,nan
nan,nan,nan,nan,nan,nan,nan,2.074600756168365479e-02,nan,nan,nan,nan,nan,nan,nan,nan,nan,nan,nan,nan,nan,nan,3.070977072638925165e-07,nan,nan,nan,nan,nan,nan,nan,nan,nan,nan,nan,nan,nan,nan,2.417216826700041565e-08,0.000000000000000000e+00,nan,nan,nan,nan,nan,nan,nan,nan,nan,nan,nan,nan,nan,nan,nan,nan,nan,nan,nan,nan,nan,nan,nan,nan,nan,nan,nan,nan,nan,nan,nan,nan,nan,nan,nan,nan,nan,nan,nan,nan,nan,nan,nan,nan,nan,nan,nan,nan,nan,nan,nan,nan,nan,nan,nan,nan,nan,nan,nan,nan,nan,nan,nan,nan,nan,nan,nan,nan,nan,nan,nan,nan,nan,nan,nan,nan,nan,nan,nan,nan,nan,nan,0.000000000000000000e+00,6.489394621667088359e-08,nan,0.000000000000000000e+00,0.000000000000000000e+00,1.715190762752172304e-07,nan,4.566044538023561472e-07,nan,0.000000000000000000e+00,nan,nan,0.000000000000000000e+00,nan,1.446848727937322110e-06,0.000000000000000000e+00,4.912247391075652558e-07,0.000000000000000000e+00,1.836489538220575923e-08,0.000000000000000000e+00,0.000000000000000000e+00,5.884344123074924937e-09,nan,nan,nan,nan,nan,nan,nan,nan,2.881166949464386562e-07,0.000000000000000000e+00,0.000000000000000000e+00,0.000000000000000000e+00,nan,nan,nan,nan,nan,nan,nan,nan,nan,nan,nan,nan,0.000000000000000000e+00,5.027559772133827209e-02,2.384185791015625000e-07,nan,nan,nan,nan,nan,nan,nan,nan,4.154656827449798584e-02,6.385662555694580078e+00,6.386306285858154297e+00,6.391647815704345703e+00,0.000000000000000000e+00,nan,nan,nan,nan,0.000000000000000000e+00,nan,3.617875847794493893e-07,6.131989002227783203e+00,5.697703838348388672e+00,4.821491241455078125e+00,5.290064334869384766e+00,0.000000000000000000e+00,nan,nan,nan,0.000000000000000000e+00,nan,6.887788295745849609e+00,0.000000000000000000e+00,6.387663364410400391e+00,5.229161739349365234e+00,5.895342826843261719e+00,2.214284420013427734e+00,nan,nan,nan,nan,nan,nan,nan,nan,nan
nan,nan,nan,nan,nan,nan,nan,0.000000000000000000e+00,nan,nan,nan,nan,nan,nan,nan,nan,nan,nan,nan,nan,nan,0.000000000000000000e+00,0.000000000000000000e+00,1.192092895507812500e-07,0.000000000000000000e+00,nan,nan,nan,nan,nan,nan,nan,nan,nan,nan,nan,nan,1.431734517609584145e-06,0.000000000000000000e+00,nan,nan,nan,nan,nan,nan,nan,nan,nan,nan,nan,nan,nan,nan,nan,nan,nan,nan,nan,nan,nan,nan,nan,nan,nan,nan,nan,nan,nan,nan,nan,nan,nan,nan,nan,nan,nan,nan,nan,nan,nan,nan,nan,nan,nan,nan,nan,nan,nan,nan,nan,nan,nan,nan,nan,nan,nan,nan,nan,nan,nan,nan,nan,nan,nan,nan,nan,nan,nan,nan,nan,nan,nan,nan,nan,nan,nan,nan,nan,nan,nan,nan,nan,nan,0.000000000000000000e+00,nan,2.931955975782329915e-07,nan,0.000000000000000000e+00,2.190893688691630814e-08,2.387329800512816291e-07,0.000000000000000000e+00,nan,0.000000000000000000e+00,0.000000000000000000e+00,5.037533696850005072e-07,3.971689750414952869e-07,1.918353547125661862e-07,1.777945044523221441e-07,3.908548862341376662e-08,0.000000000000000000e+00,1.087020677914551925e-06,nan,nan,nan,nan,nan,nan,nan,nan,0.000000000000000000e+00,0.000000000000000000e+00,nan,9.000624459076789208e-07,0.000000000000000000e+00,0.000000000000000000e+00,nan,nan,nan,nan,nan,nan,nan,nan,nan,nan,nan,nan,0.000000000000000000e+00,5.821659043431282043e-02,0.000000000000000000e+00,nan,nan,nan,nan,nan,nan,nan,nan,6.896929442882537842e-02,7.025372505187988281e+00,2.999125979840755463e-02,0.000000000000000000e+00,8.741304397583007812e+00,8.006734848022460938e+00,2.682905912399291992e+00,2.649962425231933594e+00,2.537087202072143555e+00,2.770099878311157227e+00,8.518796920776367188e+00,6.685897350311279297e+00,7.614656448364257812e+00,3.084614574909210205e-01,2.744022905826568604e-01,1.341476477682590485e-02,7.231159508228302002e-02,7.233608245849609375e+00,2.026527404785156250e+00,2.319890975952148438e+00,3.120825290679931641e+00,3.105799436569213867e+00,7.392077445983886719e+00,6.368720531463623047e+00,6.453929424285888672e+00,1.732157170772552490e-01,0.000000000000000000e+00,nan,2.860821187496185303e-01,0.000000000000000000e+00,nan,nan,nan,nan,nan,nan,nan
nan,nan,nan,nan,nan,4.840994179248809814e-01,0.000000000000000000e+00,nan,nan,nan,nan,nan,nan,nan,nan,nan,nan,nan,nan,nan,nan,nan,0.000000000000000000e+00,0.000000000000000000e+00,1.207301352224021684e-07,nan,nan,nan,nan,nan,nan,nan,nan,nan,nan,nan,nan,nan,nan,8.423545523328357376e-07,nan,nan,nan,nan,nan,nan,nan,nan,nan,nan,nan,nan,nan,nan,nan,nan,nan,nan,nan,nan,nan,nan,nan,nan,nan,nan,nan,nan,nan,nan,nan,nan,nan,nan,nan,nan,nan,nan,nan,nan,nan,nan,nan,nan,nan,nan,nan,nan,nan,nan,nan,nan,nan,nan,nan,nan,nan,nan,nan,nan,nan,nan,nan,nan,nan,nan,nan,nan,nan,nan,nan,nan,nan,nan,nan,nan,nan,nan,nan,nan,nan,nan,nan,0.000000000000000000e+00,0.000000000000000000e+00,0.000000000000000000e+00,1.430511531452793861e-07,3.602415290515637025e-07,1.516002896551071899e-07,1.155080326498136856e-06,0.000000000000000000e+00,nan,0.000000000000000000e+00,4.568882516764460888e-08,2.953283342321810778e-07,2.050733911573843216e-07,3.744271381833641499e-08,2.322300076684769010e-07,nan,nan,nan,nan,nan,nan,nan,nan,nan,nan,nan,nan,0.000000000000000000e+00,0.000000000000000000e+00,9.545440349256750778e-08,0.000000000000000000e+00,nan,nan,nan,nan,nan,nan,nan,nan,nan,nan,nan,nan,nan,0.000000000000000000e+00,4.010896012187004089e-02,nan,nan,nan,nan,nan,nan,nan,nan,nan,4.808473587036132812e-02,8.297196388244628906e+00,0.000000000000000000e+00,nan,nan,nan,nan,nan,0.000000000000000000e+00,5.848817154765129089e-02,4.624780178070068359e+00,0.000000000000000000e+00,nan,nan,nan,nan,nan,nan,nan,nan,2.764797210693359375e-02,nan,3.566348552703857422e+00,0.000000000000000000e+00,nan,nan,nan,nan,nan,nan,nan,nan,nan,nan,nan,nan,nan
nan,nan,nan,nan,nan,nan,nan,nan,nan,nan,nan,nan,nan,nan,nan,nan,nan,nan,nan,nan,nan,nan,0.000000000000000000e+00,0.000000000000000000e+00,0.000000000000000000e+00,nan,nan,nan,nan,nan,nan,nan,nan,nan,nan,nan,nan,nan,nan,0.000000000000000000e+00,0.000000000000000000e+00,8.579323775848024525e-07,nan,nan,nan,nan,nan,0.000000000000000000e+00,0.000000000000000000e+00,0.000000000000000000e+00,nan,nan,nan,nan,nan,nan,nan,nan,nan,nan,nan,nan,nan,nan,nan,nan,nan,nan,nan,nan,nan,nan,nan,nan,nan,nan,nan,nan,nan,nan,nan,nan,nan,nan,nan,nan,nan,nan,nan,nan,nan,nan,nan,nan,nan,nan,nan,nan,nan,nan,nan,nan,nan,nan,nan,nan,nan,nan,nan,nan,nan,nan,nan,nan,nan,nan,nan,nan,nan,nan,6.158194310046383180e-08,nan,3.814697322468418861e-07,1.552379984559593140e-07,1.339734723160290741e-07,2.497672824119945290e-07,1.029247087558360363e-08,2.561675570905208588e-02,0.000000000000000000e+00,0.000000000000000000e+00,nan,0.000000000000000000e+00,0.000000000000000000e+00,0.000000000000000000e+00,1.469931873998575611e-07,5.580957918027706910e-07,0.000000000000000000e+00,nan,0.000000000000000000e+00,nan,nan,nan,nan,nan,nan,nan,nan,1.043753741214459296e-06,0.000000000000000000e+00,2.470614788308012066e-07,0.000000000000000000e+00,0.000000000000000000e+00,nan,0.000000000000000000e+00,nan,nan,nan,nan,nan,nan,nan,nan,nan,nan,nan,nan,0.000000000000000000e+00,nan,3.753664344549179077e-02,nan,nan,nan,nan,nan,nan,nan,nan,nan,0.000000000000000000e+00,8.617248535156250000e+00,7.367269039154052734e+00,nan,nan,nan,nan,nan,nan,nan,4.666176319122314453e+00,0.000000000000000000e+00,nan,nan,nan,nan,nan,nan,nan,nan,nan,nan,1.205292344093322754e+00,nan,nan,nan,nan,nan,nan,nan,nan,nan,nan,nan,nan,nan,nan
nan,nan,nan,7.389858365058898926e-01,1.114953041076660156e+00,nan,nan,nan,nan,nan,nan,nan,nan,nan,nan,nan,nan,nan,nan,nan,4.794744086211721878e-07,nan,nan,nan,2.384185791015625000e-07,3.653463522823585663e-07,nan,nan,nan,nan,nan,nan,nan,nan,nan,nan,nan,nan,nan,nan,nan,1.865118406385590788e-06,4.273456397640984505e-07,nan,nan,nan,nan,nan,5.803287308481230866e-07,0.000000000000000000e+00,nan,nan,nan,nan,nan,nan,nan,nan,nan,nan,nan,nan,nan,nan,nan,nan,nan,nan,nan,nan,nan,nan,nan,nan,nan,nan,nan,nan,nan,nan,nan,nan,nan,nan,nan,nan,nan,nan,nan,nan,nan,nan,nan,nan,nan,nan,nan,nan,nan,nan,nan,nan,nan,nan,nan,nan,nan,nan,nan,nan,nan,nan,nan,nan,nan,nan,nan,nan,nan,0.000000000000000000e+00,2.035285895374272513e-08,1.202879218453745125e-07,1.768122359635526664e-07,0.000000000000000000e+00,0.000000000000000000e+00,0.000000000000000000e+00,0.000000000000000000e+00,2.337131351232528687e-01,4.933296680450439453e+00,0.000000000000000000e+00,nan,0.000000000000000000e+00,2.184467362553732528e-08,9.113080068345880136e-07,0.000000000000000000e+00,0.000000000000000000e+00,8.928579404710035305e-07,nan,nan,nan,nan,nan,nan,nan,nan,nan,nan,0.000000000000000000e+00,0.000000000000000000e+00,0.000000000000000000e+00,0.000000000000000000e+00,0.000000000000000000e+00,nan,nan,nan,nan,nan,nan,nan,nan,nan,nan,nan,nan,nan,nan,0.000000000000000000e+00,0.000000000000000000e+00,1.217695921659469604e-01,nan,nan,nan,nan,nan,nan,nan,nan,nan,8.750344276428222656e+00,4.256900787353515625e+00,6.779119491577148438e+00,nan,nan,nan,nan,nan,nan,nan,nan,nan,nan,nan,nan,nan,nan,nan,nan,nan,nan,nan,nan,nan,nan,nan,nan,nan,nan,nan,nan,nan,nan,nan,nan,nan,nan
nan,nan,nan,nan,1.065041303634643555e+00,9.503629207611083984e-01,nan,nan,nan,nan,nan,nan,nan,nan,nan,nan,nan,nan,nan,nan,nan,1.510762444922875147e-06,0.000000000000000000e+00,1.300351186728221364e-06,0.000000000000000000e+00,0.000000000000000000e+00,nan,nan,nan,nan,nan,nan,nan,nan,nan,nan,nan,nan,nan,nan,nan,nan,nan,nan,nan,nan,nan,7.936534984764875844e-07,3.964736450257078104e-08,0.000000000000000000e+00,nan,nan,nan,nan,nan,nan,nan,nan,nan,nan,nan,nan,nan,nan,nan,nan,nan,nan,nan,nan,nan,nan,nan,nan,nan,nan,nan,nan,nan,nan,nan,nan,nan,nan,nan,nan,nan,nan,nan,nan,nan,nan,nan,nan,nan,nan,nan,nan,nan,nan,nan,nan,nan,nan,nan,nan,nan,nan,nan,nan,nan,nan,nan,nan,nan,nan,nan,nan,0.000000000000000000e+00,7.947286206899661920e-08,0.000000000000000000e+00,0.000000000000000000e+00,nan,0.000000000000000000e+00,nan,nan,2.902977769281278597e-07,nan,nan,nan,nan,nan,nan,0.000000000000000000e+00,nan,nan,6.968612638047488872e-07,6.931281859579030424e-07,nan,nan,nan,nan,nan,nan,nan,0.000000000000000000e+00,nan,0.000000000000000000e+00,2.343775520330382278e-07,8.509156828040431719e-07,nan,nan,nan,nan,nan,nan,nan,nan,nan,nan,nan,nan,nan,nan,nan,nan,0.000000000000000000e+00,0.000000000000000000e+00,8.122896775603294373e-03,nan,nan,nan,nan,nan,nan,nan,nan,nan,0.000000000000000000e+00,8.757102012634277344e+00,5.924132347106933594e+00,0.000000000000000000e+00,nan,nan,nan,nan,nan,nan,nan,nan,nan,nan,nan,nan,nan,nan,nan,nan,nan,nan,nan,nan,nan,nan,nan,nan,nan,nan,nan,nan,nan,nan,nan,nan,nan
nan,nan,nan,nan,nan,0.000000000000000000e+00,nan,nan,nan,nan,nan,nan,nan,nan,nan,nan,nan,nan,nan,nan,nan,0.000000000000000000e+00,4.041557417622243520e-07,nan,nan,0.000000000000000000e+00,nan,nan,nan,nan,nan,nan,nan,nan,nan,nan,nan,nan,nan,nan,nan,nan,nan,nan,nan,nan,nan,nan,1.509739746552440920e-07,nan,nan,nan,nan,nan,nan,nan,nan,nan,nan,nan,nan,nan,nan,nan,nan,nan,nan,nan,nan,nan,nan,nan,nan,nan,nan,nan,nan,nan,nan,nan,nan,nan,nan,nan,nan,nan,nan,nan,nan,nan,nan,nan,nan,nan,nan,nan,nan,nan,nan,nan,nan,nan,nan,nan,nan,nan,nan,nan,nan,nan,nan,nan,nan,nan,nan,nan,nan,nan,nan,0.000000000000000000e+00,0.000000000000000000e+00,nan,0.000000000000000000e+00,nan,nan,nan,nan,nan,nan,nan,nan,nan,nan,0.000000000000000000e+00,0.000000000000000000e+00,nan,nan,nan,nan,nan,nan,nan,nan,nan,1.970196166212190292e-07,0.000000000000000000e+00,nan,0.000000000000000000e+00,4.382708596040174598e-07,nan,nan,nan,nan,nan,nan,nan,nan,nan,nan,nan,nan,nan,nan,nan,nan,nan,0.000000000000000000e+00,5.001517711207270622e-04,1.098968181759119034e-02,0.000000000000000000e+00,nan,nan,nan,nan,nan,nan,nan,nan,0.000000000000000000e+00,5.936418175697326660e-01,2.686974048614501953e+00,0.000000000000000000e+00,nan,nan,nan,nan,nan,nan,nan,nan,nan,nan,nan,nan,nan,nan,nan,nan,nan,nan,nan,nan,nan,nan,nan,nan,nan,nan,nan,nan,nan,nan,nan,nan,nan
nan,nan,nan,nan,8.661450743675231934e-01,nan,nan,nan,nan,nan,nan,nan,nan,nan,nan,nan,nan,nan,nan,nan,nan,nan,7.295074055946315639e-07,0.000000000000000000e+00,7.004100410767932772e-08,8.186760283024341334e-07,nan,nan,nan,nan,nan,nan,nan,nan,nan,nan,nan,nan,nan,nan,nan,nan,nan,nan,nan,nan,nan,nan,nan,nan,nan,nan,nan,nan,nan,nan,nan,nan,nan,nan,nan,nan,nan,nan,nan,nan,nan,nan,nan,nan,nan,nan,nan,nan,nan,nan,nan,nan,nan,nan,nan,nan,nan,nan,nan,nan,nan,nan,nan,nan,nan,nan,nan,nan,nan,nan,nan,nan,nan,nan,nan,nan,nan,nan,nan,nan,nan,nan,nan,nan,nan,nan,nan,nan,nan,nan,nan,nan,nan,nan,nan,nan,nan,nan,nan,nan,nan,nan,nan,nan,nan,nan,nan,nan,nan,nan,nan,nan,nan,nan,nan,nan,nan,0.000000000000000000e+00,0.000000000000000000e+00,1.257606356830365257e-07,1.933679882881733647e-08,0.000000000000000000e+00,0.000000000000000000e+00,nan,nan,nan,nan,nan,nan,nan,nan,nan,nan,nan,nan,nan,nan,nan,nan,nan,0.000000000000000000e+00,nan,1.299907863140106201e-01,nan,nan,nan,nan,nan,nan,nan,nan,nan,0.000000000000000000e+00,8.313310146331787109e-01,3.144707202911376953e+00,0.000000000000000000e+00,nan,nan,nan,nan,nan,nan,nan,nan,nan,nan,nan,nan,nan,nan,nan,nan,nan,nan,nan,nan,nan,nan,nan,nan,nan,nan,nan,nan,nan,nan,nan,nan,nan
nan,nan,nan,nan,nan,nan,nan,nan,nan,nan,nan,nan,nan,nan,nan,nan,nan,nan,nan,nan,nan,nan,nan,4.246942637564643519e-07,0.000000000000000000e+00,0.000000000000000000e+00,0.000000000000000000e+00,nan,0.000000000000000000e+00,nan,nan,nan,nan,nan,nan,nan,nan,nan,nan,nan,nan,nan,nan,nan,nan,nan,nan,nan,nan,nan,nan,nan,nan,nan,nan,nan,nan,nan,nan,nan,nan,nan,nan,nan,nan,nan,nan,nan,nan,nan,nan,nan,nan,nan,nan,nan,nan,nan,nan,nan,nan,nan,nan,nan,nan,nan,nan,nan,nan,nan,nan,nan,nan,nan,nan,nan,nan,nan,nan,nan,nan,nan,nan,nan,nan,nan,nan,nan,nan,nan,nan,nan,nan,nan,nan,nan,nan,nan,nan,nan,nan,nan,nan,nan,nan,nan,nan,nan,nan,nan,nan,nan,nan,nan,nan,nan,nan,nan,3.855869294966396410e-07,nan,0.000000000000000000e+00,2.597684511940201446e-09,1.990047060473898455e-08,0.000000000000000000e+00,0.000000000000000000e+00,0.000000000000000000e+00,0.000000000000000000e+00,nan,nan,nan,nan,nan,nan,nan,nan,nan,nan,nan,nan,nan,nan,nan,nan,nan,nan,nan,9.231056452563279890e-08,nan,1.383090019226074219e-02,nan,nan,nan,nan,nan,nan,nan,nan,nan,0.000000000000000000e+00,9.434335827827453613e-01,1.937329411506652832e+00,nan,nan,nan,nan,nan,nan,nan,nan,nan,nan,nan,nan,nan,nan,nan,nan,nan,nan,nan,nan,nan,nan,nan,nan,nan,nan,nan,nan,nan,nan,nan,nan,nan,nan
nan,nan,nan,nan,nan,nan,nan,nan,nan,nan,nan,nan,nan,nan,nan,nan,nan,nan,nan,nan,nan,nan,nan,0.000000000000000000e+00,0.000000000000000000e+00,0.000000000000000000e+00,8.892417326933355071e-07,0.000000000000000000e+00,nan,nan,nan,nan,nan,nan,nan,nan,nan,nan,nan,nan,nan,nan,nan,nan,nan,nan,nan,nan,nan,nan,nan,nan,nan,nan,nan,nan,nan,nan,nan,nan,nan,nan,nan,nan,nan,nan,nan,nan,nan,nan,nan,nan,nan,nan,nan,nan,nan,nan,nan,nan,nan,nan,nan,nan,nan,nan,nan,nan,nan,nan,nan,nan,nan,nan,nan,nan,nan,nan,nan,nan,nan,nan,nan,nan,nan,nan,nan,nan,nan,nan,nan,nan,nan,nan,nan,nan,nan,nan,nan,nan,nan,nan,nan,nan,nan,nan,nan,nan,nan,nan,nan,nan,nan,nan,nan,0.000000000000000000e+00,5.166028245184861589e-07,3.326092823385806696e-08,nan,7.693648740314529277e-08,nan,0.000000000000000000e+00,3.015603340372763341e-07,1.133246200879511889e-06,8.910362225833523553e-09,nan,nan,nan,nan,nan,nan,nan,nan,nan,nan,nan,nan,nan,nan,nan,nan,nan,nan,nan,nan,nan,9.523381550025078468e-08,3.989219665527343750e-03,8.789008855819702148e-02,nan,nan,nan,nan,nan,nan,nan,nan,nan,0.000000000000000000e+00,9.582891464233398438e+00,8.336548805236816406e+00,5.220214366912841797e+00,3.306913852691650391e+00,nan,nan,nan,nan,nan,nan,nan,nan,nan,nan,nan,nan,nan,nan,nan,nan,nan,nan,nan,nan,nan,nan,nan,nan,nan,nan,nan,nan,nan,nan,nan,nan
nan,nan,nan,nan,nan,nan,nan,nan,nan,nan,nan,nan,nan,nan,nan,nan,nan,nan,nan,nan,nan,nan,nan,nan,nan,9.303585670750180725e-07,0.000000000000000000e+00,0.000000000000000000e+00,nan,nan,nan,nan,nan,nan,nan,nan,nan,nan,nan,nan,nan,nan,nan,nan,nan,nan,nan,nan,nan,nan,nan,nan,nan,nan,nan,nan,nan,nan,nan,nan,nan,nan,nan,nan,nan,nan,nan,nan,nan,nan,nan,nan,nan,nan,nan,nan,nan,nan,nan,nan,nan,nan,nan,nan,nan,nan,nan,nan,nan,nan,nan,nan,nan,nan,nan,nan,nan,nan,nan,nan,nan,nan,nan,nan,nan,nan,nan,nan,nan,nan,nan,nan,nan,nan,nan,nan,nan,nan,nan,nan,nan,nan,nan,nan,nan,nan,nan,0.000000000000000000e+00,nan,nan,nan,nan,nan,nan,1.340003450422955211e-07,1.484531679807332694e-07,0.000000000000000000e+00,1.392902845509524923e-06,2.558213623160554562e-07,1.842440440213977126e-07,2.020823615112021798e-07,0.000000000000000000e+00,0.000000000000000000e+00,nan,nan,nan,nan,nan,nan,nan,nan,nan,nan,nan,nan,nan,nan,nan,nan,nan,nan,nan,nan,nan,nan,0.000000000000000000e+00,0.000000000000000000e+00,0.000000000000000000e+00,0.000000000000000000e+00,nan,nan,nan,nan,nan,nan,nan,nan,nan,nan,8.426177978515625000e+00,6.731831073760986328e+00,1.989968866109848022e-02,nan,nan,nan,nan,nan,nan,nan,nan,nan,nan,nan,nan,nan,nan,nan,nan,nan,nan,nan,nan,nan,nan,nan,nan,nan,nan,nan,nan,nan,nan,nan,nan,nan
nan,nan,nan,nan,nan,nan,nan,nan,nan,nan,nan,nan,nan,nan,nan,nan,nan,nan,nan,nan,nan,nan,nan,nan,nan,nan,0.000000000000000000e+00,1.131496674133813940e-08,nan,nan,nan,nan,nan,nan,nan,nan,nan,nan,nan,nan,nan,nan,nan,nan,nan,nan,nan,nan,nan,nan,nan,nan,nan,nan,nan,nan,nan,nan,nan,nan,nan,nan,nan,nan,nan,nan,nan,nan,nan,nan,nan,nan,nan,nan,nan,nan,nan,nan,nan,nan,nan,nan,nan,nan,nan,nan,nan,nan,nan,nan,nan,nan,nan,nan,nan,nan,nan,nan,nan,nan,nan,nan,nan,nan,nan,nan,nan,nan,nan,nan,nan,nan,nan,nan,nan,nan,nan,nan,nan,nan,nan,nan,nan,nan,nan,nan,nan,nan,1.405573897272915929e-07,nan,0.000000000000000000e+00,nan,nan,nan,0.000000000000000000e+00,nan,0.000000000000000000e+00,0.000000000000000000e+00,0.000000000000000000e+00,1.335312020955825574e-07,1.385960359812088427e-07,1.056186874848208390e-06,0.000000000000000000e+00,nan,nan,nan,nan,nan,nan,nan,nan,nan,nan,nan,nan,nan,nan,nan,nan,nan,nan,nan,nan,nan,0.000000000000000000e+00,3.171818363512102223e-08,0.000000000000000000e+00,nan,nan,nan,nan,nan,nan,nan,nan,nan,nan,nan,0.000000000000000000e+00,9.275150299072265625e+00,7.031129837036132812e+00,nan,nan,nan,nan,nan,nan,nan,nan,nan,nan,nan,nan,nan,nan,nan,nan,nan,nan,nan,nan,nan,nan,nan,nan,nan,nan,nan,nan,nan,nan,nan,nan,nan,nan
nan,nan,nan,nan,nan,nan,nan,nan,nan,nan,nan,nan,nan,nan,nan,nan,nan,nan,nan,nan,nan,nan,nan,nan,nan,nan,nan,nan,nan,nan,nan,nan,nan,nan,nan,nan,nan,nan,nan,nan,nan,nan,nan,nan,nan,nan,nan,nan,nan,nan,nan,nan,nan,nan,nan,nan,nan,nan,nan,nan,nan,nan,nan,nan,nan,nan,nan,nan,nan,nan,nan,nan,nan,nan,nan,nan,nan,nan,nan,nan,nan,nan,nan,nan,nan,nan,nan,nan,nan,nan,nan,nan,nan,nan,nan,nan,nan,nan,nan,nan,nan,nan,nan,nan,nan,nan,nan,nan,nan,nan,nan,nan,nan,nan,nan,nan,nan,nan,nan,nan,nan,nan,0.000000000000000000e+00,4.707131751047199941e-08,1.907348661234209430e-07,2.427584711028885067e-08,1.066913881686559762e-07,1.011861812116876536e-07,3.149527003643015632e-07,0.000000000000000000e+00,0.000000000000000000e+00,nan,nan,nan,0.000000000000000000e+00,5.047278861525228422e-08,1.430511531452793861e-07,1.475167891840101220e-06,0.000000000000000000e+00,0.000000000000000000e+00,nan,nan,nan,nan,nan,nan,nan,nan,nan,nan,nan,nan,nan,nan,nan,nan,nan,nan,nan,nan,nan,nan,0.000000000000000000e+00,1.169791516986151692e-07,0.000000000000000000e+00,0.000000000000000000e+00,nan,nan,5.989749357104301453e-02,nan,nan,nan,nan,nan,nan,nan,nan,nan,6.887787818908691406e+00,8.088658332824707031e+00,2.777148783206939697e-01,nan,nan,nan,nan,nan,nan,nan,nan,nan,nan,nan,nan,nan,nan,nan,nan,nan,nan,nan,nan,nan,nan,nan,nan,nan,nan,nan,nan,nan,nan,nan,nan,nan,nan
nan,nan,nan,nan,nan,nan,nan,nan,nan,nan,nan,nan,nan,nan,nan,nan,nan,nan,nan,nan,nan,nan,nan,nan,nan,nan,nan,nan,nan,nan,nan,nan,nan,nan,nan,nan,nan,nan,nan,nan,nan,nan,nan,nan,nan,nan,nan,nan,nan,nan,nan,nan,nan,nan,nan,nan,nan,nan,nan,nan,nan,nan,nan,nan,nan,nan,nan,nan,nan,nan,nan,nan,nan,nan,nan,nan,nan,nan,nan,nan,nan,nan,nan,nan,nan,nan,nan,nan,nan,nan,nan,nan,nan,nan,nan,nan,nan,nan,nan,nan,nan,nan,nan,nan,nan,nan,nan,nan,nan,nan,nan,nan,nan,nan,nan,nan,nan,nan,nan,nan,0.000000000000000000e+00,nan,1.291668354497232940e-07,2.390526674389548134e-07,1.956870221420103917e-07,0.000000000000000000e+00,4.583317281259269294e-09,0.000000000000000000e+00,0.000000000000000000e+00,nan,nan,nan,1.907348661234209430e-07,7.866557893976278137e-08,1.907348661234209430e-07,0.000000000000000000e+00,0.000000000000000000e+00,0.000000000000000000e+00,0.000000000000000000e+00,nan,nan,nan,nan,nan,nan,nan,nan,nan,nan,nan,nan,nan,nan,nan,nan,nan,nan,nan,nan,nan,nan,2.334424635819232208e-07,nan,0.000000000000000000e+00,0.000000000000000000e+00,nan,nan,nan,nan,nan,nan,nan,nan,nan,nan,nan,nan,nan,8.978934288024902344e-01,6.677996158599853516e+00,nan,nan,nan,nan,nan,nan,nan,nan,nan,nan,nan,nan,4.940853118896484375e+00,5.185598850250244141e+00,nan,nan,nan,nan,nan,nan,nan,nan,nan,nan,nan,nan,nan,nan,nan,nan,nan,nan,nan,nan,nan
nan,nan,nan,nan,nan,nan,nan,nan,nan,nan,nan,nan,nan,nan,nan,nan,nan,nan,nan,nan,nan,nan,nan,nan,nan,nan,nan,nan,nan,nan,nan,nan,nan,nan,nan,nan,nan,nan,nan,nan,nan,nan,nan,nan,nan,nan,nan,nan,nan,nan,nan,nan,nan,nan,nan,nan,nan,nan,nan,nan,nan,nan,nan,nan,nan,nan,nan,nan,nan,nan,nan,nan,nan,nan,nan,nan,nan,nan,nan,nan,nan,nan,nan,nan,nan,nan,nan,nan,nan,nan,nan,nan,nan,nan,nan,nan,nan,nan,nan,nan,nan,nan,nan,nan,nan,nan,nan,nan,nan,nan,nan,nan,nan,nan,nan,nan,nan,nan,nan,nan,0.000000000000000000e+00,0.000000000000000000e+00,0.000000000000000000e+00,2.358634354493460705e-08,0.000000000000000000e+00,nan,nan,nan,nan,nan,nan,nan,4.417346133323007962e-08,0.000000000000000000e+00,0.000000000000000000e+00,0.000000000000000000e+00,nan,nan,nan,nan,nan,nan,nan,nan,nan,nan,nan,nan,nan,nan,nan,nan,nan,nan,nan,nan,nan,nan,nan,nan,nan,0.000000000000000000e+00,0.000000000000000000e+00,0.000000000000000000e+00,nan,nan,nan,nan,nan,nan,nan,nan,nan,nan,nan,nan,nan,nan,0.000000000000000000e+00,7.448207855224609375e+00,nan,nan,nan,nan,nan,nan,nan,nan,nan,nan,nan,nan,5.187689304351806641e+00,nan,nan,3.026361390948295593e-02,nan,nan,nan,nan,nan,nan,nan,nan,nan,nan,nan,nan,nan,nan,nan,nan,nan,nan,nan
nan,nan,nan,nan,nan,nan,nan,nan,nan,nan,nan,nan,nan,nan,nan,nan,nan,nan,nan,nan,nan,nan,nan,nan,nan,nan,nan,nan,nan,nan,nan,nan,nan,nan,nan,nan,nan,nan,nan,nan,nan,nan,nan,nan,nan,nan,nan,nan,nan,nan,nan,nan,nan,nan,nan,nan,nan,nan,nan,nan,nan,nan,nan,nan,nan,nan,nan,nan,nan,nan,nan,nan,nan,nan,nan,nan,nan,nan,nan,nan,nan,nan,nan,nan,nan,nan,nan,nan,nan,nan,nan,nan,nan,nan,nan,nan,nan,nan,nan,nan,nan,nan,nan,nan,nan,nan,nan,nan,nan,nan,nan,nan,nan,nan,nan,nan,nan,nan,nan,nan,nan,nan,nan,nan,nan,nan,nan,nan,nan,nan,nan,0.000000000000000000e+00,0.000000000000000000e+00,nan,nan,nan,nan,nan,nan,nan,nan,nan,nan,nan,nan,nan,nan,nan,nan,nan,nan,nan,nan,nan,nan,nan,nan,nan,nan,0.000000000000000000e+00,0.000000000000000000e+00,2.287248612731218600e-08,0.000000000000000000e+00,nan,nan,nan,nan,nan,nan,nan,nan,nan,nan,nan,nan,nan,nan,nan,7.922235876321792603e-02,7.400261402130126953e+00,7.437881469726562500e+00,nan,nan,nan,nan,nan,nan,nan,nan,nan,nan,nan,nan,2.290565967559814453e+00,nan,nan,nan,nan,nan,nan,nan,nan,nan,nan,nan,nan,nan,nan,nan,nan,nan,nan,nan,nan,nan
nan,nan,nan,nan,nan,nan,nan,nan,nan,nan,nan,nan,nan,nan,nan,nan,nan,nan,nan,nan,nan,nan,nan,nan,nan,nan,nan,nan,nan,nan,nan,0.000000000000000000e+00,5.078276217318489216e-07,nan,nan,nan,nan,nan,nan,nan,nan,nan,nan,nan,nan,nan,nan,nan,nan,nan,nan,nan,nan,nan,nan,nan,nan,nan,nan,nan,nan,nan,nan,nan,nan,nan,nan,nan,nan,nan,nan,nan,nan,nan,nan,nan,nan,nan,nan,nan,nan,nan,nan,nan,nan,nan,nan,nan,nan,nan,nan,nan,nan,nan,nan,nan,nan,nan,nan,nan,nan,nan,nan,nan,nan,nan,nan,nan,nan,nan,nan,nan,nan,nan,nan,nan,nan,nan,nan,nan,nan,nan,nan,nan,nan,nan,nan,nan,nan,nan,nan,nan,nan,nan,nan,nan,nan,nan,nan,nan,nan,nan,nan,nan,nan,nan,nan,nan,nan,nan,nan,nan,nan,nan,nan,nan,nan,nan,2.368880558378805290e-07,0.000000000000000000e+00,0.000000000000000000e+00,1.344149183069021092e-07,nan,nan,nan,nan,nan,nan,nan,nan,nan,nan,nan,nan,nan,nan,nan,nan,nan,8.438949584960937500e+00,7.197946071624755859e+00,nan,nan,nan,nan,nan,nan,nan,nan,nan,nan,nan,nan,3.948531866073608398e+00,nan,nan,nan,nan,nan,nan,nan,nan,nan,nan,nan,nan,nan,nan,nan,nan,nan,nan,nan,nan,nan
nan,nan,nan,nan,nan,nan,nan,nan,nan,nan,nan,nan,nan,nan,nan,nan,nan,nan,nan,nan,nan,nan,nan,nan,nan,nan,nan,nan,nan,nan,nan,nan,0.000000000000000000e+00,nan,nan,nan,nan,nan,nan,nan,nan,nan,nan,nan,nan,nan,nan,nan,nan,nan,nan,nan,nan,nan,nan,nan,nan,nan,nan,nan,nan,nan,nan,nan,nan,nan,nan,nan,nan,nan,nan,nan,nan,nan,nan,nan,nan,nan,nan,nan,nan,nan,nan,nan,nan,nan,nan,nan,nan,nan,nan,nan,nan,nan,nan,nan,nan,nan,nan,nan,nan,nan,nan,nan,nan,nan,nan,nan,nan,nan,nan,nan,nan,nan,nan,nan,nan,nan,nan,nan,nan,nan,nan,nan,nan,nan,nan,nan,nan,nan,nan,nan,nan,nan,nan,nan,nan,nan,nan,nan,nan,nan,nan,nan,nan,nan,nan,nan,nan,nan,nan,nan,nan,nan,nan,nan,0.000000000000000000e+00,4.051831936635608145e-08,0.000000000000000000e+00,0.000000000000000000e+00,0.000000000000000000e+00,nan,nan,nan,nan,nan,nan,nan,nan,nan,nan,nan,nan,nan,nan,nan,nan,nan,1.392499953508377075e-01,2.668347656726837158e-01,7.157791137695312500e+00,nan,nan,nan,nan,nan,nan,nan,nan,nan,nan,nan,nan,0.000000000000000000e+00,3.506034910678863525e-01,nan,nan,nan,nan,nan,nan,nan,nan,nan,nan,nan,nan,nan,nan,nan,nan,nan,nan,nan,nan
nan,nan,nan,1.029530286788940430e+00,nan,nan,nan,nan,nan,nan,nan,nan,nan,nan,nan,nan,nan,nan,nan,nan,nan,nan,nan,nan,nan,nan,nan,nan,nan,nan,nan,nan,nan,nan,nan,nan,nan,nan,nan,nan,nan,nan,nan,nan,nan,nan,nan,nan,nan,nan,nan,nan,nan,nan,nan,nan,nan,nan,nan,nan,nan,nan,nan,nan,nan,nan,nan,nan,nan,nan,nan,nan,nan,nan,nan,nan,nan,nan,nan,nan,nan,nan,nan,nan,nan,nan,nan,nan,nan,nan,nan,nan,nan,nan,nan,nan,nan,nan,nan,nan,nan,nan,nan,nan,nan,nan,nan,nan,nan,nan,nan,nan,nan,nan,nan,nan,nan,nan,nan,nan,nan,nan,nan,nan,nan,nan,nan,nan,nan,nan,nan,nan,nan,nan,nan,nan,nan,nan,nan,nan,nan,nan,nan,nan,nan,nan,nan,nan,nan,nan,nan,nan,nan,nan,nan,3.769096323935627879e-08,2.404000269962125458e-07,nan,0.000000000000000000e+00,0.000000000000000000e+00,0.000000000000000000e+00,nan,nan,nan,nan,nan,nan,nan,nan,nan,nan,nan,nan,nan,nan,nan,nan,nan,4.094552993774414062e-02,9.550207853317260742e-01,2.872294664382934570e+00,nan,nan,nan,nan,nan,nan,nan,nan,nan,nan,nan,nan,nan,nan,nan,nan,nan,nan,nan,nan,nan,nan,nan,nan,nan,nan,nan,nan,nan,nan,nan,nan,nan,nan
nan,nan,nan,nan,nan,nan,nan,nan,nan,nan,nan,nan,nan,nan,nan,nan,nan,nan,nan,nan,nan,nan,nan,nan,nan,nan,nan,nan,nan,nan,nan,nan,nan,nan,nan,1.536481164521319442e-07,0.000000000000000000e+00,nan,nan,nan,nan,nan,nan,nan,nan,nan,nan,nan,nan,nan,nan,nan,nan,nan,nan,nan,nan,nan,nan,nan,nan,nan,nan,nan,nan,nan,nan,nan,nan,nan,nan,nan,nan,nan,nan,nan,nan,nan,nan,nan,nan,nan,nan,nan,nan,nan,nan,nan,nan,nan,nan,nan,nan,nan,nan,nan,nan,nan,nan,nan,nan,nan,nan,nan,nan,nan,nan,nan,nan,nan,nan,nan,nan,nan,nan,nan,nan,nan,nan,nan,nan,nan,nan,nan,nan,nan,nan,nan,nan,nan,nan,nan,nan,nan,nan,nan,nan,nan,nan,nan,nan,nan,nan,nan,nan,nan,nan,nan,nan,nan,nan,nan,nan,nan,0.000000000000000000e+00,nan,0.000000000000000000e+00,0.000000000000000000e+00,nan,0.000000000000000000e+00,nan,nan,nan,nan,nan,nan,nan,nan,nan,nan,nan,nan,nan,nan,nan,nan,nan,nan,6.199058145284652710e-02,7.105930447578430176e-01,1.219389796257019043e+00,0.000000000000000000e+00,nan,nan,nan,nan,nan,nan,nan,nan,nan,nan,nan,nan,nan,nan,nan,nan,nan,nan,nan,nan,nan,nan,nan,nan,nan,nan,nan,nan,nan,nan,nan,nan,nan
nan,nan,nan,nan,nan,nan,nan,nan,nan,nan,nan,nan,nan,nan,nan,nan,nan,nan,nan,nan,nan,nan,nan,nan,nan,nan,nan,nan,nan,nan,nan,nan,nan,nan,nan,nan,0.000000000000000000e+00,nan,nan,nan,nan,nan,nan,nan,nan,nan,nan,nan,nan,nan,nan,nan,nan,nan,nan,nan,nan,nan,nan,nan,nan,nan,nan,nan,nan,nan,nan,nan,nan,nan,nan,nan,nan,nan,nan,nan,nan,nan,nan,nan,nan,nan,nan,nan,nan,nan,nan,nan,nan,nan,nan,nan,nan,nan,nan,nan,nan,nan,nan,nan,nan,nan,nan,nan,nan,nan,nan,nan,nan,nan,nan,nan,nan,nan,nan,nan,nan,nan,nan,nan,nan,nan,nan,nan,nan,nan,nan,nan,nan,nan,nan,nan,nan,nan,nan,nan,nan,nan,nan,nan,nan,nan,nan,nan,nan,nan,nan,nan,nan,nan,nan,nan,nan,0.000000000000000000e+00,nan,0.000000000000000000e+00,1.450019340154540259e-07,nan,nan,nan,nan,nan,nan,nan,nan,nan,nan,nan,nan,nan,nan,nan,nan,nan,nan,nan,nan,nan,1.926209405064582825e-02,2.709359675645828247e-02,3.180422544479370117e+00,1.283089071512222290e-01,0.000000000000000000e+00,nan,nan,nan,nan,nan,nan,nan,nan,nan,nan,nan,nan,nan,nan,nan,nan,nan,nan,nan,nan,nan,nan,nan,nan,nan,nan,nan,nan,nan,nan,nan,nan
nan,nan,nan,nan,nan,nan,nan,nan,nan,nan,nan,nan,nan,nan,nan,nan,nan,nan,nan,nan,nan,nan,nan,nan,nan,nan,nan,nan,nan,nan,nan,nan,nan,nan,nan,nan,nan,nan,nan,nan,nan,nan,nan,nan,nan,nan,nan,nan,nan,nan,nan,nan,nan,nan,nan,nan,nan,nan,nan,nan,nan,nan,nan,nan,nan,nan,nan,nan,nan,nan,nan,nan,nan,nan,nan,nan,nan,nan,nan,nan,nan,nan,nan,nan,nan,nan,nan,nan,nan,nan,nan,nan,nan,nan,nan,nan,nan,nan,nan,nan,nan,nan,nan,nan,nan,nan,nan,nan,nan,nan,nan,nan,nan,nan,nan,nan,nan,nan,nan,nan,nan,nan,nan,nan,nan,nan,nan,nan,nan,nan,nan,nan,nan,nan,nan,nan,nan,nan,nan,nan,nan,nan,nan,nan,nan,nan,nan,nan,nan,nan,nan,nan,0.000000000000000000e+00,0.000000000000000000e+00,0.000000000000000000e+00,0.000000000000000000e+00,nan,nan,nan,nan,nan,nan,nan,nan,nan,nan,nan,nan,nan,nan,nan,nan,nan,nan,nan,nan,nan,nan,nan,7.563175678253173828e+00,7.334683418273925781e+00,3.911612749099731445e+00,3.014622926712036133e+00,nan,nan,nan,nan,nan,nan,nan,nan,nan,nan,nan,nan,nan,nan,nan,nan,nan,nan,nan,nan,nan,nan,nan,nan,nan,nan,nan,nan,nan,nan,nan,nan
nan,nan,nan,nan,nan,nan,nan,nan,nan,nan,nan,nan,nan,nan,nan,nan,nan,nan,nan,nan,nan,nan,nan,nan,nan,nan,nan,nan,nan,nan,nan,nan,nan,nan,nan,nan,nan,nan,nan,nan,nan,nan,nan,nan,nan,nan,nan,nan,nan,nan,nan,nan,nan,nan,nan,nan,nan,nan,nan,nan,nan,nan,nan,nan,nan,nan,nan,nan,nan,nan,nan,nan,nan,nan,nan,nan,nan,nan,nan,nan,nan,nan,nan,nan,nan,nan,nan,nan,nan,nan,nan,nan,nan,nan,nan,nan,nan,nan,nan,nan,nan,nan,nan,nan,nan,nan,nan,nan,nan,nan,nan,nan,nan,nan,nan,nan,nan,nan,nan,nan,nan,nan,nan,nan,nan,nan,nan,nan,nan,nan,nan,nan,nan,nan,nan,nan,nan,nan,nan,nan,nan,nan,nan,nan,nan,nan,nan,nan,nan,nan,nan,nan,0.000000000000000000e+00,0.000000000000000000e+00,nan,nan,nan,nan,nan,nan,nan,nan,nan,nan,nan,nan,nan,nan,nan,nan,nan,nan,nan,nan,nan,nan,nan,nan,0.000000000000000000e+00,1.019838905334472656e+01,7.953628063201904297e+00,3.935102373361587524e-02,nan,nan,nan,nan,nan,nan,nan,nan,nan,nan,nan,nan,nan,nan,nan,nan,nan,nan,nan,nan,nan,nan,nan,nan,nan,nan,nan,nan,nan,nan,nan,nan,nan
nan,nan,nan,nan,nan,nan,nan,nan,nan,nan,nan,nan,nan,nan,nan,nan,nan,nan,nan,nan,nan,nan,nan,nan,nan,nan,nan,nan,nan,nan,nan,nan,nan,nan,nan,nan,nan,nan,nan,nan,nan,nan,nan,nan,nan,nan,nan,nan,nan,nan,nan,nan,nan,nan,nan,nan,nan,nan,nan,nan,nan,nan,nan,nan,nan,nan,nan,nan,nan,nan,nan,nan,nan,nan,nan,nan,nan,nan,nan,nan,nan,nan,nan,nan,nan,nan,nan,nan,nan,nan,nan,nan,nan,nan,nan,nan,nan,nan,nan,nan,nan,nan,nan,nan,nan,nan,nan,nan,nan,nan,nan,nan,nan,nan,nan,nan,nan,nan,nan,nan,nan,nan,nan,nan,nan,nan,nan,nan,nan,nan,nan,nan,nan,nan,nan,nan,nan,nan,nan,nan,nan,nan,nan,nan,nan,nan,nan,nan,nan,0.000000000000000000e+00,nan,0.000000000000000000e+00,0.000000000000000000e+00,nan,nan,nan,nan,nan,nan,nan,nan,nan,nan,nan,nan,nan,nan,nan,nan,nan,nan,nan,nan,nan,nan,nan,nan,nan,0.000000000000000000e+00,7.836628437042236328e+00,6.955972671508789062e+00,nan,nan,nan,nan,nan,nan,nan,nan,nan,nan,nan,nan,nan,nan,nan,nan,nan,nan,nan,nan,nan,nan,nan,nan,nan,nan,nan,nan,nan,nan,nan,nan,nan,nan
nan,nan,nan,nan,nan,nan,nan,nan,nan,nan,nan,nan,nan,nan,nan,nan,nan,nan,nan,nan,nan,nan,nan,nan,nan,nan,nan,nan,nan,nan,nan,nan,nan,nan,nan,nan,nan,nan,nan,nan,nan,nan,nan,nan,nan,nan,nan,nan,nan,nan,nan,nan,nan,nan,nan,nan,nan,nan,nan,nan,nan,nan,nan,nan,nan,nan,nan,nan,nan,nan,nan,nan,nan,nan,nan,nan,nan,nan,nan,nan,nan,nan,nan,nan,nan,nan,nan,nan,nan,nan,nan,nan,nan,nan,nan,nan,nan,nan,nan,nan,nan,nan,nan,nan,nan,nan,nan,nan,nan,nan,nan,nan,nan,nan,nan,nan,nan,nan,nan,nan,nan,nan,nan,nan,nan,nan,nan,nan,nan,nan,nan,nan,nan,nan,nan,nan,nan,nan,nan,nan,nan,nan,nan,nan,nan,nan,nan,6.917034056641568895e-08,0.000000000000000000e+00,0.000000000000000000e+00,0.000000000000000000e+00,nan,nan,nan,nan,nan,nan,nan,nan,nan,nan,nan,nan,nan,nan,nan,nan,nan,nan,nan,nan,nan,nan,nan,nan,nan,nan,nan,0.000000000000000000e+00,8.146928787231445312e+00,6.103895306587219238e-01,nan,nan,nan,nan,nan,nan,nan,nan,nan,nan,nan,nan,nan,nan,nan,nan,nan,nan,nan,nan,nan,nan,nan,nan,nan,nan,nan,nan,nan,nan,nan,nan,nan,nan
nan,nan,nan,nan,nan,nan,nan,nan,nan,nan,nan,nan,nan,nan,nan,nan,nan,nan,nan,nan,nan,nan,nan,nan,nan,nan,nan,nan,nan,nan,nan,nan,nan,nan,nan,nan,nan,nan,nan,nan,nan,nan,nan,nan,nan,nan,nan,nan,nan,nan,nan,nan,nan,nan,nan,nan,nan,nan,nan,nan,nan,nan,nan,nan,nan,nan,nan,nan,nan,nan,nan,nan,nan,nan,nan,nan,nan,nan,nan,nan,nan,nan,nan,nan,nan,nan,nan,nan,nan,nan,nan,nan,nan,nan,nan,nan,nan,nan,nan,nan,nan,nan,nan,nan,nan,nan,nan,nan,nan,nan,nan,nan,nan,nan,nan,nan,nan,nan,nan,nan,nan,nan,nan,nan,nan,nan,nan,nan,nan,nan,nan,nan,nan,nan,nan,nan,nan,nan,nan,nan,nan,nan,nan,nan,0.000000000000000000e+00,nan,0.000000000000000000e+00,0.000000000000000000e+00,4.442777523649965588e-08,0.000000000000000000e+00,nan,nan,nan,nan,nan,nan,nan,nan,nan,nan,nan,nan,nan,nan,nan,nan,nan,nan,nan,nan,nan,nan,nan,nan,nan,nan,nan,nan,nan,8.002633094787597656e+00,nan,nan,nan,nan,nan,nan,nan,nan,nan,nan,nan,nan,nan,nan,nan,nan,nan,nan,nan,nan,nan,nan,nan,nan,nan,nan,nan,nan,nan,nan,nan,nan,nan,nan,nan
nan,nan,nan,nan,nan,nan,nan,nan,nan,nan,nan,nan,nan,nan,nan,nan,nan,nan,nan,nan,nan,nan,nan,nan,nan,nan,nan,nan,nan,nan,nan,nan,nan,nan,nan,nan,nan,nan,nan,nan,nan,nan,nan,nan,nan,nan,nan,nan,nan,nan,nan,nan,nan,nan,nan,nan,nan,nan,nan,nan,nan,nan,nan,nan,nan,nan,nan,nan,nan,nan,nan,nan,nan,nan,nan,nan,nan,nan,nan,nan,nan,nan,nan,nan,nan,nan,nan,nan,nan,nan,nan,nan,nan,nan,nan,nan,nan,nan,nan,nan,nan,nan,nan,nan,nan,nan,nan,nan,nan,nan,nan,nan,nan,nan,nan,nan,nan,nan,nan,nan,nan,nan,nan,nan,nan,nan,nan,nan,0.000000000000000000e+00,0.000000000000000000e+00,nan,nan,nan,nan,nan,nan,nan,nan,nan,nan,nan,0.000000000000000000e+00,3.591802055780135561e-08,nan,3.213439825344721612e-08,6.309333855369914090e-08,0.000000000000000000e+00,0.000000000000000000e+00,nan,nan,nan,nan,nan,nan,nan,nan,nan,nan,nan,nan,nan,nan,nan,nan,nan,nan,nan,nan,nan,nan,nan,nan,nan,nan,nan,nan,nan,nan,nan,9.038909912109375000e+00,6.397841572761535645e-01,nan,nan,nan,nan,nan,nan,nan,nan,nan,nan,nan,nan,nan,nan,nan,nan,nan,nan,nan,nan,nan,nan,nan,nan,nan,nan,nan,nan,nan,nan,nan,nan,nan,nan
nan,nan,nan,nan,nan,nan,nan,nan,nan,nan,nan,nan,nan,nan,nan,nan,nan,nan,nan,nan,nan,nan,nan,nan,nan,nan,nan,nan,nan,nan,nan,nan,nan,nan,nan,nan,nan,nan,nan,nan,nan,nan,nan,nan,nan,nan,nan,nan,nan,nan,nan,nan,nan,nan,nan,nan,nan,nan,nan,nan,nan,nan,nan,nan,nan,nan,nan,nan,nan,nan,nan,nan,nan,nan,nan,nan,nan,nan,nan,nan,nan,nan,nan,nan,nan,nan,nan,nan,nan,nan,nan,nan,nan,nan,nan,nan,nan,nan,nan,nan,nan,nan,nan,nan,nan,nan,nan,nan,nan,nan,nan,nan,nan,nan,nan,nan,nan,nan,nan,nan,nan,nan,nan,nan,0.000000000000000000e+00,0.000000000000000000e+00,nan,9.463392558473060490e-08,0.000000000000000000e+00,1.915384200401604176e-04,nan,nan,nan,nan,nan,nan,nan,nan,nan,nan,1.241613603042424074e-07,nan,1.903861424068509223e-08,9.155355940038134577e-08,0.000000000000000000e+00,0.000000000000000000e+00,nan,nan,nan,nan,nan,nan,nan,nan,nan,nan,nan,nan,nan,nan,nan,nan,nan,nan,nan,nan,nan,nan,nan,nan,1.033622026443481445e-01,0.000000000000000000e+00,nan,nan,nan,nan,nan,nan,nan,1.016934871673583984e+01,8.146941184997558594e+00,nan,nan,nan,nan,nan,nan,nan,nan,nan,nan,nan,nan,nan,nan,nan,nan,nan,nan,nan,nan,nan,nan,nan,nan,nan,nan,nan,nan,nan,nan,nan,nan,nan,nan
nan,nan,nan,nan,nan,nan,nan,nan,nan,nan,nan,nan,nan,nan,nan,nan,nan,nan,nan,nan,nan,nan,nan,nan,nan,nan,nan,nan,nan,nan,nan,nan,nan,nan,nan,nan,nan,nan,nan,nan,nan,nan,nan,nan,nan,nan,nan,nan,nan,nan,nan,nan,nan,nan,nan,nan,nan,nan,nan,nan,nan,nan,nan,nan,nan,nan,nan,nan,nan,nan,nan,nan,nan,nan,nan,nan,nan,nan,nan,nan,nan,nan,nan,nan,nan,nan,nan,nan,nan,nan,nan,nan,nan,nan,nan,nan,nan,nan,nan,nan,nan,nan,nan,nan,nan,nan,nan,nan,nan,nan,nan,nan,nan,nan,nan,nan,nan,nan,nan,nan,nan,nan,0.000000000000000000e+00,nan,0.000000000000000000e+00,3.488372257720584457e-09,1.287892992252182012e-08,4.146672338833923277e-08,1.280718322504981188e-07,0.000000000000000000e+00,0.000000000000000000e+00,nan,nan,nan,nan,nan,0.000000000000000000e+00,nan,nan,nan,4.181043777862214483e-08,0.000000000000000000e+00,0.000000000000000000e+00,0.000000000000000000e+00,nan,nan,nan,nan,nan,nan,nan,nan,nan,nan,nan,nan,nan,nan,nan,nan,nan,nan,nan,nan,nan,nan,nan,nan,nan,nan,nan,nan,nan,nan,nan,nan,nan,nan,nan,1.024527359008789062e+01,8.156151771545410156e+00,nan,nan,nan,nan,nan,nan,nan,nan,nan,nan,nan,nan,nan,nan,nan,nan,nan,nan,nan,nan,nan,nan,nan,nan,nan,nan,nan,nan,nan,nan,nan,nan,nan,nan
nan,nan,nan,nan,nan,nan,nan,nan,nan,nan,nan,nan,nan,nan,nan,nan,nan,nan,nan,nan,nan,nan,nan,nan,nan,nan,nan,nan,nan,nan,nan,nan,nan,nan,nan,nan,nan,nan,nan,nan,nan,nan,nan,nan,nan,nan,nan,nan,nan,nan,nan,nan,nan,nan,nan,nan,nan,nan,nan,nan,nan,nan,nan,nan,nan,nan,nan,nan,nan,nan,nan,nan,nan,nan,nan,nan,nan,nan,nan,nan,nan,nan,nan,nan,nan,nan,nan,nan,nan,nan,nan,nan,nan,nan,nan,nan,nan,nan,nan,nan,nan,nan,nan,nan,nan,nan,nan,nan,nan,nan,nan,nan,nan,nan,nan,nan,nan,nan,nan,nan,nan,7.775507526730507379e-08,0.000000000000000000e+00,0.000000000000000000e+00,1.381754888285513516e-08,0.000000000000000000e+00,0.000000000000000000e+00,nan,nan,nan,nan,nan,nan,0.000000000000000000e+00,0.000000000000000000e+00,4.449265134098823182e-08,nan,nan,0.000000000000000000e+00,9.778726273168558691e-09,0.000000000000000000e+00,0.000000000000000000e+00,nan,nan,nan,nan,nan,nan,nan,nan,nan,nan,nan,nan,nan,nan,nan,nan,nan,nan,nan,nan,nan,nan,nan,nan,nan,nan,nan,nan,nan,nan,nan,nan,nan,nan,nan,nan,nan,0.000000000000000000e+00,2.402198791503906250e+00,nan,nan,nan,nan,nan,nan,nan,nan,nan,nan,nan,nan,nan,nan,nan,nan,nan,nan,nan,nan,nan,nan,nan,nan,nan,nan,nan,nan,nan,nan,nan,nan,nan,nan
nan,nan,nan,nan,nan,nan,nan,nan,nan,nan,nan,nan,nan,nan,nan,nan,nan,nan,nan,nan,nan,nan,nan,nan,nan,nan,nan,nan,nan,nan,nan,nan,nan,nan,nan,nan,nan,nan,nan,nan,nan,nan,nan,nan,nan,nan,nan,nan,nan,nan,nan,nan,nan,nan,nan,nan,nan,nan,nan,nan,nan,nan,nan,nan,nan,nan,nan,nan,nan,nan,nan,nan,nan,nan,nan,nan,nan,nan,nan,nan,nan,nan,nan,nan,nan,nan,nan,nan,nan,nan,nan,nan,nan,nan,nan,nan,nan,nan,nan,nan,nan,nan,nan,nan,nan,nan,nan,nan,nan,nan,nan,nan,nan,nan,nan,nan,nan,nan,nan,nan,nan,nan,nan,nan,nan,nan,nan,nan,nan,nan,nan,0.000000000000000000e+00,0.000000000000000000e+00,1.068220285560528282e-07,0.000000000000000000e+00,0.000000000000000000e+00,0.000000000000000000e+00,0.000000000000000000e+00,0.000000000000000000e+00,nan,nan,nan,nan,nan,nan,nan,nan,nan,nan,nan,nan,nan,nan,nan,nan,nan,nan,nan,nan,nan,nan,nan,nan,nan,nan,nan,nan,nan,nan,nan,nan,nan,nan,nan,nan,nan,nan,nan,0.000000000000000000e+00,6.569151282310485840e-01,2.042011976242065430e+00,0.000000000000000000e+00,nan,nan,nan,nan,nan,nan,nan,nan,nan,nan,nan,nan,nan,nan,nan,nan,nan,nan,nan,nan,nan,nan,nan,nan,nan,nan,nan,nan,nan,nan,nan,nan,nan
nan,nan,nan,nan,nan,nan,nan,nan,nan,nan,nan,nan,nan,nan,nan,nan,nan,nan,nan,nan,nan,nan,nan,nan,nan,nan,nan,nan,nan,nan,nan,nan,nan,nan,nan,nan,nan,nan,nan,nan,nan,nan,nan,nan,nan,nan,nan,nan,nan,nan,nan,nan,nan,nan,nan,nan,nan,nan,nan,nan,nan,nan,nan,nan,nan,nan,nan,nan,nan,nan,nan,nan,nan,nan,nan,nan,nan,nan,nan,nan,nan,nan,nan,nan,nan,nan,nan,nan,nan,nan,nan,nan,nan,nan,nan,nan,nan,nan,nan,nan,nan,nan,nan,nan,nan,nan,nan,nan,nan,nan,nan,nan,nan,nan,nan,nan,nan,nan,nan,nan,nan,nan,nan,nan,nan,nan,nan,nan,nan,nan,nan,4.777962558932813408e-08,0.000000000000000000e+00,0.000000000000000000e+00,0.000000000000000000e+00,0.000000000000000000e+00,nan,nan,nan,nan,nan,nan,nan,nan,nan,nan,nan,nan,nan,nan,nan,nan,nan,nan,nan,nan,nan,nan,nan,nan,nan,nan,nan,nan,nan,nan,nan,nan,nan,nan,nan,nan,nan,nan,nan,nan,nan,nan,nan,9.790102958679199219e+00,3.180973291397094727e+00,0.000000000000000000e+00,nan,nan,nan,nan,nan,nan,nan,nan,nan,nan,nan,nan,nan,nan,nan,nan,nan,nan,nan,nan,nan,nan,nan,nan,nan,nan,nan,nan,nan,nan,nan,nan,nan
nan,nan,nan,nan,nan,nan,nan,nan,nan,nan,nan,nan,nan,nan,nan,nan,nan,nan,nan,nan,nan,nan,nan,nan,nan,nan,nan,nan,nan,nan,nan,nan,nan,nan,nan,nan,nan,nan,nan,nan,nan,nan,nan,nan,nan,nan,nan,nan,nan,nan,nan,nan,nan,nan,nan,nan,nan,nan,nan,nan,nan,nan,nan,nan,nan,nan,nan,nan,nan,nan,nan,nan,nan,nan,nan,nan,nan,nan,nan,nan,nan,nan,nan,nan,nan,nan,nan,nan,nan,nan,nan,nan,nan,nan,nan,nan,nan,nan,nan,nan,nan,nan,nan,nan,nan,nan,nan,nan,nan,nan,nan,nan,nan,nan,nan,nan,nan,nan,nan,nan,nan,nan,nan,nan,nan,nan,nan,nan,nan,nan,nan,1.561641693115234375e-05,0.000000000000000000e+00,nan,nan,nan,nan,nan,nan,nan,nan,nan,nan,nan,nan,nan,nan,nan,nan,nan,nan,nan,nan,nan,nan,nan,nan,nan,nan,nan,nan,nan,nan,nan,nan,nan,nan,nan,nan,nan,nan,nan,nan,nan,nan,nan,nan,nan,0.000000000000000000e+00,8.591312408447265625e+00,3.436990976333618164e+00,0.000000000000000000e+00,nan,nan,nan,nan,nan,nan,nan,nan,nan,nan,nan,nan,nan,nan,nan,nan,nan,nan,nan,nan,nan,nan,nan,nan,nan,nan,nan,nan,nan,nan,nan,nan,nan
nan,nan,nan,nan,nan,nan,nan,nan,nan,nan,nan,nan,nan,nan,nan,nan,nan,nan,nan,nan,nan,nan,nan,nan,nan,nan,nan,nan,nan,nan,nan,nan,nan,nan,nan,nan,nan,nan,nan,nan,nan,nan,nan,nan,nan,nan,nan,nan,nan,nan,nan,nan,nan,nan,nan,nan,nan,nan,nan,nan,nan,nan,nan,nan,nan,nan,nan,nan,nan,nan,nan,nan,nan,nan,nan,nan,nan,nan,nan,nan,nan,nan,nan,nan,nan,nan,nan,nan,nan,nan,nan,nan,nan,nan,nan,nan,nan,nan,nan,nan,nan,nan,nan,nan,nan,nan,nan,nan,nan,nan,nan,nan,nan,nan,nan,nan,nan,nan,nan,nan,nan,nan,nan,nan,nan,nan,nan,nan,nan,nan,nan,nan,nan,nan,nan,nan,nan,nan,nan,nan,nan,nan,nan,nan,nan,nan,nan,nan,nan,nan,nan,nan,nan,nan,nan,nan,nan,nan,nan,nan,nan,nan,nan,nan,nan,nan,nan,nan,nan,nan,nan,nan,nan,nan,nan,nan,nan,0.000000000000000000e+00,8.659909248352050781e+00,8.517633438110351562e+00,7.490114688873291016e+00,4.262076854705810547e+00,1.989091038703918457e+00,nan,nan,nan,nan,nan,nan,nan,nan,nan,nan,nan,nan,nan,nan,nan,nan,nan,nan,nan,nan,nan,nan,nan,nan,nan,nan,nan,nan,nan,nan,nan,nan
nan,nan,nan,nan,nan,nan,nan,nan,nan,nan,nan,nan,nan,nan,nan,nan,nan,nan,nan,nan,nan,nan,nan,nan,nan,nan,nan,nan,nan,nan,nan,nan,nan,nan,nan,nan,nan,nan,nan,nan,nan,nan,nan,nan,nan,nan,nan,nan,nan,nan,nan,nan,nan,nan,nan,nan,nan,nan,nan,nan,nan,nan,nan,nan,nan,nan,nan,nan,nan,nan,nan,nan,nan,nan,nan,nan,nan,nan,nan,nan,nan,nan,nan,nan,nan,nan,nan,nan,nan,nan,nan,nan,nan,nan,nan,nan,nan,nan,nan,nan,nan,nan,nan,nan,nan,nan,nan,nan,nan,nan,nan,nan,nan,nan,nan,nan,nan,nan,nan,nan,nan,nan,nan,nan,nan,nan,nan,nan,nan,nan,nan,nan,nan,nan,nan,nan,nan,nan,nan,nan,nan,nan,nan,nan,nan,nan,nan,nan,nan,nan,nan,nan,nan,nan,nan,nan,nan,nan,nan,nan,nan,nan,nan,nan,nan,nan,nan,nan,nan,nan,nan,nan,nan,nan,nan,nan,nan,0.000000000000000000e+00,0.000000000000000000e+00,3.742015361785888672e-01,7.483309745788574219e+00,nan,nan,nan,nan,nan,nan,nan,nan,nan,nan,nan,nan,nan,nan,nan,nan,nan,nan,nan,nan,nan,nan,nan,nan,nan,nan,nan,nan,nan,nan,nan,nan,nan,nan
nan,nan,nan,nan,nan,nan,nan,nan,nan,nan,nan,nan,nan,nan,nan,nan,nan,nan,nan,nan,nan,nan,nan,nan,nan,nan,nan,nan,nan,nan,nan,nan,nan,nan,nan,nan,nan,nan,nan,nan,nan,nan,nan,nan,nan,nan,nan,nan,nan,nan,nan,nan,nan,nan,nan,nan,nan,nan,nan,nan,nan,nan,nan,nan,nan,nan,nan,nan,nan,nan,nan,nan,nan,nan,nan,nan,nan,nan,nan,nan,nan,nan,nan,nan,nan,nan,nan,nan,nan,nan,nan,nan,nan,nan,nan,nan,nan,nan,nan,nan,nan,nan,nan,nan,nan,nan,nan,nan,nan,nan,nan,nan,nan,nan,nan,nan,nan,nan,nan,nan,nan,nan,nan,nan,nan,nan,nan,nan,nan,nan,nan,nan,nan,nan,nan,nan,nan,nan,nan,nan,nan,nan,nan,nan,nan,nan,nan,nan,nan,nan,nan,nan,nan,nan,nan,nan,nan,nan,nan,nan,nan,nan,nan,nan,nan,nan,nan,nan,nan,nan,nan,nan,nan,nan,0.000000000000000000e+00,0.000000000000000000e+00,0.000000000000000000e+00,nan,nan,7.568914413452148438e+00,4.035277366638183594e+00,nan,nan,nan,nan,nan,nan,nan,nan,nan,nan,nan,nan,nan,nan,nan,nan,nan,nan,nan,nan,nan,nan,nan,nan,nan,nan,nan,nan,nan,nan,nan,nan,nan,nan
nan,nan,nan,nan,nan,nan,nan,nan,nan,nan,nan,nan,nan,nan,nan,nan,nan,nan,nan,nan,nan,nan,nan,nan,nan,nan,nan,nan,nan,nan,nan,nan,nan,nan,nan,nan,nan,nan,nan,nan,nan,nan,nan,nan,nan,nan,nan,nan,nan,nan,nan,nan,nan,nan,nan,nan,nan,nan,nan,nan,nan,nan,nan,nan,nan,nan,nan,nan,nan,nan,nan,nan,nan,nan,nan,nan,nan,nan,nan,nan,nan,nan,nan,nan,nan,nan,nan,nan,nan,nan,nan,nan,nan,nan,nan,nan,nan,nan,nan,nan,nan,nan,nan,nan,nan,nan,nan,nan,nan,nan,nan,nan,nan,nan,nan,nan,nan,nan,nan,nan,nan,nan,nan,nan,nan,nan,nan,nan,nan,nan,nan,nan,nan,nan,nan,nan,nan,nan,nan,nan,nan,nan,nan,nan,nan,nan,nan,nan,nan,nan,nan,nan,nan,nan,nan,nan,nan,nan,nan,nan,nan,nan,nan,nan,nan,nan,nan,nan,nan,nan,nan,nan,0.000000000000000000e+00,nan,nan,0.000000000000000000e+00,nan,nan,nan,8.009070396423339844e+00,nan,nan,nan,nan,nan,nan,nan,nan,nan,nan,nan,nan,nan,nan,nan,nan,nan,nan,nan,nan,nan,nan,nan,nan,nan,nan,nan,nan,nan,nan,nan,nan,nan,nan,nan
nan,nan,nan,nan,nan,nan,nan,nan,nan,nan,nan,nan,nan,nan,nan,nan,nan,nan,nan,nan,nan,nan,nan,nan,nan,nan,nan,nan,nan,nan,nan,nan,nan,nan,nan,nan,nan,nan,nan,nan,nan,nan,nan,nan,nan,nan,nan,nan,nan,nan,nan,nan,nan,nan,nan,nan,nan,nan,nan,nan,nan,nan,nan,nan,nan,nan,nan,nan,nan,nan,nan,nan,nan,nan,nan,nan,nan,nan,nan,nan,nan,nan,nan,nan,nan,nan,nan,nan,nan,nan,nan,nan,nan,nan,nan,nan,nan,nan,nan,nan,nan,nan,nan,nan,nan,nan,nan,nan,nan,nan,nan,nan,nan,nan,nan,nan,nan,nan,nan,nan,nan,nan,nan,nan,nan,nan,nan,nan,nan,nan,nan,nan,nan,nan,nan,nan,nan,nan,nan,nan,nan,nan,nan,nan,nan,nan,nan,nan,nan,nan,nan,nan,nan,nan,nan,nan,nan,nan,nan,nan,nan,nan,nan,nan,nan,nan,nan,nan,nan,nan,nan,nan,0.000000000000000000e+00,0.000000000000000000e+00,0.000000000000000000e+00,nan,nan,nan,5.863972753286361694e-02,7.656720161437988281e+00,nan,nan,nan,nan,nan,nan,nan,nan,nan,nan,nan,nan,nan,nan,nan,nan,nan,nan,nan,nan,nan,nan,nan,nan,nan,nan,nan,nan,nan,nan,nan,nan,nan,nan,nan
nan,nan,nan,nan,nan,nan,nan,nan,nan,nan,nan,nan,nan,nan,nan,nan,nan,nan,nan,nan,nan,nan,nan,nan,nan,nan,nan,nan,nan,nan,nan,nan,nan,nan,nan,nan,nan,nan,nan,nan,nan,nan,nan,nan,nan,nan,nan,nan,nan,nan,nan,nan,nan,nan,nan,nan,nan,nan,nan,nan,nan,nan,nan,nan,nan,nan,nan,nan,nan,nan,nan,nan,nan,nan,nan,nan,nan,nan,nan,nan,nan,nan,nan,nan,nan,nan,nan,nan,nan,nan,nan,nan,nan,nan,nan,nan,nan,nan,nan,nan,nan,nan,nan,nan,nan,nan,nan,nan,nan,nan,nan,nan,nan,nan,nan,nan,nan,nan,nan,nan,nan,nan,nan,nan,nan,nan,nan,nan,nan,nan,nan,nan,nan,nan,nan,nan,nan,nan,nan,nan,nan,nan,nan,nan,nan,nan,nan,nan,nan,nan,nan,nan,nan,nan,nan,nan,nan,nan,nan,nan,nan,nan,nan,nan,nan,nan,nan,nan,nan,nan,nan,nan,0.000000000000000000e+00,nan,nan,nan,nan,nan,7.518499344587326050e-02,4.366748332977294922e+00,2.466427087783813477e+00,nan,nan,nan,nan,nan,nan,nan,nan,nan,nan,nan,nan,nan,nan,nan,nan,nan,nan,nan,nan,nan,nan,nan,nan,nan,nan,nan,nan,nan,nan,nan,nan,nan,nan
nan,nan,nan,nan,nan,nan,nan,nan,nan,nan,nan,nan,nan,nan,nan,nan,nan,nan,nan,nan,nan,nan,nan,nan,nan,nan,nan,nan,nan,nan,nan,nan,nan,nan,nan,nan,nan,nan,nan,nan,nan,nan,nan,nan,nan,nan,nan,nan,nan,nan,nan,nan,nan,nan,nan,nan,nan,nan,nan,nan,nan,nan,nan,nan,nan,nan,nan,nan,nan,nan,nan,nan,nan,nan,nan,nan,nan,nan,nan,nan,nan,nan,nan,nan,nan,nan,nan,nan,nan,nan,nan,nan,nan,nan,nan,nan,nan,nan,nan,nan,nan,nan,nan,nan,nan,nan,nan,nan,nan,nan,nan,nan,nan,nan,nan,nan,nan,nan,nan,nan,nan,nan,nan,nan,nan,nan,nan,nan,nan,nan,nan,nan,nan,nan,nan,nan,nan,nan,nan,nan,nan,nan,nan,nan,nan,nan,nan,nan,nan,nan,nan,nan,nan,nan,nan,nan,nan,nan,nan,nan,nan,nan,nan,nan,nan,nan,nan,0.000000000000000000e+00,3.419543802738189697e-02,nan,1.052224973818738363e-10,0.000000000000000000e+00,0.000000000000000000e+00,nan,nan,nan,nan,nan,2.815975993871688843e-02,nan,6.660244941711425781e+00,nan,nan,nan,nan,nan,nan,nan,nan,nan,nan,nan,nan,nan,nan,nan,nan,nan,nan,nan,nan,nan,nan,nan,nan,nan,nan,nan,nan,nan,nan,nan,nan,nan,nan
nan,nan,nan,nan,nan,nan,nan,nan,nan,nan,nan,nan,nan,nan,nan,nan,nan,nan,nan,nan,nan,nan,nan,nan,nan,nan,nan,nan,nan,nan,nan,nan,nan,nan,nan,nan,nan,nan,nan,nan,nan,nan,nan,nan,nan,nan,nan,nan,nan,nan,nan,nan,nan,nan,nan,nan,nan,nan,nan,nan,nan,nan,nan,nan,nan,nan,nan,nan,nan,nan,nan,nan,nan,nan,nan,nan,nan,nan,nan,nan,nan,nan,nan,nan,nan,nan,nan,nan,nan,nan,nan,nan,nan,nan,nan,nan,nan,nan,nan,nan,nan,nan,nan,nan,nan,nan,nan,nan,nan,nan,nan,nan,nan,nan,nan,nan,nan,nan,nan,nan,nan,nan,nan,nan,nan,nan,nan,nan,nan,nan,nan,nan,nan,nan,nan,nan,nan,nan,nan,nan,nan,nan,nan,nan,nan,nan,nan,nan,nan,nan,nan,nan,nan,nan,nan,nan,nan,nan,nan,nan,nan,nan,nan,nan,nan,nan,nan,0.000000000000000000e+00,2.046798914670944214e-02,0.000000000000000000e+00,0.000000000000000000e+00,nan,nan,nan,nan,nan,nan,nan,5.388258397579193115e-02,nan,nan,nan,nan,nan,nan,nan,nan,nan,nan,nan,nan,nan,nan,nan,nan,nan,nan,nan,nan,nan,nan,nan,nan,nan,nan,nan,nan,nan,nan,nan,nan,nan,nan,nan,nan
nan,nan,nan,nan,nan,nan,nan,nan,nan,nan,nan,nan,nan,nan,nan,nan,nan,nan,nan,nan,nan,nan,nan,nan,nan,nan,nan,nan,nan,nan,nan,nan,nan,nan,nan,nan,nan,nan,nan,nan,nan,nan,nan,nan,nan,nan,nan,nan,nan,nan,nan,nan,nan,nan,nan,nan,nan,nan,nan,nan,nan,nan,nan,nan,nan,nan,nan,nan,nan,nan,nan,nan,nan,nan,nan,nan,nan,nan,nan,nan,nan,nan,nan,nan,nan,nan,nan,nan,nan,nan,nan,nan,nan,nan,nan,nan,nan,nan,nan,nan,nan,nan,nan,nan,nan,nan,nan,nan,nan,nan,nan,nan,nan,nan,nan,nan,nan,nan,nan,nan,nan,nan,nan,nan,nan,nan,nan,nan,nan,nan,nan,nan,nan,nan,nan,nan,nan,nan,nan,nan,nan,nan,nan,nan,nan,nan,nan,nan,nan,nan,nan,nan,nan,nan,nan,nan,nan,nan,nan,nan,nan,nan,nan,nan,nan,nan,nan,nan,1.994861057028174400e-03,0.000000000000000000e+00,nan,nan,nan,nan,nan,nan,nan,nan,nan,nan,nan,nan,nan,nan,nan,nan,nan,nan,nan,nan,nan,nan,nan,nan,nan,nan,nan,nan,nan,nan,nan,nan,nan,nan,nan,nan,nan,nan,nan,nan,nan,nan,nan,nan,nan
nan,nan,nan,nan,nan,nan,nan,nan,nan,nan,nan,nan,nan,nan,nan,nan,nan,nan,nan,nan,nan,nan,nan,nan,nan,nan,nan,nan,nan,nan,nan,nan,nan,nan,nan,nan,nan,nan,nan,nan,nan,nan,nan,nan,nan,nan,nan,nan,nan,nan,nan,nan,nan,nan,nan,nan,nan,nan,nan,nan,nan,nan,nan,nan,nan,nan,nan,nan,nan,nan,nan,nan,nan,nan,nan,nan,nan,nan,nan,nan,nan,nan,nan,nan,nan,nan,nan,nan,nan,nan,nan,nan,nan,nan,nan,nan,nan,nan,nan,nan,nan,nan,nan,nan,nan,nan,nan,nan,nan,nan,nan,nan,nan,nan,nan,nan,nan,nan,nan,nan,nan,nan,nan,nan,nan,nan,nan,nan,nan,nan,nan,nan,nan,nan,nan,nan,nan,nan,nan,nan,nan,nan,nan,nan,nan,nan,nan,nan,nan,nan,nan,nan,nan,nan,nan,nan,nan,nan,nan,nan,nan,nan,nan,nan,nan,nan,nan,0.000000000000000000e+00,5.269270017743110657e-02,nan,nan,nan,nan,nan,nan,nan,nan,nan,nan,nan,nan,nan,nan,nan,nan,nan,nan,nan,nan,nan,nan,nan,nan,nan,nan,nan,nan,nan,nan,nan,nan,nan,nan,nan,nan,nan,nan,nan,nan,nan,nan,nan,nan,nan,nan
nan,nan,nan,nan,nan,nan,nan,nan,nan,nan,nan,nan,nan,nan,nan,nan,nan,nan,nan,nan,nan,nan,nan,nan,nan,nan,nan,nan,nan,nan,nan,nan,nan,nan,nan,nan,nan,nan,nan,nan,nan,nan,nan,nan,nan,nan,nan,nan,nan,nan,nan,nan,nan,nan,nan,nan,nan,nan,nan,nan,nan,nan,nan,nan,nan,nan,nan,nan,nan,nan,nan,nan,nan,nan,nan,nan,nan,nan,nan,nan,nan,nan,nan,nan,nan,nan,nan,nan,nan,nan,nan,nan,nan,nan,nan,nan,nan,nan,nan,nan,nan,nan,nan,nan,nan,nan,nan,nan,nan,nan,nan,nan,nan,nan,nan,nan,nan,nan,nan,nan,nan,nan,nan,nan,nan,nan,nan,nan,nan,nan,nan,nan,nan,nan,nan,nan,nan,nan,nan,nan,nan,nan,nan,nan,nan,nan,nan,nan,nan,nan,nan,nan,nan,nan,nan,nan,nan,nan,nan,nan,nan,nan,nan,nan,nan,nan,nan,nan,4.060936160385608673e-03,nan,nan,nan,nan,nan,nan,nan,nan,nan,nan,nan,nan,nan,nan,nan,nan,nan,nan,nan,nan,nan,nan,nan,nan,nan,nan,nan,nan,nan,nan,nan,nan,nan,nan,nan,nan,nan,nan,nan,nan,nan,nan,nan,nan,nan,nan
nan,nan,nan,nan,nan,nan,nan,nan,nan,nan,nan,nan,nan,nan,nan,nan,nan,nan,nan,nan,nan,nan,nan,nan,nan,nan,nan,nan,nan,nan,nan,nan,nan,nan,nan,nan,nan,nan,nan,nan,nan,nan,nan,nan,nan,nan,nan,nan,nan,nan,nan,nan,nan,nan,nan,nan,nan,nan,nan,nan,nan,nan,nan,nan,nan,nan,nan,nan,nan,nan,nan,nan,nan,nan,nan,nan,nan,nan,nan,nan,nan,nan,nan,nan,nan,nan,nan,nan,nan,nan,nan,nan,nan,nan,nan,nan,nan,nan,nan,nan,nan,nan,nan,nan,nan,nan,nan,nan,nan,nan,nan,nan,nan,nan,nan,nan,nan,nan,nan,nan,nan,nan,nan,nan,nan,nan,nan,nan,nan,nan,nan,nan,nan,nan,nan,nan,nan,nan,nan,nan,nan,nan,nan,nan,nan,nan,nan,nan,nan,nan,nan,nan,nan,nan,nan,nan,nan,nan,nan,nan,nan,nan,nan,nan,nan,nan,nan,0.000000000000000000e+00,1.305189169943332672e-02,nan,nan,nan,nan,nan,nan,nan,nan,nan,nan,nan,nan,nan,nan,nan,nan,nan,nan,nan,nan,nan,nan,nan,nan,nan,nan,nan,nan,nan,nan,nan,nan,nan,nan,nan,nan,nan,nan,nan,nan,nan,nan,nan,nan,nan,nan
nan,nan,nan,nan,nan,nan,nan,nan,nan,nan,nan,nan,nan,nan,nan,nan,nan,nan,nan,nan,nan,nan,nan,nan,nan,nan,nan,nan,nan,nan,nan,nan,nan,nan,nan,nan,nan,nan,nan,nan,nan,nan,nan,nan,nan,nan,nan,nan,nan,nan,nan,nan,nan,nan,nan,nan,nan,nan,nan,nan,nan,nan,nan,nan,nan,nan,nan,nan,nan,nan,nan,nan,nan,nan,nan,nan,nan,nan,nan,nan,nan,nan,nan,nan,nan,nan,nan,nan,nan,nan,nan,nan,nan,nan,nan,nan,nan,nan,nan,nan,nan,nan,nan,nan,nan,nan,nan,nan,nan,nan,nan,nan,nan,nan,nan,nan,nan,nan,nan,nan,nan,nan,nan,nan,nan,nan,nan,nan,nan,nan,nan,nan,nan,nan,nan,nan,nan,nan,nan,nan,nan,nan,nan,nan,nan,nan,nan,nan,nan,nan,nan,nan,nan,nan,nan,nan,nan,nan,nan,nan,nan,nan,nan,nan,nan,nan,0.000000000000000000e+00,0.000000000000000000e+00,9.905624203383922577e-03,nan,nan,nan,nan,nan,nan,nan,nan,nan,nan,nan,nan,nan,nan,nan,nan,nan,nan,nan,nan,nan,nan,nan,nan,nan,nan,nan,nan,nan,nan,nan,nan,nan,nan,nan,nan,nan,nan,nan,nan,nan,nan,nan,nan,nan,nan
nan,nan,nan,nan,nan,nan,nan,nan,nan,nan,nan,nan,nan,nan,nan,nan,nan,nan,nan,nan,nan,nan,nan,nan,nan,nan,nan,nan,nan,nan,nan,nan,nan,nan,nan,nan,nan,nan,nan,nan,nan,nan,nan,nan,nan,nan,nan,nan,nan,nan,nan,nan,nan,nan,nan,nan,nan,nan,nan,nan,nan,nan,nan,nan,nan,nan,nan,nan,nan,nan,nan,nan,nan,nan,nan,nan,nan,nan,nan,nan,nan,nan,nan,nan,nan,nan,nan,nan,nan,nan,nan,nan,nan,nan,nan,nan,nan,nan,nan,nan,nan,nan,nan,nan,nan,nan,nan,nan,nan,nan,nan,nan,nan,nan,nan,nan,nan,nan,nan,nan,nan,nan,nan,nan,nan,nan,nan,nan,nan,nan,nan,nan,nan,nan,nan,nan,nan,nan,nan,nan,nan,nan,nan,nan,nan,nan,nan,nan,nan,nan,nan,nan,nan,nan,nan,nan,nan,nan,nan,nan,nan,nan,nan,nan,nan,nan,0.000000000000000000e+00,0.000000000000000000e+00,9.375000372529029846e-03,nan,nan,nan,nan,nan,nan,nan,nan,nan,nan,nan,nan,nan,nan,nan,nan,nan,nan,nan,nan,nan,nan,nan,nan,nan,nan,nan,nan,nan,nan,nan,nan,nan,nan,nan,nan,nan,nan,nan,nan,nan,nan,nan,nan,nan,nan
nan,nan,nan,nan,nan,nan,nan,nan,nan,nan,nan,nan,nan,nan,nan,nan,nan,nan,nan,nan,nan,nan,nan,nan,nan,nan,nan,nan,nan,nan,nan,nan,nan,nan,nan,nan,nan,nan,nan,nan,nan,nan,nan,nan,nan,nan,nan,nan,nan,nan,nan,nan,nan,nan,nan,nan,nan,nan,nan,nan,nan,nan,nan,nan,nan,nan,nan,nan,nan,nan,nan,nan,nan,nan,nan,nan,nan,nan,nan,nan,nan,nan,nan,nan,nan,nan,nan,nan,nan,nan,nan,nan,nan,nan,nan,nan,nan,nan,nan,nan,nan,nan,nan,nan,nan,nan,nan,nan,nan,nan,nan,nan,nan,nan,nan,nan,nan,nan,nan,nan,nan,nan,nan,nan,nan,nan,nan,nan,nan,nan,nan,nan,nan,nan,nan,nan,nan,nan,nan,nan,nan,nan,nan,nan,nan,nan,nan,nan,nan,nan,nan,nan,nan,nan,nan,nan,nan,nan,nan,nan,nan,nan,nan,nan,nan,nan,1.449844546641543275e-07,0.000000000000000000e+00,1.291923504322767258e-02,nan,nan,nan,nan,nan,nan,nan,nan,nan,nan,nan,nan,nan,nan,nan,nan,nan,nan,nan,nan,nan,nan,nan,nan,nan,nan,nan,nan,nan,nan,nan,nan,nan,nan,nan,nan,nan,nan,nan,nan,nan,nan,nan,nan,nan,nan
nan,nan,nan,nan,nan,nan,nan,nan,nan,nan,nan,nan,nan,nan,nan,nan,nan,nan,nan,nan,nan,nan,nan,nan,nan,nan,nan,nan,nan,nan,nan,nan,nan,nan,nan,nan,nan,nan,nan,nan,nan,nan,nan,nan,nan,nan,nan,nan,nan,nan,nan,nan,nan,nan,nan,nan,nan,nan,nan,nan,nan,nan,nan,nan,nan,nan,nan,nan,nan,nan,nan,nan,nan,nan,nan,nan,nan,nan,nan,nan,nan,nan,nan,nan,nan,nan,nan,nan,nan,nan,nan,nan,nan,nan,nan,nan,nan,nan,nan,nan,nan,nan,nan,nan,nan,nan,nan,nan,nan,nan,nan,nan,nan,nan,nan,nan,nan,nan,nan,nan,nan,nan,nan,nan,nan,nan,nan,nan,nan,nan,nan,nan,nan,nan,nan,nan,nan,nan,nan,nan,nan,nan,nan,nan,nan,nan,nan,nan,nan,nan,nan,nan,nan,nan,nan,nan,nan,nan,nan,nan,nan,nan,nan,nan,nan,nan,nan,nan,6.746292347088456154e-04,nan,nan,nan,nan,nan,nan,nan,nan,nan,nan,nan,nan,nan,nan,nan,nan,nan,nan,nan,nan,nan,nan,nan,nan,nan,nan,nan,nan,nan,nan,nan,nan,nan,nan,nan,nan,nan,nan,nan,nan,nan,nan,nan,nan,nan,nan
nan,nan,nan,nan,nan,nan,nan,nan,nan,nan,nan,nan,nan,nan,nan,nan,nan,nan,nan,nan,nan,nan,nan,nan,nan,nan,nan,nan,nan,nan,nan,nan,nan,nan,nan,nan,nan,nan,nan,nan,nan,nan,nan,nan,nan,nan,nan,nan,nan,nan,nan,nan,nan,nan,nan,nan,nan,nan,nan,nan,nan,nan,nan,nan,nan,nan,nan,nan,nan,nan,nan,nan,nan,nan,nan,nan,nan,nan,nan,nan,nan,nan,nan,nan,nan,nan,nan,nan,nan,nan,nan,nan,nan,nan,nan,nan,nan,nan,nan,nan,nan,nan,nan,nan,nan,nan,nan,nan,nan,nan,nan,nan,nan,nan,nan,nan,nan,nan,nan,nan,nan,nan,nan,nan,nan,nan,nan,nan,nan,nan,nan,nan,nan,nan,nan,nan,nan,nan,nan,nan,nan,nan,nan,nan,nan,nan,nan,nan,nan,nan,nan,nan,nan,nan,nan,nan,nan,nan,nan,nan,nan,nan,nan,nan,0.000000000000000000e+00,nan,0.000000000000000000e+00,5.421638488769531250e-03,nan,nan,nan,nan,nan,nan,nan,nan,nan,nan,nan,nan,nan,nan,nan,nan,nan,nan,nan,nan,nan,nan,nan,nan,nan,nan,nan,nan,nan,nan,nan,nan,nan,nan,nan,nan,nan,nan,nan,nan,nan,nan,nan,nan,nan,nan,nan
nan,nan,nan,nan,nan,nan,nan,nan,nan,nan,nan,nan,nan,nan,nan,nan,nan,nan,nan,nan,nan,nan,nan,nan,nan,nan,nan,nan,nan,nan,nan,nan,nan,nan,nan,nan,nan,nan,nan,nan,nan,nan,nan,nan,nan,nan,nan,nan,nan,nan,nan,nan,nan,nan,nan,nan,nan,nan,nan,nan,nan,nan,nan,nan,nan,nan,nan,nan,nan,nan,nan,nan,nan,nan,nan,nan,nan,nan,nan,nan,nan,nan,nan,nan,nan,nan,nan,nan,nan,nan,nan,nan,nan,nan,nan,nan,nan,nan,nan,nan,nan,nan,nan,nan,nan,nan,nan,nan,nan,nan,nan,nan,nan,nan,nan,nan,nan,nan,nan,nan,nan,nan,nan,nan,nan,nan,nan,nan,nan,nan,nan,nan,nan,nan,nan,nan,nan,nan,nan,nan,nan,nan,nan,nan,nan,nan,nan,nan,nan,nan,nan,nan,nan,nan,nan,nan,nan,nan,nan,nan,nan,nan,nan,0.000000000000000000e+00,nan,0.000000000000000000e+00,0.000000000000000000e+00,nan,nan,nan,nan,nan,nan,nan,nan,nan,nan,nan,nan,nan,nan,nan,nan,nan,nan,nan,nan,nan,nan,nan,nan,nan,nan,nan,nan,nan,nan,nan,nan,nan,nan,nan,nan,nan,nan,nan,nan,nan,nan,nan,nan,nan,nan,nan,nan
nan,nan,nan,nan,nan,nan,nan,nan,nan,nan,nan,nan,nan,nan,nan,nan,nan,nan,nan,nan,nan,nan,nan,nan,nan,nan,nan,nan,nan,nan,nan,nan,nan,nan,nan,nan,nan,nan,nan,nan,nan,nan,nan,nan,nan,nan,nan,nan,nan,nan,nan,nan,nan,nan,nan,nan,nan,nan,nan,nan,nan,nan,nan,nan,nan,nan,nan,nan,nan,nan,nan,nan,nan,nan,nan,nan,nan,nan,nan,nan,nan,nan,nan,nan,nan,nan,nan,nan,nan,nan,nan,nan,nan,nan,nan,nan,nan,nan,nan,nan,nan,nan,nan,nan,nan,nan,nan,nan,nan,nan,nan,nan,nan,nan,nan,nan,nan,nan,nan,nan,nan,nan,nan,nan,nan,nan,nan,nan,nan,nan,nan,nan,nan,nan,nan,nan,nan,nan,nan,nan,nan,nan,nan,nan,nan,nan,nan,nan,nan,nan,nan,nan,nan,nan,nan,nan,nan,nan,nan,nan,0.000000000000000000e+00,9.287601443475068663e-08,0.000000000000000000e+00,0.000000000000000000e+00,0.000000000000000000e+00,nan,nan,nan,nan,nan,nan,nan,nan,nan,nan,nan,nan,nan,nan,nan,nan,nan,nan,nan,nan,nan,nan,nan,nan,nan,nan,nan,nan,nan,nan,nan,nan,nan,nan,nan,nan,nan,nan,nan,nan,nan,nan,nan,nan,nan,nan,nan,nan,nan,nan
nan,nan,nan,nan,nan,nan,nan,nan,nan,nan,nan,nan,nan,nan,nan,nan,nan,nan,nan,nan,nan,nan,nan,nan,nan,nan,nan,nan,nan,nan,nan,nan,nan,nan,nan,nan,nan,nan,nan,nan,nan,nan,nan,nan,nan,nan,nan,nan,nan,nan,nan,nan,nan,nan,nan,nan,nan,nan,nan,nan,nan,nan,nan,nan,nan,nan,nan,nan,nan,nan,nan,nan,nan,nan,nan,nan,nan,nan,nan,nan,nan,nan,nan,nan,nan,nan,nan,nan,nan,nan,nan,nan,nan,nan,nan,nan,nan,nan,nan,nan,nan,nan,nan,nan,nan,nan,nan,nan,nan,nan,nan,nan,nan,nan,nan,nan,nan,nan,nan,nan,nan,nan,nan,nan,nan,nan,nan,nan,nan,nan,nan,nan,nan,nan,nan,nan,nan,nan,nan,nan,nan,nan,nan,nan,nan,nan,nan,nan,nan,nan,nan,nan,nan,nan,nan,nan,nan,0.000000000000000000e+00,0.000000000000000000e+00,nan,0.000000000000000000e+00,0.000000000000000000e+00,0.000000000000000000e+00,0.000000000000000000e+00,nan,nan,nan,nan,nan,nan,nan,nan,nan,nan,nan,nan,nan,nan,nan,nan,nan,nan,nan,nan,nan,nan,nan,nan,nan,nan,nan,nan,nan,nan,nan,nan,nan,nan,nan,nan,nan,nan,nan,nan,nan,nan,nan,nan,nan,nan,nan,nan,nan,nan,nan
nan,nan,nan,nan,nan,nan,nan,nan,nan,nan,nan,nan,nan,nan,nan,nan,nan,nan,nan,nan,nan,nan,nan,nan,nan,nan,nan,nan,nan,nan,nan,nan,nan,nan,nan,nan,nan,nan,nan,nan,nan,nan,nan,nan,nan,nan,nan,nan,nan,nan,nan,nan,nan,nan,nan,nan,nan,nan,nan,nan,nan,nan,nan,nan,nan,nan,nan,nan,nan,nan,nan,nan,nan,nan,nan,nan,nan,nan,nan,nan,nan,nan,nan,nan,nan,nan,nan,nan,nan,nan,nan,nan,nan,nan,nan,nan,nan,nan,nan,nan,nan,nan,nan,nan,nan,nan,nan,nan,nan,nan,nan,nan,nan,nan,nan,nan,nan,nan,nan,nan,nan,nan,nan,nan,nan,nan,nan,nan,nan,nan,nan,nan,nan,nan,nan,nan,nan,nan,nan,nan,nan,nan,nan,nan,nan,nan,nan,nan,nan,nan,nan,nan,nan,nan,nan,nan,0.000000000000000000e+00,nan,0.000000000000000000e+00,7.212880515083952560e-09,0.000000000000000000e+00,0.000000000000000000e+00,nan,nan,nan,nan,nan,nan,nan,nan,nan,nan,nan,nan,nan,nan,nan,nan,nan,nan,nan,nan,nan,nan,nan,nan,nan,nan,nan,nan,nan,nan,nan,nan,nan,nan,nan,nan,nan,nan,nan,nan,nan,nan,nan,nan,nan,nan,nan,nan,nan,nan,nan,nan,nan
nan,nan,nan,nan,nan,nan,nan,nan,nan,nan,nan,nan,nan,nan,nan,nan,nan,nan,nan,nan,nan,nan,nan,nan,nan,nan,nan,nan,nan,nan,nan,nan,nan,nan,nan,nan,nan,nan,nan,nan,nan,nan,nan,nan,nan,nan,nan,nan,nan,nan,nan,nan,nan,nan,nan,nan,nan,nan,nan,nan,nan,nan,nan,nan,nan,nan,nan,nan,nan,nan,nan,nan,nan,nan,nan,nan,nan,nan,nan,nan,nan,nan,nan,nan,nan,nan,nan,nan,nan,nan,nan,nan,nan,nan,nan,nan,nan,nan,nan,nan,nan,nan,nan,nan,nan,nan,nan,nan,nan,nan,nan,nan,nan,nan,nan,nan,nan,nan,nan,nan,nan,nan,nan,nan,nan,nan,nan,nan,nan,nan,nan,nan,nan,nan,nan,nan,nan,nan,nan,nan,nan,nan,nan,nan,nan,nan,nan,nan,nan,nan,nan,nan,nan,nan,1.394381854424864287e-07,nan,nan,0.000000000000000000e+00,0.000000000000000000e+00,0.000000000000000000e+00,nan,nan,nan,nan,nan,nan,nan,nan,nan,nan,nan,nan,nan,nan,nan,nan,nan,nan,nan,nan,nan,nan,nan,nan,nan,nan,nan,nan,nan,nan,nan,nan,nan,nan,nan,nan,nan,nan,nan,nan,nan,nan,nan,nan,nan,nan,nan,nan,nan,nan,nan,nan,nan,nan,nan
nan,nan,nan,nan,nan,nan,nan,nan,nan,nan,nan,nan,nan,nan,nan,nan,nan,nan,nan,nan,nan,nan,nan,nan,nan,nan,nan,nan,nan,nan,nan,nan,nan,nan,nan,nan,nan,nan,nan,nan,nan,nan,nan,nan,nan,nan,nan,nan,nan,nan,nan,nan,nan,nan,nan,nan,nan,nan,nan,nan,nan,nan,nan,nan,nan,nan,nan,nan,nan,nan,nan,nan,nan,nan,nan,nan,nan,nan,nan,nan,nan,nan,nan,nan,nan,nan,nan,nan,nan,nan,nan,nan,nan,nan,nan,nan,nan,nan,nan,nan,nan,nan,nan,nan,nan,nan,nan,nan,nan,nan,nan,nan,nan,nan,nan,nan,nan,nan,nan,nan,nan,nan,nan,nan,nan,nan,nan,nan,nan,nan,nan,nan,nan,nan,nan,nan,nan,nan,nan,nan,nan,nan,nan,nan,nan,nan,nan,nan,nan,0.000000000000000000e+00,nan,0.000000000000000000e+00,nan,nan,0.000000000000000000e+00,0.000000000000000000e+00,1.698761025181738660e-07,0.000000000000000000e+00,nan,nan,nan,nan,nan,nan,nan,nan,nan,nan,nan,nan,nan,nan,nan,nan,nan,nan,nan,nan,nan,nan,nan,nan,nan,nan,nan,nan,nan,nan,nan,nan,nan,nan,nan,nan,nan,nan,nan,nan,nan,nan,nan,nan,nan,nan,nan,nan,nan,nan,nan,nan,nan,nan,nan,nan,nan
nan,nan,nan,nan,nan,nan,nan,nan,nan,nan,nan,nan,nan,nan,nan,nan,nan,nan,nan,nan,nan,nan,nan,nan,nan,nan,nan,nan,nan,nan,nan,nan,nan,nan,nan,nan,nan,nan,nan,nan,nan,nan,nan,nan,nan,nan,nan,nan,nan,nan,nan,nan,nan,nan,nan,nan,nan,nan,nan,nan,nan,nan,nan,nan,nan,nan,nan,nan,nan,nan,nan,nan,nan,nan,nan,nan,nan,nan,nan,nan,nan,nan,nan,nan,nan,nan,nan,nan,nan,nan,nan,nan,nan,nan,nan,nan,nan,nan,nan,nan,nan,nan,nan,nan,nan,nan,nan,nan,nan,nan,nan,nan,nan,nan,nan,nan,nan,nan,nan,nan,nan,nan,nan,nan,nan,nan,nan,nan,0.000000000000000000e+00,nan,nan,nan,nan,nan,nan,nan,nan,nan,nan,nan,nan,nan,nan,nan,nan,nan,nan,nan,nan,1.040733650370384566e-07,0.000000000000000000e+00,0.000000000000000000e+00,0.000000000000000000e+00,0.000000000000000000e+00,0.000000000000000000e+00,0.000000000000000000e+00,nan,nan,nan,nan,nan,nan,nan,nan,nan,nan,nan,nan,nan,nan,nan,nan,nan,nan,nan,nan,nan,nan,nan,nan,nan,nan,nan,nan,nan,nan,nan,nan,nan,nan,nan,nan,nan,nan,nan,nan,nan,nan,nan,nan,nan,nan,nan,nan,nan,nan,nan,nan,nan,nan,nan,nan,nan,nan,nan
nan,nan,nan,nan,nan,nan,nan,nan,nan,nan,nan,nan,nan,nan,nan,nan,nan,nan,nan,nan,nan,nan,nan,nan,nan,nan,nan,nan,nan,nan,nan,nan,nan,nan,nan,nan,nan,nan,nan,nan,nan,nan,nan,nan,nan,nan,nan,nan,nan,nan,nan,nan,nan,nan,nan,nan,nan,nan,nan,nan,nan,nan,nan,nan,nan,nan,nan,nan,nan,nan,nan,nan,nan,nan,nan,nan,nan,nan,nan,nan,nan,nan,nan,nan,nan,nan,nan,nan,nan,nan,nan,nan,nan,nan,nan,nan,nan,nan,nan,nan,nan,nan,nan,nan,nan,nan,nan,nan,nan,nan,nan,nan,nan,nan,nan,nan,nan,nan,nan,nan,nan,nan,nan,nan,nan,1.572387873238767497e-07,0.000000000000000000e+00,0.000000000000000000e+00,0.000000000000000000e+00,nan,nan,nan,nan,nan,nan,nan,nan,nan,nan,nan,nan,nan,nan,nan,nan,0.000000000000000000e+00,0.000000000000000000e+00,nan,8.079988589315689751e-08,1.019956599179749901e-07,0.000000000000000000e+00,0.000000000000000000e+00,0.000000000000000000e+00,nan,nan,nan,nan,nan,nan,nan,nan,nan,nan,nan,nan,nan,nan,nan,nan,nan,nan,nan,nan,nan,nan,nan,nan,nan,nan,nan,nan,nan,nan,nan,nan,nan,nan,nan,nan,nan,nan,nan,nan,nan,nan,nan,nan,nan,nan,nan,nan,nan,nan,nan,nan,nan,nan,nan,nan,nan,nan,nan,nan,nan,nan
nan,nan,nan,nan,nan,nan,nan,nan,nan,nan,nan,nan,nan,nan,nan,nan,nan,nan,nan,nan,nan,nan,nan,nan,nan,nan,nan,nan,nan,nan,nan,nan,nan,nan,nan,nan,nan,nan,nan,nan,nan,nan,nan,nan,nan,nan,nan,nan,nan,nan,nan,nan,nan,nan,nan,nan,nan,nan,nan,nan,nan,nan,nan,nan,nan,nan,nan,nan,nan,nan,nan,nan,nan,nan,nan,nan,nan,nan,nan,nan,nan,nan,nan,nan,nan,nan,nan,nan,nan,nan,nan,nan,nan,nan,nan,nan,nan,nan,nan,nan,nan,nan,nan,nan,nan,nan,nan,nan,nan,nan,nan,nan,nan,nan,nan,nan,nan,nan,nan,nan,nan,nan,nan,nan,2.486823369451940380e-08,0.000000000000000000e+00,nan,nan,nan,nan,nan,nan,nan,nan,nan,nan,nan,nan,nan,nan,nan,nan,nan,nan,1.376048430756782182e-07,nan,nan,0.000000000000000000e+00,0.000000000000000000e+00,0.000000000000000000e+00,0.000000000000000000e+00,nan,nan,nan,nan,nan,nan,nan,nan,nan,nan,nan,nan,nan,nan,nan,nan,nan,nan,nan,nan,nan,nan,nan,nan,nan,nan,nan,nan,nan,nan,nan,nan,nan,nan,nan,nan,nan,nan,nan,nan,nan,nan,nan,nan,nan,nan,nan,nan,nan,nan,nan,nan,nan,nan,nan,nan,nan,nan,nan,nan,nan,nan,nan,nan
nan,nan,nan,nan,nan,nan,nan,nan,nan,nan,nan,nan,nan,nan,nan,nan,nan,nan,nan,nan,nan,nan,nan,nan,nan,nan,nan,nan,nan,nan,nan,nan,nan,nan,nan,nan,nan,nan,nan,nan,nan,nan,nan,nan,nan,nan,nan,nan,nan,nan,nan,nan,nan,nan,nan,nan,nan,nan,nan,nan,nan,nan,nan,nan,nan,nan,nan,nan,nan,nan,nan,nan,nan,nan,nan,nan,nan,nan,nan,nan,nan,nan,nan,nan,nan,nan,nan,nan,nan,nan,nan,nan,nan,nan,nan,nan,nan,nan,nan,nan,nan,nan,nan,nan,nan,nan,nan,nan,nan,nan,nan,nan,nan,nan,nan,nan,nan,nan,nan,nan,nan,nan,nan,nan,nan,nan,nan,nan,nan,nan,nan,nan,nan,nan,nan,nan,nan,nan,nan,7.520301892327552196e-08,nan,4.007964626850935019e-09,nan,2.823910882909785869e-08,nan,0.000000000000000000e+00,0.000000000000000000e+00,0.000000000000000000e+00,nan,nan,nan,nan,nan,nan,nan,nan,nan,nan,nan,nan,nan,nan,nan,nan,nan,nan,nan,nan,nan,nan,nan,nan,nan,nan,nan,nan,nan,nan,nan,nan,nan,nan,nan,nan,nan,nan,nan,nan,nan,nan,nan,nan,nan,nan,nan,nan,nan,nan,nan,nan,nan,nan,nan,nan,nan,nan,nan,nan,nan,nan,nan,nan,nan,nan,nan
nan,nan,nan,nan,nan,nan,nan,nan,nan,nan,nan,nan,nan,nan,nan,nan,nan,nan,nan,nan,nan,nan,nan,nan,nan,nan,nan,nan,nan,nan,nan,nan,nan,nan,nan,nan,nan,nan,nan,nan,nan,nan,nan,nan,nan,nan,nan,nan,nan,nan,nan,nan,nan,nan,nan,nan,nan,nan,nan,nan,nan,nan,nan,nan,nan,nan,nan,nan,nan,nan,nan,nan,nan,nan,nan,nan,nan,nan,nan,nan,nan,nan,nan,nan,nan,nan,nan,nan,nan,nan,nan,nan,nan,nan,nan,nan,nan,nan,nan,nan,nan,nan,nan,nan,nan,nan,nan,nan,nan,nan,nan,nan,nan,nan,nan,nan,nan,nan,nan,nan,nan,nan,nan,nan,nan,nan,nan,nan,nan,nan,nan,nan,nan,nan,nan,0.000000000000000000e+00,2.570034496329753892e-08,nan,0.000000000000000000e+00,5.948953329948380997e-08,0.000000000000000000e+00,0.000000000000000000e+00,0.000000000000000000e+00,3.101613543776693405e-08,0.000000000000000000e+00,nan,nan,nan,nan,nan,nan,nan,nan,nan,nan,nan,nan,nan,nan,nan,nan,nan,nan,nan,nan,nan,nan,nan,nan,nan,nan,nan,nan,nan,nan,nan,nan,nan,nan,nan,nan,nan,nan,nan,nan,nan,nan,nan,nan,nan,nan,nan,nan,nan,nan,nan,nan,nan,nan,nan,nan,nan,nan,nan,nan,nan,nan,nan,nan,nan,nan,nan,nan,nan,nan
nan,nan,nan,nan,nan,nan,nan,nan,nan,nan,nan,nan,nan,nan,nan,nan,nan,nan,nan,nan,nan,nan,nan,nan,nan,nan,nan,nan,nan,nan,nan,nan,nan,nan,nan,nan,nan,nan,nan,nan,nan,nan,nan,nan,nan,nan,nan,nan,nan,nan,nan,nan,nan,nan,nan,nan,nan,nan,nan,nan,nan,nan,nan,nan,nan,nan,nan,nan,nan,nan,nan,nan,nan,nan,nan,nan,nan,nan,nan,nan,nan,nan,nan,nan,nan,nan,nan,nan,nan,nan,nan,nan,nan,nan,nan,nan,nan,nan,nan,nan,nan,nan,nan,nan,nan,nan,nan,nan,nan,nan,nan,nan,nan,nan,nan,nan,nan,nan,nan,nan,nan,nan,nan,nan,nan,nan,nan,nan,nan,nan,nan,nan,0.000000000000000000e+00,nan,nan,0.000000000000000000e+00,nan,0.000000000000000000e+00,0.000000000000000000e+00,0.000000000000000000e+00,0.000000000000000000e+00,0.000000000000000000e+00,nan,nan,nan,nan,nan,nan,nan,nan,nan,nan,nan,nan,nan,nan,nan,nan,nan,nan,nan,nan,nan,nan,nan,nan,nan,nan,nan,nan,nan,nan,nan,nan,nan,nan,nan,nan,nan,nan,nan,nan,nan,nan,nan,nan,nan,nan,nan,nan,nan,nan,nan,nan,nan,nan,nan,nan,nan,nan,nan,nan,nan,nan,nan,nan,nan,nan,nan,nan,nan,nan,nan,nan,nan
nan,nan,nan,nan,nan,nan,nan,nan,nan,nan,nan,nan,nan,nan,nan,nan,nan,nan,nan,nan,nan,nan,nan,nan,nan,nan,nan,nan,nan,nan,nan,nan,nan,nan,nan,nan,nan,nan,nan,nan,nan,nan,nan,nan,nan,nan,nan,nan,nan,nan,nan,nan,nan,nan,nan,nan,nan,nan,nan,nan,nan,nan,nan,nan,nan,nan,nan,nan,nan,nan,nan,nan,nan,nan,nan,nan,nan,nan,nan,nan,nan,nan,nan,nan,nan,nan,nan,nan,nan,nan,nan,nan,nan,nan,nan,nan,nan,nan,nan,nan,nan,nan,nan,nan,nan,nan,nan,nan,nan,nan,nan,nan,nan,nan,nan,nan,nan,nan,nan,nan,nan,nan,nan,nan,nan,nan,nan,nan,nan,nan,nan,nan,1.222979335580021143e-07,0.000000000000000000e+00,0.000000000000000000e+00,0.000000000000000000e+00,0.000000000000000000e+00,0.000000000000000000e+00,nan,nan,nan,nan,nan,nan,nan,nan,nan,nan,nan,nan,nan,nan,nan,nan,nan,nan,nan,nan,nan,nan,nan,nan,nan,nan,nan,nan,nan,nan,nan,nan,nan,nan,nan,nan,nan,nan,nan,nan,nan,nan,nan,nan,nan,nan,nan,nan,nan,nan,nan,nan,nan,nan,nan,nan,nan,nan,nan,nan,nan,nan,nan,nan,nan,nan,nan,nan,nan,nan,nan,nan,nan,nan,nan,nan,nan
nan,nan,nan,nan,nan,nan,nan,nan,nan,nan,nan,nan,nan,nan,nan,nan,nan,nan,nan,nan,nan,nan,nan,nan,nan,nan,nan,nan,nan,nan,nan,nan,nan,nan,nan,nan,nan,nan,nan,nan,nan,nan,nan,nan,nan,nan,nan,nan,nan,nan,nan,nan,nan,nan,nan,nan,nan,nan,nan,nan,nan,nan,nan,nan,nan,nan,nan,nan,nan,nan,nan,nan,nan,nan,nan,nan,nan,nan,nan,nan,nan,nan,nan,nan,nan,nan,nan,nan,nan,nan,nan,nan,nan,nan,nan,nan,nan,nan,nan,nan,nan,nan,nan,nan,nan,nan,nan,nan,nan,nan,nan,nan,nan,nan,nan,nan,nan,nan,nan,nan,nan,nan,nan,nan,nan,nan,nan,nan,nan,nan,nan,0.000000000000000000e+00,0.000000000000000000e+00,nan,nan,nan,nan,nan,nan,nan,nan,nan,nan,nan,nan,nan,nan,nan,nan,nan,nan,nan,nan,nan,nan,nan,nan,nan,nan,nan,nan,nan,nan,nan,nan,nan,nan,nan,nan,nan,nan,nan,nan,nan,nan,nan,nan,nan,nan,nan,nan,nan,nan,nan,nan,nan,nan,nan,nan,nan,nan,nan,nan,nan,nan,nan,nan,nan,nan,nan,nan,nan,nan,nan,nan,nan,nan,nan,nan,nan,nan,nan,nan,nan,nan
nan,nan,nan,nan,nan,nan,nan,nan,nan,nan,nan,nan,nan,nan,nan,nan,nan,nan,nan,nan,nan,nan,nan,nan,nan,nan,nan,nan,nan,nan,nan,nan,nan,nan,nan,nan,nan,nan,nan,nan,nan,nan,nan,nan,nan,nan,nan,nan,nan,nan,nan,nan,nan,nan,nan,nan,nan,nan,nan,nan,nan,nan,nan,nan,nan,nan,nan,nan,nan,nan,nan,nan,nan,nan,nan,nan,nan,nan,nan,nan,nan,nan,nan,nan,nan,nan,nan,nan,nan,nan,nan,nan,nan,nan,nan,nan,nan,nan,nan,nan,nan,nan,nan,nan,nan,nan,nan,nan,nan,nan,nan,nan,nan,nan,nan,nan,nan,nan,nan,nan,nan,nan,nan,nan,nan,nan,nan,nan,nan,nan,nan,nan,nan,nan,nan,nan,nan,nan,nan,nan,nan,nan,nan,nan,nan,nan,nan,nan,nan,nan,nan,nan,nan,nan,nan,nan,nan,nan,nan,nan,nan,nan,nan,nan,nan,nan,nan,nan,nan,nan,nan,nan,nan,nan,nan,nan,nan,nan,nan,nan,nan,nan,nan,nan,nan,nan,nan,nan,nan,nan,nan,nan,nan,nan,nan,nan,nan,nan,nan,nan,nan,nan,nan,nan,nan,nan,nan,nan,nan,nan,nan,nan,nan,nan,nan
